id,property_incident_id,subject_id,relationship,data,created_at,updated_at
1,5411,68,mentioned_in,{},2026-07-13 14:11:03 -0400,2026-07-13 14:11:03 -0400
2,5412,98,operated_at,{},2026-07-13 14:11:03 -0400,2026-07-13 14:11:03 -0400
3,5412,99,founded,{},2026-07-13 14:11:03 -0400,2026-07-13 14:11:03 -0400
4,5412,100,mentioned_in,{},2026-07-13 14:11:03 -0400,2026-07-13 14:11:03 -0400
5,5412,101,worked_at,{},2026-07-13 14:11:03 -0400,2026-07-13 14:11:03 -0400
6,5642,99,mentioned_in,{},2026-07-13 14:11:03 -0400,2026-07-13 14:11:03 -0400
7,5642,98,mentioned_in,{},2026-07-13 14:11:03 -0400,2026-07-13 14:11:03 -0400
8,5642,102,attended,{},2026-07-13 14:11:03 -0400,2026-07-13 14:11:03 -0400
9,5642,103,member_of,{},2026-07-13 14:11:03 -0400,2026-07-13 14:11:03 -0400
10,5642,100,mentioned_in,{},2026-07-13 14:11:03 -0400,2026-07-13 14:11:03 -0400
11,5642,104,mentioned_in,{},2026-07-13 14:11:03 -0400,2026-07-13 14:11:03 -0400
12,5642,105,mentioned_in,{},2026-07-13 14:11:03 -0400,2026-07-13 14:11:03 -0400
13,5483,98,sold,{},2026-07-13 14:11:03 -0400,2026-07-13 14:11:03 -0400
14,5483,106,purchased,{},2026-07-13 14:11:03 -0400,2026-07-13 14:11:03 -0400
15,5483,107,purchased,{},2026-07-13 14:11:03 -0400,2026-07-13 14:11:03 -0400
16,5644,101,operated_at,"{""source_relationship"":""operated""}",2026-07-13 14:11:03 -0400,2026-07-22 18:34:14 -0400
17,5644,98,operated_at,{},2026-07-13 14:11:03 -0400,2026-07-13 14:11:03 -0400
18,5644,99,mentioned_in,{},2026-07-13 14:11:04 -0400,2026-07-13 14:11:04 -0400
19,5644,108,mentioned_in,{},2026-07-13 14:11:04 -0400,2026-07-13 14:11:04 -0400
20,5644,109,mentioned_in,{},2026-07-13 14:11:04 -0400,2026-07-13 14:11:04 -0400
21,5644,110,mentioned_in,{},2026-07-13 14:11:04 -0400,2026-07-13 14:11:04 -0400
22,5644,111,mentioned_in,{},2026-07-13 14:11:04 -0400,2026-07-13 14:11:04 -0400
23,5644,112,founded,{},2026-07-13 14:11:04 -0400,2026-07-13 14:11:04 -0400
24,5484,98,operated_at,"{""source_relationship"":""formerly_operated_at""}",2026-07-13 14:11:04 -0400,2026-07-22 18:36:32 -0400
25,5484,113,operated_at,{},2026-07-13 14:11:04 -0400,2026-07-13 14:11:04 -0400
26,5484,114,founded,{},2026-07-13 14:11:04 -0400,2026-07-13 14:11:04 -0400
27,5484,115,founded,{},2026-07-13 14:11:04 -0400,2026-07-13 14:11:04 -0400
28,5484,116,operated_at,{},2026-07-13 14:11:04 -0400,2026-07-13 14:11:04 -0400
29,5484,117,operated_at,"{""source_relationship"":""operated""}",2026-07-13 14:11:04 -0400,2026-07-22 18:34:14 -0400
30,5484,118,operated_at,"{""source_relationship"":""operated""}",2026-07-13 14:11:04 -0400,2026-07-22 18:34:14 -0400
31,5484,119,operated_at,{},2026-07-13 14:11:04 -0400,2026-07-13 14:11:04 -0400
32,5484,120,operated_at,{},2026-07-13 14:11:04 -0400,2026-07-13 14:11:04 -0400
33,5484,121,operated_at,{},2026-07-13 14:11:04 -0400,2026-07-13 14:11:04 -0400
34,5484,122,applied_for,"{""source_relationship"":""proposed_redevelopment_of""}",2026-07-13 14:11:04 -0400,2026-07-22 18:34:26 -0400
35,5413,68,mentioned_in,{},2026-07-13 14:11:14 -0400,2026-07-13 14:11:14 -0400
37,5414,123,operated_at,"{""source_relationship"":""operated""}",2026-07-13 14:11:14 -0400,2026-07-22 18:34:14 -0400
38,5414,124,operated_at,"{""source_relationship"":""operated""}",2026-07-13 14:11:14 -0400,2026-07-22 18:34:14 -0400
39,5414,125,operated_at,"{""source_relationship"":""operated""}",2026-07-13 14:11:14 -0400,2026-07-22 18:34:15 -0400
40,5414,126,operated_at,"{""source_relationship"":""operated""}",2026-07-13 14:11:14 -0400,2026-07-22 18:34:15 -0400
41,5414,127,operated_at,"{""source_relationship"":""operated""}",2026-07-13 14:11:14 -0400,2026-07-22 18:34:15 -0400
42,10604,68,mentioned_in,{},2026-07-13 14:11:14 -0400,2026-07-13 14:11:14 -0400
43,5487,128,owned,{},2026-07-13 14:11:15 -0400,2026-07-13 14:11:15 -0400
44,5487,129,operated_at,"{""source_relationship"":""operated""}",2026-07-13 14:11:15 -0400,2026-07-22 18:34:15 -0400
45,5487,130,owned,{},2026-07-13 14:11:15 -0400,2026-07-13 14:11:15 -0400
46,5487,131,owned,{},2026-07-13 14:11:15 -0400,2026-07-13 14:11:15 -0400
47,5487,132,owned,{},2026-07-13 14:11:15 -0400,2026-07-13 14:11:15 -0400
48,5487,133,owned,{},2026-07-13 14:11:15 -0400,2026-07-13 14:11:15 -0400
49,5487,134,owned,{},2026-07-13 14:11:15 -0400,2026-07-13 14:11:15 -0400
50,5487,135,owned,{},2026-07-13 14:11:15 -0400,2026-07-13 14:11:15 -0400
51,5487,136,owned,{},2026-07-13 14:11:15 -0400,2026-07-13 14:11:15 -0400
52,5487,137,owned,{},2026-07-13 14:11:15 -0400,2026-07-13 14:11:15 -0400
53,5487,138,owned,{},2026-07-13 14:11:15 -0400,2026-07-13 14:11:15 -0400
54,5487,139,owned,{},2026-07-13 14:11:15 -0400,2026-07-13 14:11:15 -0400
55,6695,137,sold,{},2026-07-13 14:11:15 -0400,2026-07-13 14:11:15 -0400
56,6696,138,sold,{},2026-07-13 14:11:15 -0400,2026-07-13 14:11:15 -0400
57,6697,139,owned,{},2026-07-13 14:11:15 -0400,2026-07-13 14:11:15 -0400
58,5415,68,mentioned_in,{},2026-07-13 14:11:22 -0400,2026-07-13 14:11:22 -0400
60,5416,132,operated_at,{},2026-07-13 14:11:22 -0400,2026-07-13 14:11:22 -0400
61,5490,140,owned,{},2026-07-13 14:11:22 -0400,2026-07-13 14:11:22 -0400
62,5490,141,owned,{},2026-07-13 14:11:22 -0400,2026-07-13 14:11:22 -0400
63,5490,142,foreclosed_on,{},2026-07-13 14:11:22 -0400,2026-07-13 14:11:22 -0400
64,5490,143,owned,{},2026-07-13 14:11:22 -0400,2026-07-13 14:11:22 -0400
65,6698,141,purchased,{},2026-07-13 14:11:22 -0400,2026-07-13 14:11:22 -0400
66,6699,142,sold,{},2026-07-13 14:11:22 -0400,2026-07-13 14:11:22 -0400
67,6700,143,purchased,{},2026-07-13 14:11:22 -0400,2026-07-13 14:11:22 -0400
68,5417,68,mentioned_in,{},2026-07-13 14:11:29 -0400,2026-07-13 14:11:29 -0400
70,5494,18,mentioned_in,{},2026-07-13 14:11:29 -0400,2026-07-13 14:11:29 -0400
71,5494,145,owned,{},2026-07-13 14:11:30 -0400,2026-07-13 14:11:30 -0400
72,5494,146,owned,{},2026-07-13 14:11:30 -0400,2026-07-13 14:11:30 -0400
73,5494,147,owned,{},2026-07-13 14:11:30 -0400,2026-07-13 14:11:30 -0400
74,5494,148,owned,{},2026-07-13 14:11:30 -0400,2026-07-13 14:11:30 -0400
75,5494,149,owned,{},2026-07-13 14:11:30 -0400,2026-07-13 14:11:30 -0400
76,5493,149,owned,{},2026-07-13 14:11:30 -0400,2026-07-13 14:11:30 -0400
77,5419,68,mentioned_in,{},2026-07-13 14:11:39 -0400,2026-07-13 14:11:39 -0400
79,5420,98,operated_at,{},2026-07-13 14:11:39 -0400,2026-07-13 14:11:39 -0400
80,5420,99,mentioned_in,{},2026-07-13 14:11:39 -0400,2026-07-13 14:11:39 -0400
81,5497,108,owned,{},2026-07-13 14:11:39 -0400,2026-07-13 14:11:39 -0400
82,5497,110,owned,{},2026-07-13 14:11:39 -0400,2026-07-13 14:11:39 -0400
83,5497,109,owned,{},2026-07-13 14:11:40 -0400,2026-07-13 14:11:40 -0400
84,5497,101,owned,{},2026-07-13 14:11:40 -0400,2026-07-13 14:11:40 -0400
85,5497,98,owned,{},2026-07-13 14:11:40 -0400,2026-07-13 14:11:40 -0400
86,5497,141,owned,{},2026-07-13 14:11:40 -0400,2026-07-13 14:11:40 -0400
87,5497,122,purchased,"{""source_relationship"":""acquired""}",2026-07-13 14:11:40 -0400,2026-07-22 18:37:08 -0400
88,5497,1,purchased,"{""source_relationship"":""acquired""}",2026-07-13 14:11:40 -0400,2026-07-22 18:37:08 -0400
89,5010,1,purchased,"{""source_relationship"":""acquired""}",2026-07-13 14:11:40 -0400,2026-07-22 18:37:09 -0400
90,5421,68,mentioned_in,{},2026-07-13 14:11:45 -0400,2026-07-13 14:11:45 -0400
91,5422,84,operated_at,"{""source_relationship"":""operated""}",2026-07-13 14:11:45 -0400,2026-07-22 18:34:15 -0400
92,5500,150,owned,{},2026-07-13 14:11:45 -0400,2026-07-13 14:11:45 -0400
93,5500,151,owned,{},2026-07-13 14:11:45 -0400,2026-07-13 14:11:45 -0400
94,5500,152,purchased,"{""source_relationship"":""acquired_via_condemnation""}",2026-07-13 14:11:45 -0400,2026-07-22 18:35:07 -0400
95,5423,68,mentioned_in,{},2026-07-13 14:11:49 -0400,2026-07-13 14:11:49 -0400
96,5425,68,mentioned_in,{},2026-07-13 14:11:53 -0400,2026-07-13 14:11:53 -0400
97,5503,152,purchased,"{""source_relationship"":""received_deed""}",2026-07-13 14:11:53 -0400,2026-07-22 18:38:15 -0400
98,5427,68,mentioned_in,{},2026-07-13 14:11:57 -0400,2026-07-13 14:11:57 -0400
99,5428,46,mentioned_in,{},2026-07-13 14:11:57 -0400,2026-07-13 14:11:57 -0400
100,5429,68,mentioned_in,{},2026-07-13 14:12:01 -0400,2026-07-13 14:12:01 -0400
101,5506,152,mentioned_in,{},2026-07-13 14:12:01 -0400,2026-07-13 14:12:01 -0400
102,5431,68,mentioned_in,{},2026-07-13 14:12:05 -0400,2026-07-13 14:12:05 -0400
103,10622,68,depicted_in,"{""source_relationship"":""depicted_on""}",2026-07-13 14:12:05 -0400,2026-07-22 18:35:03 -0400
104,5433,68,mentioned_in,{},2026-07-13 14:12:10 -0400,2026-07-13 14:12:10 -0400
106,5434,153,lived_at,{},2026-07-13 14:12:10 -0400,2026-07-13 14:12:10 -0400
107,5434,154,lived_at,{},2026-07-13 14:12:10 -0400,2026-07-13 14:12:10 -0400
108,5434,155,lived_at,{},2026-07-13 14:12:10 -0400,2026-07-13 14:12:10 -0400
109,5509,152,owned,{},2026-07-13 14:12:10 -0400,2026-07-13 14:12:10 -0400
110,5509,156,owned,{},2026-07-13 14:12:10 -0400,2026-07-13 14:12:10 -0400
111,5435,68,mentioned_in,{},2026-07-13 14:12:14 -0400,2026-07-13 14:12:14 -0400
112,5437,68,mentioned_in,{},2026-07-13 14:12:21 -0400,2026-07-13 14:12:21 -0400
113,5438,157,lived_at,{},2026-07-13 14:12:21 -0400,2026-07-13 14:12:21 -0400
114,5438,158,worked_at,{},2026-07-13 14:12:21 -0400,2026-07-13 14:12:21 -0400
115,5438,159,worked_at,{},2026-07-13 14:12:21 -0400,2026-07-13 14:12:21 -0400
116,5512,160,owned,{},2026-07-13 14:12:21 -0400,2026-07-13 14:12:21 -0400
117,5512,161,owned,{},2026-07-13 14:12:21 -0400,2026-07-13 14:12:21 -0400
118,5512,152,owned,{},2026-07-13 14:12:21 -0400,2026-07-13 14:12:21 -0400
119,5512,162,owned,{},2026-07-13 14:12:21 -0400,2026-07-13 14:12:21 -0400
120,5512,163,owned,{},2026-07-13 14:12:21 -0400,2026-07-13 14:12:21 -0400
121,5439,68,mentioned_in,{},2026-07-13 14:12:24 -0400,2026-07-13 14:12:24 -0400
122,5441,68,mentioned_in,{},2026-07-13 14:12:29 -0400,2026-07-13 14:12:29 -0400
123,5515,163,mentioned_in,{},2026-07-13 14:12:30 -0400,2026-07-13 14:12:30 -0400
124,5515,162,mentioned_in,{},2026-07-13 14:12:30 -0400,2026-07-13 14:12:30 -0400
125,5443,68,mentioned_in,{},2026-07-13 14:12:34 -0400,2026-07-13 14:12:34 -0400
126,5444,20,mentioned_in,{},2026-07-13 14:12:34 -0400,2026-07-13 14:12:34 -0400
127,5445,68,mentioned_in,{},2026-07-13 14:12:39 -0400,2026-07-13 14:12:39 -0400
128,5518,163,mentioned_in,{},2026-07-13 14:12:39 -0400,2026-07-13 14:12:39 -0400
129,5518,162,mentioned_in,{},2026-07-13 14:12:39 -0400,2026-07-13 14:12:39 -0400
130,5447,68,mentioned_in,{},2026-07-13 14:12:45 -0400,2026-07-13 14:12:45 -0400
131,5448,57,mentioned_in,{},2026-07-13 14:12:45 -0400,2026-07-13 14:12:45 -0400
132,5521,152,sold,{},2026-07-13 14:12:45 -0400,2026-07-13 14:12:45 -0400
133,5521,163,mentioned_in,{},2026-07-13 14:12:45 -0400,2026-07-13 14:12:45 -0400
134,5449,68,mentioned_in,{},2026-07-13 14:12:50 -0400,2026-07-13 14:12:50 -0400
136,5450,164,operated_at,"{""source_relationship"":""operated""}",2026-07-13 14:12:50 -0400,2026-07-22 18:34:15 -0400
137,5450,165,worked_at,{},2026-07-13 14:12:50 -0400,2026-07-13 14:12:50 -0400
138,5524,166,owned,{},2026-07-13 14:12:51 -0400,2026-07-13 14:12:51 -0400
139,5524,167,owned,{},2026-07-13 14:12:51 -0400,2026-07-13 14:12:51 -0400
140,5524,168,owned,{},2026-07-13 14:12:51 -0400,2026-07-13 14:12:51 -0400
141,5524,169,owned,{},2026-07-13 14:12:51 -0400,2026-07-13 14:12:51 -0400
142,5524,170,owned,{},2026-07-13 14:12:51 -0400,2026-07-13 14:12:51 -0400
143,5524,171,owned,{},2026-07-13 14:12:51 -0400,2026-07-13 14:12:51 -0400
144,4994,172,listed_in,"{""source_relationship"":""listed_as_agent_for_sale""}",2026-07-13 14:13:03 -0400,2026-07-22 18:35:02 -0400
145,5451,68,mentioned_in,{},2026-07-13 14:13:03 -0400,2026-07-13 14:13:03 -0400
146,5452,173,operated_at,"{""source_relationship"":""operated_produce_business_at""}",2026-07-13 14:13:04 -0400,2026-07-22 18:37:22 -0400
147,5527,174,owned,{},2026-07-13 14:13:04 -0400,2026-07-13 14:13:04 -0400
148,5527,175,owned,{},2026-07-13 14:13:04 -0400,2026-07-13 14:13:04 -0400
149,5527,176,owned,{},2026-07-13 14:13:04 -0400,2026-07-13 14:13:04 -0400
150,5527,152,purchased,"{""source_relationship"":""acquired_via_tax_foreclosure""}",2026-07-13 14:13:04 -0400,2026-07-22 18:40:04 -0400
151,5050,174,sold,"{""source_relationship"":""conveyed_property""}",2026-07-13 14:13:04 -0400,2026-07-22 18:36:46 -0400
152,5050,175,purchased,"{""source_relationship"":""acquired_property""}",2026-07-13 14:13:04 -0400,2026-07-22 18:33:45 -0400
153,5050,177,partner_in_acquiring_entity,{},2026-07-13 14:13:04 -0400,2026-07-13 14:13:04 -0400
154,5050,178,partner_in_acquiring_entity,{},2026-07-13 14:13:04 -0400,2026-07-13 14:13:04 -0400
155,5051,175,sold,"{""source_relationship"":""conveyed_property""}",2026-07-13 14:13:04 -0400,2026-07-22 18:36:47 -0400
156,5051,178,sold,"{""source_relationship"":""conveyed_property""}",2026-07-13 14:13:04 -0400,2026-07-22 18:36:47 -0400
157,5051,176,purchased,"{""source_relationship"":""acquired_property""}",2026-07-13 14:13:04 -0400,2026-07-22 18:33:45 -0400
158,6722,176,purchased,{},2026-07-13 14:13:04 -0400,2026-07-13 14:13:04 -0400
159,5052,152,purchased,"{""source_relationship"":""acquired_via_tax_foreclosure""}",2026-07-13 14:13:04 -0400,2026-07-22 18:40:04 -0400
160,5052,1,purchased,"{""source_relationship"":""acquired_from_state""}",2026-07-13 14:13:04 -0400,2026-07-22 18:37:35 -0400
161,6723,152,purchased,"{""source_relationship"":""acquired_via_tax_foreclosure""}",2026-07-13 14:13:04 -0400,2026-07-22 18:40:05 -0400
162,6724,1,purchased,{},2026-07-13 14:13:04 -0400,2026-07-13 14:13:04 -0400
163,5011,1,purchased,"{""source_relationship"":""acquired_property""}",2026-07-13 14:13:04 -0400,2026-07-22 18:33:45 -0400
164,4991,68,location_of_incident,{},2026-07-13 14:13:13 -0400,2026-07-13 14:13:13 -0400
165,4991,179,died_at,{},2026-07-13 14:13:14 -0400,2026-07-13 14:13:14 -0400
166,4991,180,died_at,"{""source_relationship"":""examined_deceased""}",2026-07-13 14:13:14 -0400,2026-07-22 18:35:00 -0400
167,4991,181,mentioned_in,{},2026-07-13 14:13:14 -0400,2026-07-13 14:13:14 -0400
168,5453,68,mentioned_in,{},2026-07-13 14:13:14 -0400,2026-07-13 14:13:14 -0400
169,4992,182,subject_of,"{""source_relationship"":""obituary_subject""}",2026-07-13 14:13:14 -0400,2026-07-22 18:37:28 -0400
170,4992,183,mentioned_in,{},2026-07-13 14:13:14 -0400,2026-07-13 14:13:14 -0400
171,4992,184,lived_at,"{""source_relationship"":""resided_at""}",2026-07-13 14:13:14 -0400,2026-07-22 18:36:56 -0400
172,5454,184,lived_at,"{""source_relationship"":""resided_at""}",2026-07-13 14:13:14 -0400,2026-07-22 18:36:56 -0400
173,4993,185,listed_in,"{""source_relationship"":""listed_rental_at""}",2026-07-13 14:13:14 -0400,2026-07-22 18:36:34 -0400
174,5530,162,owned,"{""source_relationship"":""held_as_part_of_assemblage""}",2026-07-13 14:13:14 -0400,2026-07-22 18:34:39 -0400
175,5530,163,owned,"{""source_relationship"":""held_as_part_of_assemblage""}",2026-07-13 14:13:14 -0400,2026-07-22 18:34:39 -0400
176,5530,122,mentioned_in,{},2026-07-13 14:13:14 -0400,2026-07-13 14:13:14 -0400
177,5530,1,mentioned_in,{},2026-07-13 14:13:14 -0400,2026-07-13 14:13:14 -0400
178,5013,1,purchased,"{""source_relationship"":""acquired""}",2026-07-13 14:13:14 -0400,2026-07-22 18:37:09 -0400
179,5012,1,purchased,"{""source_relationship"":""acquired""}",2026-07-13 14:13:14 -0400,2026-07-22 18:37:09 -0400
180,4995,186,died_at,{},2026-07-13 14:13:31 -0400,2026-07-13 14:13:31 -0400
181,4995,187,mentioned_in,{},2026-07-13 14:13:31 -0400,2026-07-13 14:13:31 -0400
182,5455,68,mentioned_in,{},2026-07-13 14:13:31 -0400,2026-07-13 14:13:31 -0400
183,5456,187,operated_at,"{""source_relationship"":""operated""}",2026-07-13 14:13:31 -0400,2026-07-22 18:34:16 -0400
184,4996,188,lived_at,{},2026-07-13 14:13:31 -0400,2026-07-13 14:13:31 -0400
185,5533,189,owned,{},2026-07-13 14:13:31 -0400,2026-07-13 14:13:31 -0400
186,5533,190,owned,{},2026-07-13 14:13:31 -0400,2026-07-13 14:13:31 -0400
187,5533,191,owned,{},2026-07-13 14:13:31 -0400,2026-07-13 14:13:31 -0400
188,5533,192,owned,{},2026-07-13 14:13:32 -0400,2026-07-13 14:13:32 -0400
189,5533,193,owned,{},2026-07-13 14:13:32 -0400,2026-07-13 14:13:32 -0400
190,5533,194,owned,{},2026-07-13 14:13:32 -0400,2026-07-13 14:13:32 -0400
191,5533,195,owned,{},2026-07-13 14:13:32 -0400,2026-07-13 14:13:32 -0400
192,5533,196,owned,{},2026-07-13 14:13:32 -0400,2026-07-13 14:13:32 -0400
193,5533,197,owned,{},2026-07-13 14:13:32 -0400,2026-07-13 14:13:32 -0400
194,5533,198,owned,{},2026-07-13 14:13:32 -0400,2026-07-13 14:13:32 -0400
195,5533,199,owned,{},2026-07-13 14:13:32 -0400,2026-07-13 14:13:32 -0400
196,5533,152,owned,{},2026-07-13 14:13:32 -0400,2026-07-13 14:13:32 -0400
197,5533,122,currently_at,{},2026-07-13 14:13:32 -0400,2026-07-13 14:13:32 -0400
198,5054,189,sold,{},2026-07-13 14:13:32 -0400,2026-07-13 14:13:32 -0400
199,5054,190,sold,{},2026-07-13 14:13:32 -0400,2026-07-13 14:13:32 -0400
200,5054,191,purchased,{},2026-07-13 14:13:32 -0400,2026-07-13 14:13:32 -0400
201,5054,192,purchased,{},2026-07-13 14:13:32 -0400,2026-07-13 14:13:32 -0400
202,5055,191,sold,{},2026-07-13 14:13:32 -0400,2026-07-13 14:13:32 -0400
203,5055,192,sold,{},2026-07-13 14:13:32 -0400,2026-07-13 14:13:32 -0400
204,5055,193,purchased,{},2026-07-13 14:13:32 -0400,2026-07-13 14:13:32 -0400
205,5056,195,sold,{},2026-07-13 14:13:32 -0400,2026-07-13 14:13:32 -0400
206,5056,196,purchased,{},2026-07-13 14:13:32 -0400,2026-07-13 14:13:32 -0400
207,5056,193,owned,"{""source_relationship"":""previously_owned""}",2026-07-13 14:13:32 -0400,2026-07-22 18:36:20 -0400
208,5056,194,owned,"{""source_relationship"":""previously_owned""}",2026-07-13 14:13:32 -0400,2026-07-22 18:36:20 -0400
209,5057,196,sold,{},2026-07-13 14:13:32 -0400,2026-07-13 14:13:32 -0400
210,5057,197,purchased,{},2026-07-13 14:13:32 -0400,2026-07-13 14:13:32 -0400
211,5058,197,sold,{},2026-07-13 14:13:32 -0400,2026-07-13 14:13:32 -0400
212,5058,198,purchased,{},2026-07-13 14:13:32 -0400,2026-07-13 14:13:32 -0400
213,5059,199,purchased,{},2026-07-13 14:13:32 -0400,2026-07-13 14:13:32 -0400
214,5060,199,foreclosed_on,"{""source_relationship"":""lost_via_foreclosure""}",2026-07-13 14:13:32 -0400,2026-07-22 18:34:31 -0400
215,5060,152,purchased,"{""source_relationship"":""acquired_via_foreclosure""}",2026-07-13 14:13:32 -0400,2026-07-22 18:40:06 -0400
216,5060,1,mentioned_in,{},2026-07-13 14:13:32 -0400,2026-07-13 14:13:32 -0400
217,5457,68,mentioned_in,{},2026-07-13 14:13:37 -0400,2026-07-13 14:13:37 -0400
219,5536,200,owned,{},2026-07-13 14:13:37 -0400,2026-07-13 14:13:37 -0400
220,5536,201,owned,{},2026-07-13 14:13:37 -0400,2026-07-13 14:13:37 -0400
221,5459,68,mentioned_in,{},2026-07-13 14:13:53 -0400,2026-07-13 14:13:53 -0400
223,4997,202,lived_at,{},2026-07-13 14:13:53 -0400,2026-07-13 14:13:53 -0400
224,5001,202,lived_at,{},2026-07-13 14:13:53 -0400,2026-07-13 14:13:53 -0400
225,5001,203,mentioned_in,{},2026-07-13 14:13:53 -0400,2026-07-13 14:13:53 -0400
226,5460,204,operated_at,{},2026-07-13 14:13:53 -0400,2026-07-13 14:13:53 -0400
227,5539,205,owned,{},2026-07-13 14:13:53 -0400,2026-07-13 14:13:53 -0400
228,5539,206,owned,{},2026-07-13 14:13:53 -0400,2026-07-13 14:13:53 -0400
229,5539,207,owned,{},2026-07-13 14:13:53 -0400,2026-07-13 14:13:53 -0400
230,5539,208,owned,{},2026-07-13 14:13:53 -0400,2026-07-13 14:13:53 -0400
231,5539,209,owned,{},2026-07-13 14:13:53 -0400,2026-07-13 14:13:53 -0400
232,5539,210,owned,{},2026-07-13 14:13:53 -0400,2026-07-13 14:13:53 -0400
233,5615,205,operated_at,{},2026-07-13 14:13:53 -0400,2026-07-13 14:13:53 -0400
234,5615,68,mentioned_in,{},2026-07-13 14:13:53 -0400,2026-07-13 14:13:53 -0400
235,5615,211,owned,{},2026-07-13 14:13:53 -0400,2026-07-13 14:13:53 -0400
236,5615,212,owned,{},2026-07-13 14:13:53 -0400,2026-07-13 14:13:53 -0400
237,5615,213,owned,{},2026-07-13 14:13:53 -0400,2026-07-13 14:13:53 -0400
238,5615,214,owned,{},2026-07-13 14:13:54 -0400,2026-07-13 14:13:54 -0400
239,5615,207,owned,{},2026-07-13 14:13:54 -0400,2026-07-13 14:13:54 -0400
240,5615,209,owned,{},2026-07-13 14:13:54 -0400,2026-07-13 14:13:54 -0400
241,5615,208,owned,{},2026-07-13 14:13:54 -0400,2026-07-13 14:13:54 -0400
242,5615,210,owned,{},2026-07-13 14:13:54 -0400,2026-07-13 14:13:54 -0400
243,5061,213,sold,{},2026-07-13 14:13:54 -0400,2026-07-13 14:13:54 -0400
244,5061,206,owned,{},2026-07-13 14:13:54 -0400,2026-07-13 14:13:54 -0400
245,5061,211,mentioned_in,{},2026-07-13 14:13:54 -0400,2026-07-13 14:13:54 -0400
246,5061,212,mentioned_in,{},2026-07-13 14:13:54 -0400,2026-07-13 14:13:54 -0400
247,5061,214,mentioned_in,{},2026-07-13 14:13:54 -0400,2026-07-13 14:13:54 -0400
248,5062,206,sold,{},2026-07-13 14:13:54 -0400,2026-07-13 14:13:54 -0400
249,5062,207,owned,{},2026-07-13 14:13:54 -0400,2026-07-13 14:13:54 -0400
250,6731,208,owned,{},2026-07-13 14:13:54 -0400,2026-07-13 14:13:54 -0400
251,6731,209,owned,{},2026-07-13 14:13:54 -0400,2026-07-13 14:13:54 -0400
252,6732,209,owned,{},2026-07-13 14:13:54 -0400,2026-07-13 14:13:54 -0400
253,6733,210,owned,{},2026-07-13 14:13:54 -0400,2026-07-13 14:13:54 -0400
254,5461,68,mentioned_in,{},2026-07-13 14:14:01 -0400,2026-07-13 14:14:01 -0400
255,5462,215,lived_at,{},2026-07-13 14:14:01 -0400,2026-07-13 14:14:01 -0400
256,5462,216,lived_at,{},2026-07-13 14:14:01 -0400,2026-07-13 14:14:01 -0400
257,5462,217,lived_at,{},2026-07-13 14:14:01 -0400,2026-07-13 14:14:01 -0400
258,5462,218,lived_at,{},2026-07-13 14:14:01 -0400,2026-07-13 14:14:01 -0400
259,5542,152,owned,{},2026-07-13 14:14:01 -0400,2026-07-13 14:14:01 -0400
260,5542,162,owned,{},2026-07-13 14:14:01 -0400,2026-07-13 14:14:01 -0400
261,5542,163,mentioned_in,{},2026-07-13 14:14:01 -0400,2026-07-13 14:14:01 -0400
262,6588,219,lived_at,{},2026-07-13 14:14:09 -0400,2026-07-13 14:14:09 -0400
263,6588,220,mentioned_in,{},2026-07-13 14:14:09 -0400,2026-07-13 14:14:09 -0400
264,6588,221,mentioned_in,{},2026-07-13 14:14:09 -0400,2026-07-13 14:14:09 -0400
265,6588,222,mentioned_in,{},2026-07-13 14:14:09 -0400,2026-07-13 14:14:09 -0400
266,5463,68,mentioned_in,{},2026-07-13 14:14:09 -0400,2026-07-13 14:14:09 -0400
267,5464,219,lived_at,{},2026-07-13 14:14:09 -0400,2026-07-13 14:14:09 -0400
268,5464,223,lived_at,{},2026-07-13 14:14:09 -0400,2026-07-13 14:14:09 -0400
269,5464,224,played_for,{},2026-07-13 14:14:09 -0400,2026-07-13 14:14:09 -0400
270,5464,225,mentioned_in,{},2026-07-13 14:14:09 -0400,2026-07-13 14:14:09 -0400
271,5464,226,mentioned_in,{},2026-07-13 14:14:09 -0400,2026-07-13 14:14:09 -0400
272,5464,68,mentioned_in,{},2026-07-13 14:14:09 -0400,2026-07-13 14:14:09 -0400
273,5545,227,owned,{},2026-07-13 14:14:09 -0400,2026-07-13 14:14:09 -0400
274,5545,228,owned,{},2026-07-13 14:14:09 -0400,2026-07-13 14:14:09 -0400
275,5545,229,owned,{},2026-07-13 14:14:09 -0400,2026-07-13 14:14:09 -0400
276,5545,230,owned,{},2026-07-13 14:14:10 -0400,2026-07-13 14:14:10 -0400
277,5545,231,owned,{},2026-07-13 14:14:10 -0400,2026-07-13 14:14:10 -0400
278,5545,232,owned,{},2026-07-13 14:14:10 -0400,2026-07-13 14:14:10 -0400
279,5545,233,owned,{},2026-07-13 14:14:10 -0400,2026-07-13 14:14:10 -0400
280,5465,68,mentioned_in,{},2026-07-13 14:14:15 -0400,2026-07-13 14:14:15 -0400
281,5548,152,purchased,"{""source_relationship"":""acquired_via_tax_sale""}",2026-07-13 14:14:15 -0400,2026-07-22 18:38:48 -0400
282,5467,68,mentioned_in,{},2026-07-13 14:14:21 -0400,2026-07-13 14:14:21 -0400
283,5468,234,operated_at,{},2026-07-13 14:14:21 -0400,2026-07-13 14:14:21 -0400
284,5468,235,operated_at,{},2026-07-13 14:14:21 -0400,2026-07-13 14:14:21 -0400
285,5468,236,operated_at,{},2026-07-13 14:14:21 -0400,2026-07-13 14:14:21 -0400
286,5551,237,owned,{},2026-07-13 14:14:21 -0400,2026-07-13 14:14:21 -0400
287,5551,238,owned,{},2026-07-13 14:14:21 -0400,2026-07-13 14:14:21 -0400
288,5551,152,owned,{},2026-07-13 14:14:21 -0400,2026-07-13 14:14:21 -0400
289,5469,68,mentioned_in,{},2026-07-13 14:14:26 -0400,2026-07-13 14:14:26 -0400
291,5470,56,operated_at,"{""source_relationship"":""operated""}",2026-07-13 14:14:26 -0400,2026-07-22 18:34:16 -0400
292,5554,152,owned,{},2026-07-13 14:14:26 -0400,2026-07-13 14:14:26 -0400
293,5471,68,mentioned_in,{},2026-07-13 14:14:33 -0400,2026-07-13 14:14:33 -0400
295,5472,239,operated_at,{},2026-07-13 14:14:33 -0400,2026-07-13 14:14:33 -0400
296,5472,240,operated_at,{},2026-07-13 14:14:33 -0400,2026-07-13 14:14:33 -0400
297,5472,241,operated_at,{},2026-07-13 14:14:33 -0400,2026-07-13 14:14:33 -0400
298,5472,242,operated_at,{},2026-07-13 14:14:33 -0400,2026-07-13 14:14:33 -0400
299,5472,243,operated_at,{},2026-07-13 14:14:33 -0400,2026-07-13 14:14:33 -0400
300,5557,244,owned,{},2026-07-13 14:14:33 -0400,2026-07-13 14:14:33 -0400
301,5557,245,owned,{},2026-07-13 14:14:33 -0400,2026-07-13 14:14:33 -0400
302,5557,246,owned,{},2026-07-13 14:14:33 -0400,2026-07-13 14:14:33 -0400
303,5557,247,owned,{},2026-07-13 14:14:33 -0400,2026-07-13 14:14:33 -0400
304,5557,152,purchased,"{""source_relationship"":""acquired""}",2026-07-13 14:14:33 -0400,2026-07-22 18:37:09 -0400
305,5130,248,applied_for,"{""source_relationship"":""named_in_liquor_license_petition""}",2026-07-13 14:14:58 -0400,2026-07-22 19:11:25 -0400
306,6373,249,lived_at,{},2026-07-13 14:14:58 -0400,2026-07-13 14:14:58 -0400
307,6375,250,mentioned_in,"{""source_relationship"":""mentioned_in_title_record""}",2026-07-13 14:14:58 -0400,2026-07-22 18:36:45 -0400
308,6375,251,mentioned_in,"{""source_relationship"":""mentioned_in_title_record""}",2026-07-13 14:14:58 -0400,2026-07-22 18:36:45 -0400
309,6400,248,operated_at,"{""source_relationship"":""operated_soft_drink_parlor_at""}",2026-07-13 14:14:58 -0400,2026-07-22 18:38:44 -0400
310,6400,252,owned,"{""source_relationship"":""held_property_at""}",2026-07-13 14:14:58 -0400,2026-07-22 18:37:53 -0400
311,5132,248,party_to_suit,"{""source_relationship"":""convicted_of_liquor_offense_at""}",2026-07-13 14:14:58 -0400,2026-07-22 18:33:55 -0400
312,5133,248,party_to_suit,"{""source_relationship"":""subject_of_padlock_injunction_at""}",2026-07-13 14:14:58 -0400,2026-07-22 18:40:11 -0400
313,5134,248,lived_at,"{""source_relationship"":""resided_at""}",2026-07-13 14:14:58 -0400,2026-07-22 18:36:57 -0400
314,5135,253,operated_at,{},2026-07-13 14:14:58 -0400,2026-07-13 14:14:58 -0400
315,5136,254,advertised_in,"{""source_relationship"":""advertised_at""}",2026-07-13 14:14:58 -0400,2026-07-22 18:36:37 -0400
316,5137,255,mentioned_in,"{""source_relationship"":""named_in_liquor_license_notice""}",2026-07-13 14:14:58 -0400,2026-07-22 19:11:29 -0400
317,5138,205,picketed_at,{},2026-07-13 14:14:58 -0400,2026-07-13 14:14:58 -0400
318,5125,256,operated_at,{},2026-07-13 14:14:58 -0400,2026-07-13 14:14:58 -0400
319,5125,257,sold,"{""source_relationship"":""transferred_ownership_to""}",2026-07-13 14:14:58 -0400,2026-07-22 18:40:13 -0400
320,5125,258,sold,"{""source_relationship"":""transferred_ownership_to""}",2026-07-13 14:14:58 -0400,2026-07-22 18:40:13 -0400
321,5125,259,sold,"{""source_relationship"":""transferred_ownership_to""}",2026-07-13 14:14:58 -0400,2026-07-22 18:40:13 -0400
322,5139,256,operated_at,{},2026-07-13 14:14:58 -0400,2026-07-13 14:14:58 -0400
323,5139,257,sold,"{""source_relationship"":""transferred_ownership_to""}",2026-07-13 14:14:58 -0400,2026-07-22 18:40:14 -0400
324,5139,258,sold,"{""source_relationship"":""transferred_ownership_to""}",2026-07-13 14:14:58 -0400,2026-07-22 18:40:14 -0400
325,5139,259,sold,"{""source_relationship"":""transferred_ownership_to""}",2026-07-13 14:14:59 -0400,2026-07-22 18:40:14 -0400
326,5126,260,sold,"{""source_relationship"":""conveyed_property""}",2026-07-13 14:14:59 -0400,2026-07-22 18:36:47 -0400
327,5126,261,purchased,"{""source_relationship"":""received_deed""}",2026-07-13 14:14:59 -0400,2026-07-22 18:38:15 -0400
328,5126,262,purchased,"{""source_relationship"":""received_deed""}",2026-07-13 14:14:59 -0400,2026-07-22 18:38:15 -0400
329,5126,256,party_to_mortgage,{},2026-07-13 14:14:59 -0400,2026-07-13 14:14:59 -0400
330,5140,263,requested_use_of,{},2026-07-13 14:14:59 -0400,2026-07-13 14:14:59 -0400
331,5141,256,victim_of,"{""source_relationship"":""robbed_at""}",2026-07-13 14:14:59 -0400,2026-07-22 18:35:10 -0400
332,5141,264,victim_of,"{""source_relationship"":""victim_at""}",2026-07-13 14:14:59 -0400,2026-07-22 18:34:50 -0400
333,5142,265,related_to,"{""source_relationship"":""associated_with_parcel""}",2026-07-13 14:14:59 -0400,2026-07-22 18:34:29 -0400
334,5143,256,brokered,"{""source_relationship"":""auctioned_license_for""}",2026-07-13 14:14:59 -0400,2026-07-22 19:11:36 -0400
335,5127,261,sold,"{""source_relationship"":""conveyed_property""}",2026-07-13 14:14:59 -0400,2026-07-22 18:36:47 -0400
336,5127,262,purchased,"{""source_relationship"":""received_deed""}",2026-07-13 14:14:59 -0400,2026-07-22 18:38:16 -0400
337,5144,262,related_to,"{""source_relationship"":""associated_with_parcel""}",2026-07-13 14:14:59 -0400,2026-07-22 18:34:29 -0400
338,5128,262,sold,"{""source_relationship"":""conveyed_property""}",2026-07-13 14:14:59 -0400,2026-07-22 18:36:47 -0400
339,5128,266,purchased,"{""source_relationship"":""received_deed""}",2026-07-13 14:14:59 -0400,2026-07-22 18:38:16 -0400
340,6742,266,purchased,{},2026-07-13 14:14:59 -0400,2026-07-13 14:14:59 -0400
341,6743,267,purchased,{},2026-07-13 14:14:59 -0400,2026-07-13 14:14:59 -0400
342,5129,266,sold,"{""source_relationship"":""conveyed_property""}",2026-07-13 14:14:59 -0400,2026-07-22 18:36:47 -0400
343,5129,267,purchased,"{""source_relationship"":""received_deed""}",2026-07-13 14:14:59 -0400,2026-07-22 18:38:16 -0400
344,5129,268,provided_deed_of_trust,{},2026-07-13 14:14:59 -0400,2026-07-13 14:14:59 -0400
345,6415,1614,operated_at,"{""source_relationship"":""operated_tailor_shop_at""}",2026-07-13 14:15:04 -0400,2026-07-22 18:34:40 -0400
346,6415,270,operated_at,"{""source_relationship"":""operated_barber_shop_at""}",2026-07-13 14:15:04 -0400,2026-07-22 18:33:43 -0400
348,6415,272,operated_at,"{""source_relationship"":""operated_barber_shop_at""}",2026-07-13 14:15:04 -0400,2026-07-22 18:33:43 -0400
349,6445,273,owned,{},2026-07-13 14:15:04 -0400,2026-07-13 14:15:04 -0400
350,6445,274,owned,{},2026-07-13 14:15:04 -0400,2026-07-13 14:15:04 -0400
351,6445,275,purchased,{},2026-07-13 14:15:04 -0400,2026-07-13 14:15:04 -0400
352,6416,276,lived_at,{},2026-07-13 14:15:12 -0400,2026-07-13 14:15:12 -0400
354,6416,278,lived_at,{},2026-07-13 14:15:12 -0400,2026-07-13 14:15:12 -0400
355,6453,279,owned,{},2026-07-13 14:15:12 -0400,2026-07-13 14:15:12 -0400
356,6453,280,owned,{},2026-07-13 14:15:12 -0400,2026-07-13 14:15:12 -0400
357,6453,281,owned,{},2026-07-13 14:15:12 -0400,2026-07-13 14:15:12 -0400
358,6453,282,purchased,{},2026-07-13 14:15:12 -0400,2026-07-13 14:15:12 -0400
359,6453,283,foreclosed_on,{},2026-07-13 14:15:12 -0400,2026-07-13 14:15:12 -0400
360,6453,284,purchased,{},2026-07-13 14:15:12 -0400,2026-07-13 14:15:12 -0400
361,6453,285,purchased,{},2026-07-13 14:15:12 -0400,2026-07-13 14:15:12 -0400
362,6453,286,sold,{},2026-07-13 14:15:12 -0400,2026-07-13 14:15:12 -0400
363,6453,287,purchased,"{""source_relationship"":""purchased_as_trustee""}",2026-07-13 14:15:12 -0400,2026-07-22 18:39:58 -0400
364,6453,288,purchased,"{""source_relationship"":""purchased_as_trustee""}",2026-07-13 14:15:12 -0400,2026-07-22 18:39:59 -0400
365,6453,289,purchased,"{""source_relationship"":""purchased_as_trustee""}",2026-07-13 14:15:12 -0400,2026-07-22 18:39:59 -0400
366,6417,290,operated_at,"{""source_relationship"":""operated_store_at""}",2026-07-13 14:15:17 -0400,2026-07-22 18:37:36 -0400
367,6417,291,lived_at,"{""source_relationship"":""lived_and_worked_at""}",2026-07-13 14:15:17 -0400,2026-07-22 18:38:53 -0400
368,6417,292,owned,{},2026-07-13 14:15:17 -0400,2026-07-13 14:15:17 -0400
369,6446,273,sold,{},2026-07-13 14:15:17 -0400,2026-07-13 14:15:17 -0400
370,6446,274,sold,{},2026-07-13 14:15:17 -0400,2026-07-13 14:15:17 -0400
371,6446,275,purchased,{},2026-07-13 14:15:17 -0400,2026-07-13 14:15:17 -0400
375,6454,262,owned,{},2026-07-13 14:15:22 -0400,2026-07-13 14:15:22 -0400
376,6454,257,owned,{},2026-07-13 14:15:22 -0400,2026-07-13 14:15:22 -0400
377,6454,256,mentioned_in,{},2026-07-13 14:15:22 -0400,2026-07-13 14:15:22 -0400
378,6454,79,owned,{},2026-07-13 14:15:22 -0400,2026-07-13 14:15:22 -0400
379,6454,296,owned,{},2026-07-13 14:15:22 -0400,2026-07-13 14:15:22 -0400
380,6419,1614,listed_in,"{""source_relationship"":""listed_as_tenant""}",2026-07-13 14:15:27 -0400,2026-07-22 18:37:02 -0400
381,6447,297,owned,"{""source_relationship"":""previous_owner_estate""}",2026-07-13 14:15:27 -0400,2026-07-22 18:35:04 -0400
382,6447,298,personal_representative_of_estate,{},2026-07-13 14:15:27 -0400,2026-07-13 14:15:27 -0400
383,6447,299,purchased,{},2026-07-13 14:15:27 -0400,2026-07-13 14:15:27 -0400
384,6447,300,purchased,{},2026-07-13 14:15:27 -0400,2026-07-13 14:15:27 -0400
385,6420,301,lived_at,"{""source_relationship"":""boarded_at""}",2026-07-13 14:15:32 -0400,2026-07-22 18:38:10 -0400
386,6420,302,mentioned_in,{},2026-07-13 14:15:32 -0400,2026-07-13 14:15:32 -0400
387,6455,303,purchased,{},2026-07-13 14:15:32 -0400,2026-07-13 14:15:32 -0400
388,6455,304,purchased,{},2026-07-13 14:15:32 -0400,2026-07-13 14:15:32 -0400
389,6455,305,purchased,{},2026-07-13 14:15:32 -0400,2026-07-13 14:15:32 -0400
390,6753,303,purchased,{},2026-07-13 14:15:32 -0400,2026-07-13 14:15:32 -0400
391,6754,304,purchased,{},2026-07-13 14:15:32 -0400,2026-07-13 14:15:32 -0400
392,6755,305,purchased,{},2026-07-13 14:15:32 -0400,2026-07-13 14:15:32 -0400
393,6421,1614,operated_at,{},2026-07-13 14:15:42 -0400,2026-07-22 17:54:38 -0400
394,6421,306,operated_at,{},2026-07-13 14:15:42 -0400,2026-07-13 14:15:42 -0400
395,5063,307,sold,{},2026-07-13 14:15:43 -0400,2026-07-13 14:15:43 -0400
396,5063,308,purchased,{},2026-07-13 14:15:43 -0400,2026-07-13 14:15:43 -0400
397,5063,309,purchased,{},2026-07-13 14:15:43 -0400,2026-07-13 14:15:43 -0400
398,5064,310,purchased,"{""source_relationship"":""acquired_via_trustees_deed""}",2026-07-13 14:15:43 -0400,2026-07-22 18:40:00 -0400
399,5065,310,sold,{},2026-07-13 14:15:43 -0400,2026-07-13 14:15:43 -0400
400,5065,311,purchased,{},2026-07-13 14:15:43 -0400,2026-07-13 14:15:43 -0400
401,5066,311,sold,{},2026-07-13 14:15:43 -0400,2026-07-13 14:15:43 -0400
402,5066,312,purchased,{},2026-07-13 14:15:43 -0400,2026-07-13 14:15:43 -0400
403,5067,312,sold,{},2026-07-13 14:15:43 -0400,2026-07-13 14:15:43 -0400
404,5067,313,purchased,{},2026-07-13 14:15:43 -0400,2026-07-13 14:15:43 -0400
405,5068,313,sold,{},2026-07-13 14:15:43 -0400,2026-07-13 14:15:43 -0400
406,5068,314,purchased,{},2026-07-13 14:15:43 -0400,2026-07-13 14:15:43 -0400
407,5068,1,purchased,"{""source_relationship"":""subsequent_purchaser""}",2026-07-13 14:15:43 -0400,2026-07-22 18:34:07 -0400
408,5014,1,purchased,"{""source_relationship"":""acquired""}",2026-07-13 14:15:43 -0400,2026-07-22 18:37:09 -0400
409,6422,315,lived_at,{},2026-07-13 14:15:48 -0400,2026-07-13 14:15:48 -0400
410,6422,316,lived_at,{},2026-07-13 14:15:48 -0400,2026-07-13 14:15:48 -0400
412,6422,318,lived_at,{},2026-07-13 14:15:49 -0400,2026-07-13 14:15:49 -0400
413,6456,319,owned,{},2026-07-13 14:15:49 -0400,2026-07-13 14:15:49 -0400
414,6456,320,owned,{},2026-07-13 14:15:49 -0400,2026-07-13 14:15:49 -0400
415,6456,321,owned,{},2026-07-13 14:15:49 -0400,2026-07-13 14:15:49 -0400
416,6456,322,owned,{},2026-07-13 14:15:49 -0400,2026-07-13 14:15:49 -0400
417,6456,323,owned,{},2026-07-13 14:15:49 -0400,2026-07-13 14:15:49 -0400
418,6456,324,owned,{},2026-07-13 14:15:49 -0400,2026-07-13 14:15:49 -0400
419,6423,325,lived_at,{},2026-07-13 14:15:55 -0400,2026-07-13 14:15:55 -0400
420,6423,326,lived_at,{},2026-07-13 14:15:55 -0400,2026-07-13 14:15:55 -0400
421,6457,320,owned,{},2026-07-13 14:15:55 -0400,2026-07-13 14:15:55 -0400
422,6457,321,purchased,{},2026-07-13 14:15:55 -0400,2026-07-13 14:15:55 -0400
423,6457,327,purchased,{},2026-07-13 14:15:55 -0400,2026-07-13 14:15:55 -0400
424,6457,328,owned,{},2026-07-13 14:15:55 -0400,2026-07-13 14:15:55 -0400
425,6424,94,lived_at,{},2026-07-13 14:15:58 -0400,2026-07-13 14:15:58 -0400
426,6424,301,lived_at,{},2026-07-13 14:15:58 -0400,2026-07-13 14:15:58 -0400
427,6458,152,purchased,"{""source_relationship"":""acquired""}",2026-07-13 14:15:59 -0400,2026-07-22 18:37:10 -0400
428,6458,162,purchased,"{""source_relationship"":""acquired""}",2026-07-13 14:15:59 -0400,2026-07-22 18:37:10 -0400
429,6425,329,lived_at,"{""source_relationship"":""lived_and_worked_at""}",2026-07-13 14:16:04 -0400,2026-07-22 18:38:54 -0400
430,6425,330,lived_at,{},2026-07-13 14:16:04 -0400,2026-07-13 14:16:04 -0400
431,6459,331,owned,{},2026-07-13 14:16:04 -0400,2026-07-13 14:16:04 -0400
432,6459,332,owned,{},2026-07-13 14:16:04 -0400,2026-07-13 14:16:04 -0400
433,6459,333,owned,{},2026-07-13 14:16:04 -0400,2026-07-13 14:16:04 -0400
434,6459,334,purchased,"{""source_relationship"":""acquired""}",2026-07-13 14:16:04 -0400,2026-07-22 18:37:10 -0400
435,6426,335,lived_at,{},2026-07-13 14:16:09 -0400,2026-07-13 14:16:09 -0400
436,6427,336,lived_at,{},2026-07-13 14:16:24 -0400,2026-07-13 14:16:24 -0400
437,6427,337,lived_at,{},2026-07-13 14:16:24 -0400,2026-07-13 14:16:24 -0400
438,6427,338,lived_at,{},2026-07-13 14:16:24 -0400,2026-07-13 14:16:24 -0400
439,6427,339,lived_at,{},2026-07-13 14:16:24 -0400,2026-07-13 14:16:24 -0400
440,6427,340,lived_at,{},2026-07-13 14:16:24 -0400,2026-07-13 14:16:24 -0400
441,6476,338,lived_at,{},2026-07-13 14:16:24 -0400,2026-07-13 14:16:24 -0400
442,6476,339,lived_at,{},2026-07-13 14:16:24 -0400,2026-07-13 14:16:24 -0400
443,6476,336,lived_at,{},2026-07-13 14:16:24 -0400,2026-07-13 14:16:24 -0400
444,6476,337,lived_at,{},2026-07-13 14:16:24 -0400,2026-07-13 14:16:24 -0400
445,6476,341,related_to,"{""source_relationship"":""associated_with""}",2026-07-13 14:16:24 -0400,2026-07-22 18:38:42 -0400
446,5037,342,sold,{},2026-07-13 14:16:24 -0400,2026-07-13 14:16:24 -0400
447,5037,343,sold,{},2026-07-13 14:16:24 -0400,2026-07-13 14:16:24 -0400
448,5037,344,purchased,{},2026-07-13 14:16:24 -0400,2026-07-13 14:16:24 -0400
449,5037,345,purchased,{},2026-07-13 14:16:24 -0400,2026-07-13 14:16:24 -0400
450,5038,346,borrowed_from,"{""source_relationship"":""mortgagor""}",2026-07-13 14:16:24 -0400,2026-07-22 18:34:31 -0400
451,5038,347,borrowed_from,"{""source_relationship"":""mortgagor""}",2026-07-13 14:16:24 -0400,2026-07-22 18:34:31 -0400
452,5038,348,lent_to,"{""source_relationship"":""mortgagee""}",2026-07-13 14:16:24 -0400,2026-07-22 18:34:00 -0400
453,5039,347,sold,{},2026-07-13 14:16:24 -0400,2026-07-13 14:16:24 -0400
454,5039,349,purchased,{},2026-07-13 14:16:24 -0400,2026-07-13 14:16:24 -0400
455,5039,350,purchased,{},2026-07-13 14:16:24 -0400,2026-07-13 14:16:24 -0400
456,5040,349,sold,{},2026-07-13 14:16:25 -0400,2026-07-13 14:16:25 -0400
457,5040,350,sold,{},2026-07-13 14:16:25 -0400,2026-07-13 14:16:25 -0400
458,5040,351,purchased,{},2026-07-13 14:16:25 -0400,2026-07-13 14:16:25 -0400
459,5041,351,sold,{},2026-07-13 14:16:25 -0400,2026-07-13 14:16:25 -0400
460,5041,352,purchased,{},2026-07-13 14:16:25 -0400,2026-07-13 14:16:25 -0400
461,5041,353,granted_easement_to,{},2026-07-13 14:16:25 -0400,2026-07-13 14:16:25 -0400
462,6428,354,operated_at,"{""source_relationship"":""operated_home_office_at""}",2026-07-13 14:16:34 -0400,2026-07-22 18:38:01 -0400
463,6428,353,mentioned_in,{},2026-07-13 14:16:34 -0400,2026-07-13 14:16:34 -0400
464,6477,354,worked_at,"{""source_relationship"":""practiced_at""}",2026-07-13 14:16:34 -0400,2026-07-22 18:36:29 -0400
465,6477,355,attended,{},2026-07-13 14:16:34 -0400,2026-07-13 14:16:34 -0400
466,6477,356,related_to,"{""source_relationship"":""associated_with""}",2026-07-13 14:16:34 -0400,2026-07-22 18:38:42 -0400
467,6477,357,subject_of,"{""source_relationship"":""married_to_subject""}",2026-07-13 14:16:34 -0400,2026-07-22 18:34:05 -0400
468,6477,358,mentioned_in,{},2026-07-13 14:16:34 -0400,2026-07-13 14:16:34 -0400
469,6477,359,mentioned_in,{},2026-07-13 14:16:34 -0400,2026-07-13 14:16:34 -0400
470,6477,360,mentioned_in,{},2026-07-13 14:16:34 -0400,2026-07-13 14:16:34 -0400
471,6477,361,member_of,"{""source_relationship"":""charter_member_of""}",2026-07-13 14:16:35 -0400,2026-07-22 18:35:08 -0400
472,6477,362,mentioned_in,{},2026-07-13 14:16:35 -0400,2026-07-13 14:16:35 -0400
473,6461,344,owned,{},2026-07-13 14:16:35 -0400,2026-07-13 14:16:35 -0400
474,6461,345,owned,{},2026-07-13 14:16:35 -0400,2026-07-13 14:16:35 -0400
475,6461,352,purchased,{},2026-07-13 14:16:35 -0400,2026-07-13 14:16:35 -0400
476,6429,363,operated_at,{},2026-07-13 14:16:40 -0400,2026-07-13 14:16:40 -0400
477,6429,364,operated_at,{},2026-07-13 14:16:40 -0400,2026-07-13 14:16:40 -0400
478,6429,365,operated_at,{},2026-07-13 14:16:40 -0400,2026-07-13 14:16:40 -0400
479,6429,366,relocated_shop_to,{},2026-07-13 14:16:40 -0400,2026-07-13 14:16:40 -0400
480,6478,365,mentioned_in,{},2026-07-13 14:16:40 -0400,2026-07-13 14:16:40 -0400
481,6478,367,mentioned_in,{},2026-07-13 14:16:40 -0400,2026-07-13 14:16:40 -0400
482,6478,363,mentioned_in,{},2026-07-13 14:16:40 -0400,2026-07-13 14:16:40 -0400
483,4998,368,operated_at,{},2026-07-13 14:16:41 -0400,2026-07-13 14:16:41 -0400
484,6448,363,mentioned_in,{},2026-07-13 14:16:41 -0400,2026-07-13 14:16:41 -0400
485,5006,369,operated_at,"{""source_relationship"":""licensed_tavern_operator_at""}",2026-07-13 14:16:56 -0400,2026-07-22 18:37:54 -0400
486,5007,370,operated_at,"{""source_relationship"":""later_operated_tavern_at""}",2026-07-13 14:16:56 -0400,2026-07-22 18:34:52 -0400
487,5007,370,mentioned_in,{},2026-07-13 14:16:56 -0400,2026-07-13 14:16:56 -0400
488,6390,371,operated_at,{},2026-07-13 14:16:56 -0400,2026-07-13 14:16:56 -0400
489,6390,372,operated_at,"{""source_relationship"":""operated_leased_premises_at""}",2026-07-13 14:16:56 -0400,2026-07-22 18:36:27 -0400
490,6390,370,owned,"{""source_relationship"":""held_title_to""}",2026-07-13 14:16:56 -0400,2026-07-22 18:37:34 -0400
491,6390,256,mentioned_in,{},2026-07-13 14:16:56 -0400,2026-07-13 14:16:56 -0400
492,6391,371,site_of_incident,{},2026-07-13 14:16:56 -0400,2026-07-13 14:16:56 -0400
493,6392,371,victim_of,"{""source_relationship"":""robbed_at""}",2026-07-13 14:16:56 -0400,2026-07-22 18:35:10 -0400
494,6393,373,died_at,"{""source_relationship"":""killed_at""}",2026-07-13 14:16:56 -0400,2026-07-22 18:37:43 -0400
495,6393,374,party_to_suit,"{""source_relationship"":""sentenced_for_murder_at""}",2026-07-13 14:16:56 -0400,2026-07-22 18:34:04 -0400
496,6393,375,party_to_suit,"{""source_relationship"":""sentenced_in_connection_with""}",2026-07-13 14:16:56 -0400,2026-07-22 18:37:38 -0400
497,6393,371,site_of_incident,{},2026-07-13 14:16:56 -0400,2026-07-13 14:16:56 -0400
498,6394,376,conducted_distraint_sale_at,{},2026-07-13 14:16:56 -0400,2026-07-13 14:16:56 -0400
499,6394,372,subject_of,"{""source_relationship"":""subject_of_distraint_at""}",2026-07-13 14:16:56 -0400,2026-07-22 18:37:40 -0400
500,6394,371,operated_at,"{""source_relationship"":""closed_at""}",2026-07-13 14:16:56 -0400,2026-07-22 18:38:40 -0400
501,5005,370,subject_of,"{""source_relationship"":""subject_of_distraint_at""}",2026-07-13 14:16:56 -0400,2026-07-22 18:37:40 -0400
502,6395,372,subject_of,"{""source_relationship"":""obituary_subject""}",2026-07-13 14:16:56 -0400,2026-07-22 18:37:28 -0400
503,5075,377,sold,"{""source_relationship"":""conveyed_property_at""}",2026-07-13 14:16:56 -0400,2026-07-22 18:38:08 -0400
504,5075,378,sold,"{""source_relationship"":""conveyed_property_at""}",2026-07-13 14:16:56 -0400,2026-07-22 18:38:09 -0400
505,5075,379,purchased,"{""source_relationship"":""acquired_property_at""}",2026-07-13 14:16:56 -0400,2026-07-22 18:33:53 -0400
506,5075,370,mentioned_in,{},2026-07-13 14:16:56 -0400,2026-07-13 14:16:56 -0400
507,5076,379,sold,"{""source_relationship"":""conveyed_property_at""}",2026-07-13 14:16:56 -0400,2026-07-22 18:38:09 -0400
508,5076,380,purchased,"{""source_relationship"":""acquired_property_at""}",2026-07-13 14:16:56 -0400,2026-07-22 18:33:53 -0400
509,5077,380,sold,"{""source_relationship"":""conveyed_property_at""}",2026-07-13 14:16:57 -0400,2026-07-22 18:38:09 -0400
510,5077,381,purchased,"{""source_relationship"":""acquired_property_at""}",2026-07-13 14:16:57 -0400,2026-07-22 18:33:53 -0400
511,5078,382,sold,"{""source_relationship"":""conveyed_property_at""}",2026-07-13 14:16:57 -0400,2026-07-22 18:38:09 -0400
512,5078,383,member_of,"{""source_relationship"":""member_of_conveying_entity_at""}",2026-07-13 14:16:57 -0400,2026-07-22 18:35:12 -0400
513,5078,384,member_of,"{""source_relationship"":""member_of_conveying_entity_at""}",2026-07-13 14:16:57 -0400,2026-07-22 18:35:12 -0400
514,5078,385,purchased,"{""source_relationship"":""acquired_property_at""}",2026-07-13 14:16:57 -0400,2026-07-22 18:33:53 -0400
515,6481,386,operated_at,"{""source_relationship"":""operated_physician_home_office_at""}",2026-07-13 14:17:04 -0400,2026-07-22 18:38:13 -0400
516,6481,387,lived_at,{},2026-07-13 14:17:04 -0400,2026-07-13 14:17:04 -0400
517,6481,388,lived_at,{},2026-07-13 14:17:04 -0400,2026-07-13 14:17:04 -0400
518,6481,389,lived_at,{},2026-07-13 14:17:04 -0400,2026-07-13 14:17:04 -0400
519,6482,68,located_on_block,{},2026-07-13 14:17:04 -0400,2026-07-13 14:17:04 -0400
520,6482,220,lived_at,{},2026-07-13 14:17:04 -0400,2026-07-13 14:17:04 -0400
521,5079,390,operated_at,{},2026-07-13 14:17:04 -0400,2026-07-13 14:17:04 -0400
522,5079,391,lent_to,"{""source_relationship"":""secured_financing_for""}",2026-07-13 14:17:04 -0400,2026-07-22 18:34:13 -0400
523,5080,390,operated_at,{},2026-07-13 14:17:04 -0400,2026-07-13 14:17:04 -0400
524,5080,392,lent_to,"{""source_relationship"":""secured_financing_for""}",2026-07-13 14:17:04 -0400,2026-07-22 18:34:13 -0400
525,4999,393,operated_at,{},2026-07-13 14:17:04 -0400,2026-07-13 14:17:04 -0400
527,6519,395,sold,{},2026-07-13 14:17:10 -0400,2026-07-13 14:17:10 -0400
528,6519,396,purchased,{},2026-07-13 14:17:10 -0400,2026-07-13 14:17:10 -0400
529,6519,397,sold,{},2026-07-13 14:17:10 -0400,2026-07-13 14:17:10 -0400
530,6519,398,purchased,{},2026-07-13 14:17:10 -0400,2026-07-13 14:17:10 -0400
533,6520,401,owned,{},2026-07-13 14:17:15 -0400,2026-07-13 14:17:15 -0400
534,6520,402,owned,{},2026-07-13 14:17:15 -0400,2026-07-13 14:17:15 -0400
535,6520,403,owned,{},2026-07-13 14:17:15 -0400,2026-07-13 14:17:15 -0400
536,6520,404,owned,{},2026-07-13 14:17:15 -0400,2026-07-13 14:17:15 -0400
537,6485,405,lived_at,{},2026-07-13 14:17:20 -0400,2026-07-13 14:17:20 -0400
538,6485,406,lived_at,{},2026-07-13 14:17:20 -0400,2026-07-13 14:17:20 -0400
539,6521,407,owned,{},2026-07-13 14:17:20 -0400,2026-07-13 14:17:20 -0400
540,6521,408,owned,{},2026-07-13 14:17:20 -0400,2026-07-13 14:17:20 -0400
541,6521,409,owned,{},2026-07-13 14:17:20 -0400,2026-07-13 14:17:20 -0400
542,6521,410,purchased,{},2026-07-13 14:17:20 -0400,2026-07-13 14:17:20 -0400
545,6522,412,sold,{},2026-07-13 14:17:26 -0400,2026-07-13 14:17:26 -0400
546,6522,413,sold,{},2026-07-13 14:17:26 -0400,2026-07-13 14:17:26 -0400
547,6522,414,purchased,{},2026-07-13 14:17:26 -0400,2026-07-13 14:17:26 -0400
548,6522,415,purchased,{},2026-07-13 14:17:26 -0400,2026-07-13 14:17:26 -0400
549,6522,416,purchased,{},2026-07-13 14:17:26 -0400,2026-07-13 14:17:26 -0400
550,6522,417,purchased,{},2026-07-13 14:17:26 -0400,2026-07-13 14:17:26 -0400
551,6783,416,purchased,{},2026-07-13 14:17:26 -0400,2026-07-13 14:17:26 -0400
552,6784,417,purchased,{},2026-07-13 14:17:26 -0400,2026-07-13 14:17:26 -0400
554,11006,68,demolished_for,{},2026-07-13 14:17:31 -0400,2026-07-13 14:17:31 -0400
555,6555,68,related_to,"{""source_relationship"":""adjacent_to""}",2026-07-13 14:17:31 -0400,2026-07-22 18:35:04 -0400
556,6556,418,operated_at,{},2026-07-13 14:17:36 -0400,2026-07-13 14:17:36 -0400
557,6556,419,operated_at,"{""source_relationship"":""operated_confectionery_at""}",2026-07-13 14:17:37 -0400,2026-07-22 18:38:49 -0400
559,11009,420,operated_at,"{""source_relationship"":""historically_operated_at""}",2026-07-13 14:17:37 -0400,2026-07-22 18:36:22 -0400
560,11009,421,operated_at,{},2026-07-13 14:17:37 -0400,2026-07-13 14:17:37 -0400
561,6605,396,sold,{},2026-07-13 14:17:37 -0400,2026-07-13 14:17:37 -0400
562,6605,422,sold,{},2026-07-13 14:17:37 -0400,2026-07-13 14:17:37 -0400
563,6605,423,purchased,{},2026-07-13 14:17:37 -0400,2026-07-13 14:17:37 -0400
564,6605,424,purchased,{},2026-07-13 14:17:37 -0400,2026-07-13 14:17:37 -0400
565,6557,68,located_near,{},2026-07-13 14:17:39 -0400,2026-07-13 14:17:39 -0400
566,6558,68,mentioned_in,{},2026-07-13 14:17:43 -0400,2026-07-13 14:17:43 -0400
569,11013,425,operated_at,{},2026-07-13 14:17:48 -0400,2026-07-13 14:17:48 -0400
570,11013,426,operated_at,{},2026-07-13 14:17:48 -0400,2026-07-13 14:17:48 -0400
571,6559,419,operated_at,{},2026-07-13 14:17:48 -0400,2026-07-13 14:17:48 -0400
572,6608,427,sold,{},2026-07-13 14:17:48 -0400,2026-07-13 14:17:48 -0400
573,6608,428,purchased,{},2026-07-13 14:17:48 -0400,2026-07-13 14:17:48 -0400
574,6608,398,purchased,{},2026-07-13 14:17:48 -0400,2026-07-13 14:17:48 -0400
576,6609,422,purchased,{},2026-07-13 14:17:52 -0400,2026-07-13 14:17:52 -0400
578,11017,429,operated_at,"{""source_relationship"":""operated_grocery_at""}",2026-07-13 14:17:58 -0400,2026-07-22 18:34:57 -0400
579,11017,430,operated_at,{},2026-07-13 14:17:58 -0400,2026-07-13 14:17:58 -0400
580,6561,431,operated_at,"{""source_relationship"":""operated_barber_shop_at""}",2026-07-13 14:17:58 -0400,2026-07-22 18:33:43 -0400
581,6561,419,operated_at,"{""source_relationship"":""operated_confectionery_at""}",2026-07-13 14:17:58 -0400,2026-07-22 18:38:49 -0400
582,6610,432,sold,"{""source_relationship"":""sold_property""}",2026-07-13 14:17:58 -0400,2026-07-22 18:37:44 -0400
583,6610,433,purchased,"{""source_relationship"":""purchased_property""}",2026-07-13 14:17:58 -0400,2026-07-22 18:36:11 -0400
584,6610,434,purchased,"{""source_relationship"":""purchased_property""}",2026-07-13 14:17:58 -0400,2026-07-22 18:36:11 -0400
585,6562,68,mentioned_in,"{""source_relationship"":""described_in""}",2026-07-13 14:18:04 -0400,2026-07-22 18:37:16 -0400
586,6562,224,mentioned_in,{},2026-07-13 14:18:04 -0400,2026-07-13 14:18:04 -0400
588,6611,68,mentioned_in,{},2026-07-13 14:18:04 -0400,2026-07-13 14:18:04 -0400
590,11021,435,operated_at,{},2026-07-13 14:18:11 -0400,2026-07-13 14:18:11 -0400
591,6563,68,mentioned_in,{},2026-07-13 14:18:11 -0400,2026-07-13 14:18:11 -0400
592,6612,436,sold,{},2026-07-13 14:18:11 -0400,2026-07-13 14:18:11 -0400
593,6612,437,purchased,{},2026-07-13 14:18:11 -0400,2026-07-13 14:18:11 -0400
594,6612,438,purchased,{},2026-07-13 14:18:11 -0400,2026-07-13 14:18:11 -0400
595,6612,439,purchased,{},2026-07-13 14:18:11 -0400,2026-07-13 14:18:11 -0400
597,6564,68,mentioned_in,{},2026-07-13 14:18:17 -0400,2026-07-13 14:18:17 -0400
598,6613,440,sold,{},2026-07-13 14:18:17 -0400,2026-07-13 14:18:17 -0400
599,6613,441,owned,{},2026-07-13 14:18:17 -0400,2026-07-13 14:18:17 -0400
600,6613,442,owned,{},2026-07-13 14:18:17 -0400,2026-07-13 14:18:17 -0400
601,6613,443,purchased,{},2026-07-13 14:18:17 -0400,2026-07-13 14:18:17 -0400
603,11025,444,owned,{},2026-07-13 14:18:23 -0400,2026-07-13 14:18:23 -0400
604,6565,68,mentioned_in,{},2026-07-13 14:18:23 -0400,2026-07-13 14:18:23 -0400
605,6565,444,lived_at,{},2026-07-13 14:18:23 -0400,2026-07-13 14:18:23 -0400
606,6614,445,sold,{},2026-07-13 14:18:23 -0400,2026-07-13 14:18:23 -0400
607,6614,446,purchased,{},2026-07-13 14:18:23 -0400,2026-07-13 14:18:23 -0400
608,6614,447,purchased,{},2026-07-13 14:18:23 -0400,2026-07-13 14:18:23 -0400
610,6566,349,lived_at,{},2026-07-13 14:18:29 -0400,2026-07-13 14:18:29 -0400
611,6566,68,mentioned_in,{},2026-07-13 14:18:29 -0400,2026-07-13 14:18:29 -0400
612,6615,415,sold,{},2026-07-13 14:18:29 -0400,2026-07-13 14:18:29 -0400
613,6615,448,purchased,{},2026-07-13 14:18:29 -0400,2026-07-13 14:18:29 -0400
614,6615,449,purchased,{},2026-07-13 14:18:29 -0400,2026-07-13 14:18:29 -0400
615,6615,450,purchased,{},2026-07-13 14:18:29 -0400,2026-07-13 14:18:29 -0400
616,6567,68,mentioned_in,{},2026-07-13 14:18:33 -0400,2026-07-13 14:18:33 -0400
617,6616,451,sold,{},2026-07-13 14:18:34 -0400,2026-07-13 14:18:34 -0400
618,6616,452,purchased,{},2026-07-13 14:18:34 -0400,2026-07-13 14:18:34 -0400
619,6616,453,purchased,{},2026-07-13 14:18:34 -0400,2026-07-13 14:18:34 -0400
621,6568,431,operated_at,"{""source_relationship"":""operated_barber_shop_at""}",2026-07-13 14:18:38 -0400,2026-07-22 18:33:43 -0400
622,6617,451,sold,{},2026-07-13 14:18:38 -0400,2026-07-13 14:18:38 -0400
623,6617,454,purchased,{},2026-07-13 14:18:38 -0400,2026-07-13 14:18:38 -0400
625,6569,68,mentioned_in,{},2026-07-13 14:18:43 -0400,2026-07-13 14:18:43 -0400
626,6618,455,sold,{},2026-07-13 14:18:43 -0400,2026-07-13 14:18:43 -0400
627,6618,456,purchased,{},2026-07-13 14:18:43 -0400,2026-07-13 14:18:43 -0400
628,6618,457,purchased,{},2026-07-13 14:18:43 -0400,2026-07-13 14:18:43 -0400
629,6618,458,purchased,{},2026-07-13 14:18:43 -0400,2026-07-13 14:18:43 -0400
631,6570,68,mentioned_in,{},2026-07-13 14:18:48 -0400,2026-07-13 14:18:48 -0400
632,6619,432,sold,{},2026-07-13 14:18:48 -0400,2026-07-13 14:18:48 -0400
633,6619,459,purchased,{},2026-07-13 14:18:48 -0400,2026-07-13 14:18:48 -0400
634,6619,460,purchased,{},2026-07-13 14:18:48 -0400,2026-07-13 14:18:48 -0400
636,6571,132,operated_at,"{""source_relationship"":""operated_tailor_shop_at""}",2026-07-13 14:18:54 -0400,2026-07-22 18:34:40 -0400
637,6620,397,purchased,{},2026-07-13 14:18:54 -0400,2026-07-13 14:18:54 -0400
638,6620,461,purchased,{},2026-07-13 14:18:54 -0400,2026-07-13 14:18:54 -0400
639,6620,462,purchased,{},2026-07-13 14:18:54 -0400,2026-07-13 14:18:54 -0400
641,6572,68,mentioned_in,{},2026-07-13 14:19:00 -0400,2026-07-13 14:19:00 -0400
642,6572,463,lived_at,{},2026-07-13 14:19:00 -0400,2026-07-13 14:19:00 -0400
643,6621,464,sold,{},2026-07-13 14:19:00 -0400,2026-07-13 14:19:00 -0400
644,6621,465,purchased,{},2026-07-13 14:19:00 -0400,2026-07-13 14:19:00 -0400
645,6621,2605,sold,{},2026-07-13 14:19:00 -0400,2026-07-22 18:00:30 -0400
646,6621,467,purchased,{},2026-07-13 14:19:00 -0400,2026-07-13 14:19:00 -0400
647,6621,468,purchased,{},2026-07-13 14:19:00 -0400,2026-07-13 14:19:00 -0400
649,6573,68,mentioned_in,{},2026-07-13 14:19:06 -0400,2026-07-13 14:19:06 -0400
650,6622,84,owned,{},2026-07-13 14:19:06 -0400,2026-07-13 14:19:06 -0400
651,6622,464,owned,{},2026-07-13 14:19:06 -0400,2026-07-13 14:19:06 -0400
652,6622,465,purchased,{},2026-07-13 14:19:06 -0400,2026-07-13 14:19:06 -0400
654,6574,68,mentioned_in,{},2026-07-13 14:19:11 -0400,2026-07-13 14:19:11 -0400
655,6623,469,sold,{},2026-07-13 14:19:11 -0400,2026-07-13 14:19:11 -0400
656,6623,470,purchased,{},2026-07-13 14:19:11 -0400,2026-07-13 14:19:11 -0400
657,6623,471,purchased,{},2026-07-13 14:19:11 -0400,2026-07-13 14:19:11 -0400
659,6575,68,mentioned_in,{},2026-07-13 14:19:17 -0400,2026-07-13 14:19:17 -0400
660,6624,472,sold,{},2026-07-13 14:19:17 -0400,2026-07-13 14:19:17 -0400
661,6624,473,owned,{},2026-07-13 14:19:17 -0400,2026-07-13 14:19:17 -0400
662,6624,474,owned,{},2026-07-13 14:19:17 -0400,2026-07-13 14:19:17 -0400
664,11047,46,operated_at,{},2026-07-13 14:19:28 -0400,2026-07-13 14:19:28 -0400
665,5167,15,lived_at,{},2026-07-13 14:19:28 -0400,2026-07-13 14:19:28 -0400
666,4794,15,lived_at,{},2026-07-13 14:19:28 -0400,2026-07-13 14:19:28 -0400
667,4793,15,lived_at,{},2026-07-13 14:19:28 -0400,2026-07-13 14:19:28 -0400
668,4795,15,lived_at,{},2026-07-13 14:19:28 -0400,2026-07-13 14:19:28 -0400
669,5168,15,lived_at,{},2026-07-13 14:19:28 -0400,2026-07-13 14:19:28 -0400
670,4796,15,lived_at,{},2026-07-13 14:19:28 -0400,2026-07-13 14:19:28 -0400
671,5169,48,brokered,"{""source_relationship"":""marketed_property""}",2026-07-13 14:19:52 -0400,2026-07-22 18:34:30 -0400
672,5170,46,operated_at,{},2026-07-13 14:19:52 -0400,2026-07-13 14:19:52 -0400
673,4802,46,operated_at,{},2026-07-13 14:19:52 -0400,2026-07-13 14:19:52 -0400
674,4803,46,operated_at,{},2026-07-13 14:19:52 -0400,2026-07-13 14:19:52 -0400
675,5173,95,lived_at,{},2026-07-13 14:19:52 -0400,2026-07-13 14:19:52 -0400
676,4805,46,related_to,"{""source_relationship"":""associated_with""}",2026-07-13 14:19:52 -0400,2026-07-22 18:38:42 -0400
677,4804,46,related_to,"{""source_relationship"":""associated_with""}",2026-07-13 14:19:52 -0400,2026-07-22 18:38:42 -0400
678,5241,68,occupied,"{""source_relationship"":""formerly_occupied_site""}",2026-07-13 14:19:52 -0400,2026-07-22 18:34:07 -0400
679,4806,46,related_to,"{""source_relationship"":""associated_with""}",2026-07-13 14:19:52 -0400,2026-07-22 18:38:42 -0400
680,5174,95,lived_at,{},2026-07-13 14:19:52 -0400,2026-07-13 14:19:52 -0400
681,4807,46,related_to,"{""source_relationship"":""associated_with""}",2026-07-13 14:19:52 -0400,2026-07-22 18:38:42 -0400
682,5243,86,lived_at,{},2026-07-13 14:19:52 -0400,2026-07-13 14:19:52 -0400
683,4809,46,related_to,"{""source_relationship"":""associated_with""}",2026-07-13 14:19:52 -0400,2026-07-22 18:38:43 -0400
684,4808,46,related_to,"{""source_relationship"":""associated_with""}",2026-07-13 14:19:52 -0400,2026-07-22 18:38:43 -0400
685,5175,61,operated_at,{},2026-07-13 14:19:52 -0400,2026-07-13 14:19:52 -0400
686,4810,61,operated_at,{},2026-07-13 14:19:52 -0400,2026-07-13 14:19:52 -0400
687,5176,61,operated_at,{},2026-07-13 14:19:53 -0400,2026-07-13 14:19:53 -0400
688,4811,61,operated_at,{},2026-07-13 14:19:53 -0400,2026-07-13 14:19:53 -0400
689,4812,61,operated_at,{},2026-07-13 14:19:53 -0400,2026-07-13 14:19:53 -0400
690,4813,31,operated_at,{},2026-07-13 14:19:53 -0400,2026-07-13 14:19:53 -0400
691,4814,31,operated_at,{},2026-07-13 14:19:53 -0400,2026-07-13 14:19:53 -0400
692,5177,95,lived_at,"{""source_relationship"":""formerly_lived_at""}",2026-07-13 14:19:53 -0400,2026-07-22 18:34:06 -0400
693,4815,31,operated_at,{},2026-07-13 14:19:53 -0400,2026-07-13 14:19:53 -0400
694,5178,31,operated_at,{},2026-07-13 14:19:53 -0400,2026-07-13 14:19:53 -0400
695,5179,7,operated_at,{},2026-07-13 14:19:53 -0400,2026-07-13 14:19:53 -0400
696,4818,7,operated_at,{},2026-07-13 14:19:53 -0400,2026-07-13 14:19:53 -0400
697,5249,77,listed_in,"{""source_relationship"":""listed_address_at""}",2026-07-13 14:19:53 -0400,2026-07-22 18:36:30 -0400
698,5249,7,hosted,"{""source_relationship"":""hosted_at""}",2026-07-13 14:19:53 -0400,2026-07-22 18:36:41 -0400
699,5180,7,operated_at,{},2026-07-13 14:19:53 -0400,2026-07-13 14:19:53 -0400
700,5181,77,listed_in,"{""source_relationship"":""listed_address_at""}",2026-07-13 14:19:53 -0400,2026-07-22 18:36:31 -0400
701,5181,7,hosted,"{""source_relationship"":""hosted_at""}",2026-07-13 14:19:53 -0400,2026-07-22 18:36:41 -0400
702,5042,79,sold,"{""source_relationship"":""conveyed_property""}",2026-07-13 14:19:53 -0400,2026-07-22 18:36:48 -0400
703,5043,79,owned,"{""source_relationship"":""previous_owner_deceased""}",2026-07-13 14:20:05 -0400,2026-07-22 18:40:09 -0400
704,5043,475,sold,"{""source_relationship"":""conveyed_property_as_personal_representative_and_recipient""}",2026-07-13 14:20:05 -0400,2026-07-22 18:36:28 -0400
705,5183,376,brokered,"{""source_relationship"":""listed_property_at_auction""}",2026-07-13 14:20:06 -0400,2026-07-22 19:11:32 -0400
706,4821,376,brokered,"{""source_relationship"":""listed_property_at_auction""}",2026-07-13 14:20:06 -0400,2026-07-22 19:11:32 -0400
707,5044,475,sold,{},2026-07-13 14:20:06 -0400,2026-07-13 14:20:06 -0400
708,5044,476,purchased,"{""source_relationship"":""acquired_via_tax_sale""}",2026-07-13 14:20:06 -0400,2026-07-22 18:38:48 -0400
709,5045,477,purchased,"{""source_relationship"":""acquired""}",2026-07-13 14:20:06 -0400,2026-07-22 18:37:10 -0400
710,5046,477,sold,{},2026-07-13 14:20:06 -0400,2026-07-13 14:20:06 -0400
711,5046,478,purchased,{},2026-07-13 14:20:06 -0400,2026-07-13 14:20:06 -0400
712,5046,479,purchased,{},2026-07-13 14:20:06 -0400,2026-07-13 14:20:06 -0400
713,5047,480,trustee_of,"{""source_relationship"":""acted_as_substitute_trustee_in_foreclosure""}",2026-07-13 14:20:06 -0400,2026-07-22 19:11:38 -0400
714,5047,481,purchased,"{""source_relationship"":""acquired_via_foreclosure""}",2026-07-13 14:20:06 -0400,2026-07-22 18:40:07 -0400
715,5048,482,sold,"{""source_relationship"":""conveyed_as_receiver""}",2026-07-13 14:20:06 -0400,2026-07-22 19:11:24 -0400
716,5048,483,purchased,"{""source_relationship"":""acquired""}",2026-07-13 14:20:06 -0400,2026-07-22 18:37:10 -0400
717,5015,1,purchased,"{""source_relationship"":""acquired""}",2026-07-13 14:20:06 -0400,2026-07-22 18:37:11 -0400
718,10286,484,listed_in,"{""source_relationship"":""listed_at""}",2026-07-13 14:20:10 -0400,2026-07-22 18:33:57 -0400
720,10289,16,operated_at,{},2026-07-13 14:20:17 -0400,2026-07-13 14:20:17 -0400
721,10339,445,owned,{},2026-07-13 14:20:17 -0400,2026-07-13 14:20:17 -0400
722,10339,335,owned,{},2026-07-13 14:20:17 -0400,2026-07-13 14:20:17 -0400
724,10291,111,lived_at,"{""source_relationship"":""resided_at""}",2026-07-13 14:20:21 -0400,2026-07-22 18:36:57 -0400
727,11077,485,occupied,{},2026-07-13 14:20:27 -0400,2026-07-13 14:20:27 -0400
728,11077,486,interred_at,"{""source_relationship"":""buried_at""}",2026-07-13 14:20:27 -0400,2026-07-22 18:38:04 -0400
729,10341,485,sold,"{""source_relationship"":""deeded_from""}",2026-07-13 14:20:27 -0400,2026-07-22 18:37:00 -0400
730,10341,487,purchased,"{""source_relationship"":""intermediate_grantee""}",2026-07-13 14:20:27 -0400,2026-07-22 18:34:08 -0400
731,10341,488,sold,"{""source_relationship"":""deeded_to""}",2026-07-13 14:20:27 -0400,2026-07-22 18:33:48 -0400
732,10292,40,mentioned_in,{},2026-07-13 14:20:33 -0400,2026-07-13 14:20:33 -0400
733,11079,20,lived_at,{},2026-07-13 14:20:33 -0400,2026-07-13 14:20:33 -0400
735,10342,2,owned,{},2026-07-13 14:20:33 -0400,2026-07-13 14:20:33 -0400
737,11080,51,operated_at,"{""source_relationship"":""operated_workshop_at""}",2026-07-13 14:20:40 -0400,2026-07-22 18:36:51 -0400
738,11080,89,maintained_office_at,{},2026-07-13 14:20:40 -0400,2026-07-13 14:20:40 -0400
739,11080,69,operated_at,{},2026-07-13 14:20:40 -0400,2026-07-13 14:20:40 -0400
740,10293,51,lived_at,"{""source_relationship"":""lived_and_worked_at""}",2026-07-13 14:20:40 -0400,2026-07-22 18:38:54 -0400
741,10343,80,owned,{},2026-07-13 14:20:40 -0400,2026-07-13 14:20:40 -0400
742,10343,3,owned,{},2026-07-13 14:20:40 -0400,2026-07-13 14:20:40 -0400
743,7411,3,purchased,{},2026-07-13 14:20:40 -0400,2026-07-13 14:20:40 -0400
745,11082,87,operated_at,{},2026-07-13 14:20:46 -0400,2026-07-13 14:20:46 -0400
746,10294,16,operated_at,{},2026-07-13 14:20:47 -0400,2026-07-13 14:20:47 -0400
747,10344,87,operated_at,{},2026-07-13 14:20:47 -0400,2026-07-13 14:20:47 -0400
748,10295,489,operated_at,"{""source_relationship"":""operated_office_at""}",2026-07-13 14:20:53 -0400,2026-07-22 18:37:17 -0400
749,10345,152,owned,"{""source_relationship"":""owned_via_tax_sale""}",2026-07-13 14:20:53 -0400,2026-07-22 18:34:28 -0400
750,10345,490,owned,{},2026-07-13 14:20:53 -0400,2026-07-13 14:20:53 -0400
751,10345,491,owned,{},2026-07-13 14:20:53 -0400,2026-07-13 14:20:53 -0400
752,10345,492,owned,{},2026-07-13 14:20:53 -0400,2026-07-13 14:20:53 -0400
753,10345,493,owned,{},2026-07-13 14:20:53 -0400,2026-07-13 14:20:53 -0400
754,10345,494,owned,{},2026-07-13 14:20:53 -0400,2026-07-13 14:20:53 -0400
756,11085,495,operated_at,{},2026-07-13 14:20:59 -0400,2026-07-13 14:20:59 -0400
757,10296,496,operated_at,"{""source_relationship"":""operated_barber_shop_at""}",2026-07-13 14:20:59 -0400,2026-07-22 18:33:43 -0400
758,10346,396,owned,{},2026-07-13 14:20:59 -0400,2026-07-13 14:20:59 -0400
759,10346,492,owned,{},2026-07-13 14:20:59 -0400,2026-07-13 14:20:59 -0400
761,10297,497,operated_at,"{""source_relationship"":""operated_lunch_room_at""}",2026-07-13 14:21:10 -0400,2026-07-22 18:38:52 -0400
762,10297,498,worked_at,{},2026-07-13 14:21:10 -0400,2026-07-13 14:21:10 -0400
763,5145,499,operated_at,"{""source_relationship"":""operated""}",2026-07-13 14:21:10 -0400,2026-07-22 18:34:16 -0400
764,5146,499,operated_at,"{""source_relationship"":""operated""}",2026-07-13 14:21:10 -0400,2026-07-22 18:34:16 -0400
765,10347,500,owned,{},2026-07-13 14:21:10 -0400,2026-07-13 14:21:10 -0400
766,10347,501,owned,{},2026-07-13 14:21:10 -0400,2026-07-13 14:21:10 -0400
767,10347,237,owned,{},2026-07-13 14:21:10 -0400,2026-07-13 14:21:10 -0400
768,10347,502,owned,{},2026-07-13 14:21:10 -0400,2026-07-13 14:21:10 -0400
769,10347,503,owned,{},2026-07-13 14:21:10 -0400,2026-07-13 14:21:10 -0400
770,10347,504,owned,{},2026-07-13 14:21:10 -0400,2026-07-13 14:21:10 -0400
771,10347,505,related_to,"{""source_relationship"":""associated_with""}",2026-07-13 14:21:10 -0400,2026-07-22 18:38:43 -0400
772,10347,506,owned,{},2026-07-13 14:21:10 -0400,2026-07-13 14:21:10 -0400
773,10347,507,owned,{},2026-07-13 14:21:10 -0400,2026-07-13 14:21:10 -0400
774,5147,508,mentioned_in,{},2026-07-13 14:21:10 -0400,2026-07-13 14:21:10 -0400
775,5147,499,owned,{},2026-07-13 14:21:10 -0400,2026-07-13 14:21:10 -0400
777,11092,56,operated_at,{},2026-07-13 14:21:22 -0400,2026-07-13 14:21:22 -0400
778,11092,69,occupied,{},2026-07-13 14:21:22 -0400,2026-07-13 14:21:22 -0400
779,10302,67,advertised_in,"{""source_relationship"":""advertised_from""}",2026-07-13 14:21:22 -0400,2026-07-22 18:36:41 -0400
780,10303,67,advertised_in,"{""source_relationship"":""advertised_from""}",2026-07-13 14:21:22 -0400,2026-07-22 18:36:41 -0400
781,10304,56,lived_at,"{""source_relationship"":""lived_and_worked_at""}",2026-07-13 14:21:22 -0400,2026-07-22 18:38:54 -0400
782,10305,28,hosted,"{""source_relationship"":""funeral_held_from""}",2026-07-13 14:21:22 -0400,2026-07-22 18:39:59 -0400
783,10306,68,mentioned_in,{},2026-07-13 14:21:22 -0400,2026-07-13 14:21:22 -0400
784,10839,56,died_at,{},2026-07-13 14:21:22 -0400,2026-07-13 14:21:22 -0400
785,10348,56,owned,{},2026-07-13 14:21:22 -0400,2026-07-13 14:21:22 -0400
786,10348,69,occupied,{},2026-07-13 14:21:22 -0400,2026-07-13 14:21:22 -0400
787,10348,4,purchased,"{""source_relationship"":""acquired""}",2026-07-13 14:21:22 -0400,2026-07-22 18:37:11 -0400
789,11100,69,occupied,{},2026-07-13 14:21:39 -0400,2026-07-13 14:21:39 -0400
790,10487,26,born_at,{},2026-07-13 14:21:39 -0400,2026-07-13 14:21:39 -0400
791,10487,35,related_to,"{""source_relationship"":""associated_with""}",2026-07-13 14:21:39 -0400,2026-07-22 18:38:43 -0400
792,10491,82,competed_at,"{""source_relationship"":""debuted""}",2026-07-13 14:21:39 -0400,2026-07-22 18:37:15 -0400
793,10491,35,related_to,"{""source_relationship"":""associated_with""}",2026-07-13 14:21:39 -0400,2026-07-22 18:38:43 -0400
794,10310,47,sold,{},2026-07-13 14:21:39 -0400,2026-07-13 14:21:39 -0400
795,10310,35,purchased,{},2026-07-13 14:21:39 -0400,2026-07-13 14:21:39 -0400
796,10492,34,operated_at,{},2026-07-13 14:21:39 -0400,2026-07-13 14:21:39 -0400
797,10492,35,related_to,"{""source_relationship"":""associated_with""}",2026-07-13 14:21:39 -0400,2026-07-22 18:38:43 -0400
798,10311,34,operated_at,{},2026-07-13 14:21:39 -0400,2026-07-13 14:21:39 -0400
799,10311,35,operated_at,"{""source_relationship"":""operated""}",2026-07-13 14:21:39 -0400,2026-07-22 18:34:16 -0400
800,10312,13,applied_for,"{""source_relationship"":""proposed_clinic_at""}",2026-07-13 14:21:39 -0400,2026-07-22 18:34:41 -0400
801,10313,69,operated_at,"{""source_relationship"":""opened_at""}",2026-07-13 14:21:40 -0400,2026-07-22 18:34:11 -0400
802,10314,69,operated_at,{},2026-07-13 14:21:40 -0400,2026-07-13 14:21:40 -0400
803,10315,69,operated_at,{},2026-07-13 14:21:40 -0400,2026-07-13 14:21:40 -0400
804,10315,96,occupied,{},2026-07-13 14:21:40 -0400,2026-07-13 14:21:40 -0400
805,10316,35,sold,"{""source_relationship"":""conveyed""}",2026-07-13 14:21:40 -0400,2026-07-22 18:38:05 -0400
806,10316,69,purchased,"{""source_relationship"":""received_deed""}",2026-07-13 14:21:40 -0400,2026-07-22 18:38:16 -0400
807,10317,69,operated_at,{},2026-07-13 14:21:40 -0400,2026-07-13 14:21:40 -0400
808,10349,69,lent_to,"{""source_relationship"":""financed_through""}",2026-07-13 14:21:40 -0400,2026-07-22 18:37:56 -0400
809,10349,4,purchased,"{""source_relationship"":""acquired""}",2026-07-13 14:21:40 -0400,2026-07-22 18:37:11 -0400
810,10318,69,operated_at,"{""source_relationship"":""reopened_at""}",2026-07-13 14:21:40 -0400,2026-07-22 18:35:01 -0400
811,10319,69,operated_at,{},2026-07-13 14:21:40 -0400,2026-07-13 14:21:40 -0400
812,10503,35,related_to,"{""source_relationship"":""associated_with""}",2026-07-13 14:21:40 -0400,2026-07-22 18:38:44 -0400
813,10503,34,operated_at,"{""source_relationship"":""managed""}",2026-07-13 14:21:40 -0400,2026-07-22 18:34:44 -0400
814,10503,69,leased,"{""source_relationship"":""leased_to""}",2026-07-13 14:21:40 -0400,2026-07-22 18:34:26 -0400
815,10320,69,foreclosed_on,"{""source_relationship"":""lost_at_foreclosure""}",2026-07-13 14:21:40 -0400,2026-07-22 18:37:55 -0400
817,11120,45,operated_at,{},2026-07-13 14:21:47 -0400,2026-07-13 14:21:47 -0400
818,10350,509,purchased,"{""source_relationship"":""acquired""}",2026-07-13 14:21:48 -0400,2026-07-22 18:37:11 -0400
820,10323,510,operated_at,{},2026-07-13 14:21:51 -0400,2026-07-13 14:21:51 -0400
822,11124,511,operated_at,{},2026-07-13 14:21:58 -0400,2026-07-13 14:21:58 -0400
823,11124,512,operated_at,{},2026-07-13 14:21:58 -0400,2026-07-13 14:21:58 -0400
824,10324,513,operated_at,{},2026-07-13 14:21:58 -0400,2026-07-13 14:21:58 -0400
825,10352,514,owned,{},2026-07-13 14:21:58 -0400,2026-07-13 14:21:58 -0400
826,10352,515,owned,{},2026-07-13 14:21:58 -0400,2026-07-13 14:21:58 -0400
827,10352,516,owned,{},2026-07-13 14:21:58 -0400,2026-07-13 14:21:58 -0400
828,10352,517,owned,{},2026-07-13 14:21:58 -0400,2026-07-13 14:21:58 -0400
829,7429,515,sold,{},2026-07-13 14:21:58 -0400,2026-07-13 14:21:58 -0400
830,7430,516,purchased,{},2026-07-13 14:21:59 -0400,2026-07-13 14:21:59 -0400
831,7431,517,purchased,{},2026-07-13 14:21:59 -0400,2026-07-13 14:21:59 -0400
833,11127,518,operated_at,"{""source_relationship"":""operated_restaurant_at""}",2026-07-13 14:22:05 -0400,2026-07-22 18:34:58 -0400
834,11127,519,occupied,{},2026-07-13 14:22:05 -0400,2026-07-13 14:22:05 -0400
835,10326,520,operated_at,"{""source_relationship"":""operated_confectionery_at""}",2026-07-13 14:22:05 -0400,2026-07-22 18:38:49 -0400
836,10326,513,co_located_at,{},2026-07-13 14:22:05 -0400,2026-07-13 14:22:05 -0400
837,10353,521,owned,{},2026-07-13 14:22:05 -0400,2026-07-13 14:22:05 -0400
838,10353,2637,owned,{},2026-07-13 14:22:05 -0400,2026-07-22 18:00:30 -0400
840,11129,523,operated_at,{},2026-07-13 14:22:11 -0400,2026-07-13 14:22:11 -0400
841,10327,524,operated_at,{},2026-07-13 14:22:11 -0400,2026-07-13 14:22:11 -0400
842,10354,396,owned,{},2026-07-13 14:22:11 -0400,2026-07-13 14:22:11 -0400
843,10354,521,owned,{},2026-07-13 14:22:11 -0400,2026-07-13 14:22:11 -0400
844,10354,525,owned,{},2026-07-13 14:22:11 -0400,2026-07-13 14:22:11 -0400
846,10541,526,operated_at,"{""source_relationship"":""operated_as_bicycle_dealer""}",2026-07-13 14:22:23 -0400,2026-07-22 18:37:56 -0400
847,10542,527,operated_at,{},2026-07-13 14:22:23 -0400,2026-07-13 14:22:23 -0400
848,10542,526,operated_at,"{""source_relationship"":""operated""}",2026-07-13 14:22:23 -0400,2026-07-22 18:34:16 -0400
849,10542,528,shared_address,{},2026-07-13 14:22:23 -0400,2026-07-13 14:22:23 -0400
850,10543,526,listed_in,"{""source_relationship"":""listed_at_as_photographer""}",2026-07-13 14:22:23 -0400,2026-07-22 18:36:17 -0400
851,10543,527,listed_in,"{""source_relationship"":""listed_at""}",2026-07-13 14:22:23 -0400,2026-07-22 18:33:57 -0400
852,10328,526,operated_at,"{""source_relationship"":""operated_garage_and_photo_supplies""}",2026-07-13 14:22:24 -0400,2026-07-22 18:37:30 -0400
853,10545,526,operated_at,"{""source_relationship"":""operated_photo_supply_and_garage""}",2026-07-13 14:22:24 -0400,2026-07-22 18:37:01 -0400
854,10545,529,operated_at,"{""source_relationship"":""operated_films_business""}",2026-07-13 14:22:24 -0400,2026-07-22 18:34:08 -0400
855,10545,530,operated_at,{},2026-07-13 14:22:24 -0400,2026-07-13 14:22:24 -0400
856,10329,531,advertised_in,"{""source_relationship"":""advertised_at""}",2026-07-13 14:22:24 -0400,2026-07-22 18:36:37 -0400
857,10355,532,owned,{},2026-07-13 14:22:24 -0400,2026-07-13 14:22:24 -0400
858,10355,533,owned,{},2026-07-13 14:22:24 -0400,2026-07-13 14:22:24 -0400
859,11138,530,operated_at,{},2026-07-13 14:22:29 -0400,2026-07-13 14:22:29 -0400
860,10330,16,operated_at,"{""source_relationship"":""operated_office_at""}",2026-07-13 14:22:29 -0400,2026-07-22 18:37:17 -0400
861,10356,396,owned,{},2026-07-13 14:22:29 -0400,2026-07-13 14:22:29 -0400
862,11140,534,operated_at,{},2026-07-13 14:22:36 -0400,2026-07-13 14:22:36 -0400
863,11140,535,operated_at,{},2026-07-13 14:22:36 -0400,2026-07-13 14:22:36 -0400
864,11140,536,operated_at,{},2026-07-13 14:22:36 -0400,2026-07-13 14:22:36 -0400
865,11140,537,operated_at,{},2026-07-13 14:22:36 -0400,2026-07-13 14:22:36 -0400
867,10331,538,operated_at,{},2026-07-13 14:22:36 -0400,2026-07-13 14:22:36 -0400
868,10357,539,owned,{},2026-07-13 14:22:36 -0400,2026-07-13 14:22:36 -0400
869,10357,152,owned,"{""source_relationship"":""held_tax_sale""}",2026-07-13 14:22:36 -0400,2026-07-22 18:34:27 -0400
870,10357,540,owned,{},2026-07-13 14:22:36 -0400,2026-07-13 14:22:36 -0400
871,10357,541,owned,{},2026-07-13 14:22:36 -0400,2026-07-13 14:22:36 -0400
873,11142,542,operated_at,{},2026-07-13 14:22:51 -0400,2026-07-13 14:22:51 -0400
874,5091,543,operated_at,{},2026-07-13 14:22:51 -0400,2026-07-13 14:22:51 -0400
875,10360,544,operated_at,{},2026-07-13 14:22:51 -0400,2026-07-13 14:22:51 -0400
876,10360,545,met_at,{},2026-07-13 14:22:51 -0400,2026-07-13 14:22:51 -0400
877,5092,539,placed_in_trust,{},2026-07-13 14:22:51 -0400,2026-07-13 14:22:51 -0400
878,5092,546,mentioned_in,"{""source_relationship"":""named_in_trust""}",2026-07-13 14:22:51 -0400,2026-07-22 18:37:30 -0400
879,5092,547,trustee_of,"{""source_relationship"":""trustee""}",2026-07-13 14:22:51 -0400,2026-07-22 18:34:54 -0400
880,5092,548,trustee_of,"{""source_relationship"":""trustee""}",2026-07-13 14:22:51 -0400,2026-07-22 18:34:54 -0400
881,5093,549,sold,"{""source_relationship"":""conveyed_from""}",2026-07-13 14:22:51 -0400,2026-07-22 18:34:35 -0400
882,5093,550,sold,"{""source_relationship"":""conveyed_from""}",2026-07-13 14:22:51 -0400,2026-07-22 18:34:35 -0400
883,5093,551,sold,"{""source_relationship"":""conveyed_to""}",2026-07-13 14:22:51 -0400,2026-07-22 18:33:47 -0400
884,10392,552,owned,{},2026-07-13 14:22:51 -0400,2026-07-13 14:22:51 -0400
885,10392,553,owned,{},2026-07-13 14:22:51 -0400,2026-07-13 14:22:51 -0400
886,10392,554,owned,{},2026-07-13 14:22:51 -0400,2026-07-13 14:22:51 -0400
887,5094,552,sold,"{""source_relationship"":""conveyed_from""}",2026-07-13 14:22:51 -0400,2026-07-22 18:34:36 -0400
888,5094,553,sold,"{""source_relationship"":""conveyed_to""}",2026-07-13 14:22:51 -0400,2026-07-22 18:33:47 -0400
889,5095,553,sold,"{""source_relationship"":""conveyed_from""}",2026-07-13 14:22:51 -0400,2026-07-22 18:34:36 -0400
890,5095,554,sold,"{""source_relationship"":""conveyed_to""}",2026-07-13 14:22:51 -0400,2026-07-22 18:33:48 -0400
891,5095,555,lent_to,"{""source_relationship"":""financed""}",2026-07-13 14:22:51 -0400,2026-07-22 18:36:42 -0400
892,5095,543,mentioned_in,{},2026-07-13 14:22:52 -0400,2026-07-13 14:22:52 -0400
893,10362,556,operated_at,"{""source_relationship"":""operated""}",2026-07-13 14:22:55 -0400,2026-07-22 18:34:17 -0400
894,4952,14,mentioned_in,{},2026-07-13 14:23:11 -0400,2026-07-13 14:23:11 -0400
895,4952,52,mentioned_in,{},2026-07-13 14:23:11 -0400,2026-07-13 14:23:11 -0400
896,4953,14,mentioned_in,{},2026-07-13 14:23:11 -0400,2026-07-13 14:23:11 -0400
897,11146,63,operated_at,{},2026-07-13 14:23:11 -0400,2026-07-13 14:23:11 -0400
898,11146,45,operated_at,{},2026-07-13 14:23:11 -0400,2026-07-13 14:23:11 -0400
899,4954,14,mentioned_in,{},2026-07-13 14:23:11 -0400,2026-07-13 14:23:11 -0400
900,10813,14,mentioned_in,{},2026-07-13 14:23:11 -0400,2026-07-13 14:23:11 -0400
901,4956,52,mentioned_in,{},2026-07-13 14:23:11 -0400,2026-07-13 14:23:11 -0400
902,4956,14,mentioned_in,{},2026-07-13 14:23:11 -0400,2026-07-13 14:23:11 -0400
903,4957,52,mentioned_in,{},2026-07-13 14:23:11 -0400,2026-07-13 14:23:11 -0400
904,4957,14,mentioned_in,{},2026-07-13 14:23:11 -0400,2026-07-13 14:23:11 -0400
905,4961,52,purchased,{},2026-07-13 14:23:11 -0400,2026-07-13 14:23:11 -0400
906,4961,14,mentioned_in,{},2026-07-13 14:23:11 -0400,2026-07-13 14:23:11 -0400
907,4962,52,operated_at,"{""source_relationship"":""operated""}",2026-07-13 14:23:11 -0400,2026-07-22 18:34:17 -0400
908,10363,76,worked_at,{},2026-07-13 14:23:11 -0400,2026-07-13 14:23:11 -0400
909,10396,8,owned,{},2026-07-13 14:23:11 -0400,2026-07-13 14:23:11 -0400
910,10396,57,owned,{},2026-07-13 14:23:11 -0400,2026-07-13 14:23:11 -0400
911,10396,5,owned,{},2026-07-13 14:23:11 -0400,2026-07-13 14:23:11 -0400
912,5020,8,sold,{},2026-07-13 14:23:11 -0400,2026-07-13 14:23:11 -0400
913,5020,57,purchased,{},2026-07-13 14:23:11 -0400,2026-07-13 14:23:11 -0400
914,5021,57,sold,"{""source_relationship"":""transferred_ownership""}",2026-07-13 14:23:11 -0400,2026-07-22 18:40:16 -0400
915,5022,57,sold,"{""source_relationship"":""transferred_ownership""}",2026-07-13 14:23:11 -0400,2026-07-22 18:40:16 -0400
916,6841,57,sold,"{""source_relationship"":""transferred_ownership""}",2026-07-13 14:23:12 -0400,2026-07-22 18:40:16 -0400
917,6842,57,sold,{},2026-07-13 14:23:12 -0400,2026-07-13 14:23:12 -0400
918,6842,5,purchased,{},2026-07-13 14:23:12 -0400,2026-07-13 14:23:12 -0400
919,5023,57,sold,{},2026-07-13 14:23:12 -0400,2026-07-13 14:23:12 -0400
920,5023,5,purchased,{},2026-07-13 14:23:12 -0400,2026-07-13 14:23:12 -0400
921,180,5,applied_for,"{""source_relationship"":""applied_for_permit""}",2026-07-13 14:23:12 -0400,2026-07-22 18:34:52 -0400
922,10815,557,operated_at,"{""source_relationship"":""operated_branch_at""}",2026-07-13 14:23:26 -0400,2026-07-22 18:38:51 -0400
923,10364,557,operated_at,"{""source_relationship"":""operated_branch_at""}",2026-07-13 14:23:27 -0400,2026-07-22 18:38:51 -0400
924,4969,557,advertised_in,"{""source_relationship"":""advertised_branch_at""}",2026-07-13 14:23:27 -0400,2026-07-22 18:36:54 -0400
925,11151,557,operated_at,"{""source_relationship"":""historically_operated_at""}",2026-07-13 14:23:27 -0400,2026-07-22 18:36:22 -0400
926,11151,558,operated_at,{},2026-07-13 14:23:27 -0400,2026-07-13 14:23:27 -0400
927,4970,559,operated_at,{},2026-07-13 14:23:27 -0400,2026-07-13 14:23:27 -0400
928,10401,557,operated_at,"{""source_relationship"":""operated_branch_at""}",2026-07-13 14:23:27 -0400,2026-07-22 18:38:52 -0400
929,10401,560,lent_to,"{""source_relationship"":""acted_as_lender_at""}",2026-07-13 14:23:27 -0400,2026-07-22 18:37:06 -0400
930,10401,561,owned,{},2026-07-13 14:23:27 -0400,2026-07-13 14:23:27 -0400
931,10401,562,owned,{},2026-07-13 14:23:27 -0400,2026-07-13 14:23:27 -0400
932,10817,557,victim_of,"{""source_relationship"":""robbed_at""}",2026-07-13 14:23:27 -0400,2026-07-22 18:35:10 -0400
933,5089,560,assigned_interest_from,{},2026-07-13 14:23:27 -0400,2026-07-13 14:23:27 -0400
934,5089,563,purchased,"{""source_relationship"":""acquired_interest_in""}",2026-07-13 14:23:27 -0400,2026-07-22 18:33:52 -0400
935,5090,564,assigned_interest_from,{},2026-07-13 14:23:27 -0400,2026-07-13 14:23:27 -0400
936,5090,565,purchased,"{""source_relationship"":""acquired_interest_in""}",2026-07-13 14:23:27 -0400,2026-07-22 18:33:52 -0400
937,5090,566,lent_to,"{""source_relationship"":""financed""}",2026-07-13 14:23:27 -0400,2026-07-22 18:36:42 -0400
938,11153,567,lived_at,"{""source_relationship"":""resided_at""}",2026-07-13 14:23:35 -0400,2026-07-22 18:36:57 -0400
939,11153,568,operated_at,{},2026-07-13 14:23:35 -0400,2026-07-13 14:23:35 -0400
940,11153,569,operated_at,{},2026-07-13 14:23:35 -0400,2026-07-13 14:23:35 -0400
942,10365,570,mentioned_in,{},2026-07-13 14:23:35 -0400,2026-07-13 14:23:35 -0400
943,10404,571,owned,{},2026-07-13 14:23:35 -0400,2026-07-13 14:23:35 -0400
944,10404,572,owned,{},2026-07-13 14:23:35 -0400,2026-07-13 14:23:35 -0400
945,10404,152,owned,"{""source_relationship"":""held_tax_sale""}",2026-07-13 14:23:35 -0400,2026-07-22 18:34:27 -0400
946,10404,573,owned,{},2026-07-13 14:23:35 -0400,2026-07-13 14:23:35 -0400
947,10404,574,owned,{},2026-07-13 14:23:35 -0400,2026-07-13 14:23:35 -0400
948,10404,2650,owned,{},2026-07-13 14:23:35 -0400,2026-07-22 18:00:31 -0400
949,10404,541,owned,{},2026-07-13 14:23:35 -0400,2026-07-13 14:23:35 -0400
951,11157,576,lived_at,"{""source_relationship"":""resided_at""}",2026-07-13 14:23:43 -0400,2026-07-22 18:36:57 -0400
952,11157,2655,operated_at,{},2026-07-13 14:23:43 -0400,2026-07-22 18:00:31 -0400
956,4910,37,commissioned_construction,{},2026-07-13 14:24:08 -0400,2026-07-13 14:24:08 -0400
957,4910,580,built,"{""source_relationship"":""built_at""}",2026-07-13 14:24:08 -0400,2026-07-22 18:37:59 -0400
958,4911,44,mentioned_in,{},2026-07-13 14:24:08 -0400,2026-07-13 14:24:08 -0400
960,4912,44,mentioned_in,{},2026-07-13 14:24:08 -0400,2026-07-13 14:24:08 -0400
962,4913,44,worked_at,{},2026-07-13 14:24:09 -0400,2026-07-13 14:24:09 -0400
964,4914,44,mentioned_in,{},2026-07-13 14:24:09 -0400,2026-07-13 14:24:09 -0400
965,4915,44,mentioned_in,{},2026-07-13 14:24:09 -0400,2026-07-13 14:24:09 -0400
966,4916,24,operated_at,{},2026-07-13 14:24:09 -0400,2026-07-13 14:24:09 -0400
967,4917,44,mentioned_in,{},2026-07-13 14:24:09 -0400,2026-07-13 14:24:09 -0400
968,4918,44,mentioned_in,{},2026-07-13 14:24:09 -0400,2026-07-13 14:24:09 -0400
969,4919,44,mentioned_in,{},2026-07-13 14:24:09 -0400,2026-07-13 14:24:09 -0400
970,4920,44,mentioned_in,{},2026-07-13 14:24:09 -0400,2026-07-13 14:24:09 -0400
971,4921,44,operated_at,{},2026-07-13 14:24:09 -0400,2026-07-13 14:24:09 -0400
974,4922,44,operated_at,{},2026-07-13 14:24:09 -0400,2026-07-13 14:24:09 -0400
976,10593,32,mentioned_in,{},2026-07-13 14:24:09 -0400,2026-07-13 14:24:09 -0400
977,10594,32,mentioned_in,{},2026-07-13 14:24:09 -0400,2026-07-13 14:24:09 -0400
979,10595,32,mentioned_in,{},2026-07-13 14:24:09 -0400,2026-07-13 14:24:09 -0400
980,10596,32,mentioned_in,{},2026-07-13 14:24:09 -0400,2026-07-13 14:24:09 -0400
982,4923,37,mentioned_in,{},2026-07-13 14:24:09 -0400,2026-07-13 14:24:09 -0400
983,4924,25,controlled_signage_at,{},2026-07-13 14:24:09 -0400,2026-07-13 14:24:09 -0400
988,4925,25,leased,"{""source_relationship"":""leased_from""}",2026-07-13 14:24:10 -0400,2026-07-22 18:35:05 -0400
989,4925,1340,leased,{},2026-07-13 14:24:10 -0400,2026-07-22 17:37:24 -0400
990,4926,25,leased,"{""source_relationship"":""leased_from""}",2026-07-13 14:24:10 -0400,2026-07-22 18:35:05 -0400
991,4926,1340,leased,{},2026-07-13 14:24:10 -0400,2026-07-22 17:37:24 -0400
992,4927,1340,operated_at,{},2026-07-13 14:24:10 -0400,2026-07-22 17:37:24 -0400
993,4928,1340,operated_at,{},2026-07-13 14:24:10 -0400,2026-07-22 17:37:24 -0400
994,4929,1340,operated_at,{},2026-07-13 14:24:10 -0400,2026-07-22 17:37:25 -0400
996,4930,1340,brokered,"{""source_relationship"":""liquidated_at""}",2026-07-13 14:24:10 -0400,2026-07-22 18:33:50 -0400
997,4931,1340,brokered,"{""source_relationship"":""liquidated_at""}",2026-07-13 14:24:10 -0400,2026-07-22 18:33:50 -0400
998,4932,6,advertised_in,"{""source_relationship"":""property_advertised_for_sale""}",2026-07-13 14:24:33 -0400,2026-07-22 18:33:50 -0400
999,4932,543,mentioned_in,{},2026-07-13 14:24:33 -0400,2026-07-13 14:24:33 -0400
1000,4932,30,mentioned_in,{},2026-07-13 14:24:33 -0400,2026-07-13 14:24:33 -0400
1001,4933,581,purchased,"{""source_relationship"":""purchased_at_auction""}",2026-07-13 14:24:33 -0400,2026-07-22 19:11:26 -0400
1003,4934,30,purchased,"{""source_relationship"":""acquired_title""}",2026-07-13 14:24:33 -0400,2026-07-22 18:37:41 -0400
1004,4935,17,leased,{},2026-07-13 14:24:33 -0400,2026-07-13 14:24:33 -0400
1005,4935,30,leased,"{""source_relationship"":""lessor""}",2026-07-13 14:24:33 -0400,2026-07-22 18:38:45 -0400
1006,4935,582,brokered,{},2026-07-13 14:24:33 -0400,2026-07-13 14:24:33 -0400
1007,4936,17,leased,{},2026-07-13 14:24:33 -0400,2026-07-13 14:24:33 -0400
1008,4936,30,leased,"{""source_relationship"":""lessor""}",2026-07-13 14:24:33 -0400,2026-07-22 18:38:45 -0400
1009,4936,582,brokered,{},2026-07-13 14:24:33 -0400,2026-07-13 14:24:33 -0400
1010,4937,17,operated_at,{},2026-07-13 14:24:33 -0400,2026-07-13 14:24:33 -0400
1011,4938,17,operated_at,{},2026-07-13 14:24:33 -0400,2026-07-13 14:24:33 -0400
1012,4939,17,operated_at,{},2026-07-13 14:24:33 -0400,2026-07-13 14:24:33 -0400
1013,4941,17,operated_at,{},2026-07-13 14:24:33 -0400,2026-07-13 14:24:33 -0400
1014,4941,583,operated_at,"{""source_relationship"":""managed""}",2026-07-13 14:24:33 -0400,2026-07-22 18:34:44 -0400
1015,4940,17,operated_at,{},2026-07-13 14:24:33 -0400,2026-07-13 14:24:33 -0400
1016,4942,17,operated_at,{},2026-07-13 14:24:33 -0400,2026-07-13 14:24:33 -0400
1018,4943,17,operated_at,{},2026-07-13 14:24:33 -0400,2026-07-13 14:24:33 -0400
1019,4944,43,operated_at,{},2026-07-13 14:24:34 -0400,2026-07-13 14:24:34 -0400
1020,4945,43,operated_at,{},2026-07-13 14:24:34 -0400,2026-07-13 14:24:34 -0400
1021,4945,17,operated_at,"{""source_relationship"":""previously_operated_at""}",2026-07-13 14:24:34 -0400,2026-07-22 18:37:18 -0400
1022,4946,584,brokered,"{""source_relationship"":""conducted_auction""}",2026-07-13 14:24:34 -0400,2026-07-22 18:34:45 -0400
1023,4947,584,brokered,"{""source_relationship"":""conducted_auction""}",2026-07-13 14:24:34 -0400,2026-07-22 18:34:45 -0400
1024,4947,543,brokered,"{""source_relationship"":""conducted_auction""}",2026-07-13 14:24:34 -0400,2026-07-22 18:34:45 -0400
1025,4948,43,operated_at,{},2026-07-13 14:24:34 -0400,2026-07-13 14:24:34 -0400
1026,4949,43,operated_at,{},2026-07-13 14:24:34 -0400,2026-07-13 14:24:34 -0400
1027,4950,1348,operated_at,{},2026-07-13 14:24:34 -0400,2026-07-22 17:37:23 -0400
1032,5033,32,sold,"{""source_relationship"":""conveyed_from""}",2026-07-13 14:24:34 -0400,2026-07-22 18:34:36 -0400
1033,5033,30,purchased,"{""source_relationship"":""acquired_title""}",2026-07-13 14:24:34 -0400,2026-07-22 18:37:42 -0400
1034,5034,30,sold,"{""source_relationship"":""conveyed_from""}",2026-07-13 14:24:34 -0400,2026-07-22 18:34:36 -0400
1035,5034,585,purchased,"{""source_relationship"":""acquired_title""}",2026-07-13 14:24:34 -0400,2026-07-22 18:37:42 -0400
1036,5035,585,sold,"{""source_relationship"":""conveyed_from""}",2026-07-13 14:24:34 -0400,2026-07-22 18:34:36 -0400
1037,5035,586,purchased,"{""source_relationship"":""acquired_title""}",2026-07-13 14:24:34 -0400,2026-07-22 18:37:42 -0400
1039,5036,586,sold,"{""source_relationship"":""conveyed_from""}",2026-07-13 14:24:34 -0400,2026-07-22 18:34:36 -0400
1040,5036,6,purchased,"{""source_relationship"":""acquired_title""}",2026-07-13 14:24:34 -0400,2026-07-22 18:37:42 -0400
1041,11177,568,operated_at,{},2026-07-13 14:24:39 -0400,2026-07-13 14:24:39 -0400
1042,11177,587,operated_at,{},2026-07-13 14:24:39 -0400,2026-07-13 14:24:39 -0400
1044,10367,588,operated_at,{},2026-07-13 14:24:39 -0400,2026-07-13 14:24:39 -0400
1045,10407,2386,owned,{},2026-07-13 14:24:40 -0400,2026-07-22 18:00:29 -0400
1046,10407,199,owned,{},2026-07-13 14:24:40 -0400,2026-07-13 14:24:40 -0400
1047,10407,590,owned,{},2026-07-13 14:24:40 -0400,2026-07-13 14:24:40 -0400
1048,11179,16,operated_at,"{""source_relationship"":""historically_operated_at""}",2026-07-13 14:24:47 -0400,2026-07-22 18:36:22 -0400
1050,10368,591,operated_at,{},2026-07-13 14:24:47 -0400,2026-07-13 14:24:47 -0400
1051,10408,592,owned,{},2026-07-13 14:24:47 -0400,2026-07-13 14:24:47 -0400
1052,10408,593,owned,{},2026-07-13 14:24:47 -0400,2026-07-13 14:24:47 -0400
1053,10408,594,owned,{},2026-07-13 14:24:47 -0400,2026-07-13 14:24:47 -0400
1054,10408,595,owned,{},2026-07-13 14:24:47 -0400,2026-07-13 14:24:47 -0400
1055,10369,596,operated_at,{},2026-07-13 14:24:52 -0400,2026-07-13 14:24:52 -0400
1056,10369,597,owned,"{""source_relationship"":""owned_and_operated""}",2026-07-13 14:24:52 -0400,2026-07-22 18:38:11 -0400
1058,11182,598,operated_at,{},2026-07-13 14:24:52 -0400,2026-07-13 14:24:52 -0400
1059,10409,596,occupied,"{""source_relationship"":""historically_occupied""}",2026-07-13 14:24:52 -0400,2026-07-22 18:38:14 -0400
1060,10371,599,built,"{""source_relationship"":""erected""}",2026-07-13 14:25:05 -0400,2026-07-22 18:37:55 -0400
1061,10371,570,predecessor_of,{},2026-07-13 14:25:05 -0400,2026-07-13 14:25:05 -0400
1062,10372,570,mentioned_in,{},2026-07-13 14:25:05 -0400,2026-07-13 14:25:05 -0400
1063,10372,600,mentioned_in,{},2026-07-13 14:25:05 -0400,2026-07-13 14:25:05 -0400
1065,11185,570,occupied,"{""source_relationship"":""historic_occupant""}",2026-07-13 14:25:05 -0400,2026-07-22 18:34:38 -0400
1066,10373,570,operated_at,{},2026-07-13 14:25:05 -0400,2026-07-13 14:25:05 -0400
1067,10374,570,relocated_to,{},2026-07-13 14:25:05 -0400,2026-07-13 14:25:05 -0400
1068,10375,600,moved_into,{},2026-07-13 14:25:05 -0400,2026-07-13 14:25:05 -0400
1069,10377,570,operated_at,{},2026-07-13 14:25:05 -0400,2026-07-13 14:25:05 -0400
1070,10377,286,mentioned_in,{},2026-07-13 14:25:05 -0400,2026-07-13 14:25:05 -0400
1071,10378,570,mentioned_in,{},2026-07-13 14:25:06 -0400,2026-07-13 14:25:06 -0400
1072,10378,278,promoted_at,{},2026-07-13 14:25:06 -0400,2026-07-13 14:25:06 -0400
1073,10378,346,promoted_at,{},2026-07-13 14:25:06 -0400,2026-07-13 14:25:06 -0400
1074,10379,570,mentioned_in,{},2026-07-13 14:25:06 -0400,2026-07-13 14:25:06 -0400
1075,10379,601,victim_of,"{""source_relationship"":""injured_while_serving_at""}",2026-07-13 14:25:06 -0400,2026-07-22 18:38:52 -0400
1076,10379,168,commended,{},2026-07-13 14:25:06 -0400,2026-07-13 14:25:06 -0400
1077,10380,602,led,"{""source_relationship"":""commanded""}",2026-07-13 14:25:06 -0400,2026-07-22 18:35:03 -0400
1078,10380,570,led,"{""source_relationship"":""commanded_by""}",2026-07-13 14:25:06 -0400,2026-07-22 18:37:46 -0400
1079,10381,570,mentioned_in,{},2026-07-13 14:25:06 -0400,2026-07-13 14:25:06 -0400
1080,10381,600,located_at,{},2026-07-13 14:25:06 -0400,2026-07-13 14:25:06 -0400
1081,10382,570,vacated,{},2026-07-13 14:25:06 -0400,2026-07-13 14:25:06 -0400
1082,10383,570,operated_at,"{""source_relationship"":""reopened_at""}",2026-07-13 14:25:06 -0400,2026-07-22 18:35:01 -0400
1083,10383,152,funded_renovation,{},2026-07-13 14:25:06 -0400,2026-07-13 14:25:06 -0400
1085,11198,603,operated_at,{},2026-07-13 14:25:15 -0400,2026-07-13 14:25:15 -0400
1086,10384,604,operated_at,{},2026-07-13 14:25:15 -0400,2026-07-13 14:25:15 -0400
1087,10548,605,charged_with_gambling_violations,{},2026-07-13 14:25:15 -0400,2026-07-13 14:25:15 -0400
1088,10411,211,owned,{},2026-07-13 14:25:15 -0400,2026-07-13 14:25:15 -0400
1089,10411,205,mentioned_in,{},2026-07-13 14:25:15 -0400,2026-07-13 14:25:15 -0400
1090,10549,211,purchased,{},2026-07-13 14:25:15 -0400,2026-07-13 14:25:15 -0400
1091,10549,605,mentioned_in,{},2026-07-13 14:25:15 -0400,2026-07-13 14:25:15 -0400
1092,10550,211,party_to_suit,"{""source_relationship"":""convicted_at""}",2026-07-13 14:25:15 -0400,2026-07-22 18:36:35 -0400
1093,10551,606,mentioned_in,{},2026-07-13 14:25:15 -0400,2026-07-13 14:25:15 -0400
1094,10385,88,operated_at,{},2026-07-13 14:25:19 -0400,2026-07-13 14:25:19 -0400
1095,10385,44,operated_at,"{""source_relationship"":""previously_operated_at""}",2026-07-13 14:25:19 -0400,2026-07-22 18:37:18 -0400
1097,10386,607,operated_at,{},2026-07-13 14:25:28 -0400,2026-07-13 14:25:28 -0400
1098,10413,422,owned,{},2026-07-13 14:25:28 -0400,2026-07-13 14:25:28 -0400
1099,10413,388,owned,{},2026-07-13 14:25:28 -0400,2026-07-13 14:25:28 -0400
1100,10387,608,operated_at,"{""source_relationship"":""operated_hardware_store_at""}",2026-07-13 14:25:37 -0400,2026-07-22 18:33:59 -0400
1101,10387,609,operated_at,{},2026-07-13 14:25:37 -0400,2026-07-13 14:25:37 -0400
1102,11208,610,occupied,"{""source_relationship"":""historic_occupant_of""}",2026-07-13 14:25:37 -0400,2026-07-22 18:34:26 -0400
1103,11208,611,occupied,"{""source_relationship"":""occupied_as_of_2013""}",2026-07-13 14:25:37 -0400,2026-07-22 18:36:19 -0400
1105,5667,612,headquartered_at,{},2026-07-13 14:25:37 -0400,2026-07-13 14:25:37 -0400
1106,5667,613,founded,{},2026-07-13 14:25:37 -0400,2026-07-13 14:25:37 -0400
1107,5667,614,mentioned_in,{},2026-07-13 14:25:37 -0400,2026-07-13 14:25:37 -0400
1108,5667,615,occupied,"{""source_relationship"":""later_occupant_of_flagship_location""}",2026-07-13 14:25:37 -0400,2026-07-22 18:34:14 -0400
1109,10414,616,owned,"{""source_relationship"":""owned_since""}",2026-07-13 14:25:37 -0400,2026-07-22 18:36:40 -0400
1110,10842,616,owned,"{""source_relationship"":""owned_as_landlords""}",2026-07-13 14:25:37 -0400,2026-07-22 18:37:31 -0400
1111,10842,617,member_of,"{""source_relationship"":""parishioners_of""}",2026-07-13 14:25:37 -0400,2026-07-22 18:37:44 -0400
1112,10842,611,leased,"{""source_relationship"":""tenant_at""}",2026-07-13 14:25:37 -0400,2026-07-22 18:36:15 -0400
1113,10843,611,operated_at,{},2026-07-13 14:25:37 -0400,2026-07-13 14:25:37 -0400
1114,10843,618,frequented,{},2026-07-13 14:25:38 -0400,2026-07-13 14:25:38 -0400
1116,11212,619,occupied,{},2026-07-13 14:25:46 -0400,2026-07-13 14:25:46 -0400
1117,11212,620,occupied,{},2026-07-13 14:25:46 -0400,2026-07-13 14:25:46 -0400
1118,11212,621,occupied,{},2026-07-13 14:25:46 -0400,2026-07-13 14:25:46 -0400
1119,5096,622,operated_at,{},2026-07-13 14:25:46 -0400,2026-07-13 14:25:46 -0400
1120,5096,623,mentioned_in,{},2026-07-13 14:25:46 -0400,2026-07-13 14:25:46 -0400
1121,10389,624,operated_at,{},2026-07-13 14:25:46 -0400,2026-07-13 14:25:46 -0400
1122,10389,625,operated_at,{},2026-07-13 14:25:46 -0400,2026-07-13 14:25:46 -0400
1123,10389,626,operated_at,{},2026-07-13 14:25:46 -0400,2026-07-13 14:25:46 -0400
1124,10415,627,occupied,{},2026-07-13 14:25:46 -0400,2026-07-13 14:25:46 -0400
1125,10415,628,purchased,{},2026-07-13 14:25:46 -0400,2026-07-13 14:25:46 -0400
1126,10415,623,purchased,"{""source_relationship"":""acquired""}",2026-07-13 14:25:47 -0400,2026-07-22 18:37:11 -0400
1127,6650,629,depicted_in,"{""source_relationship"":""shown_on_map""}",2026-07-13 14:26:20 -0400,2026-07-22 18:35:13 -0400
1128,6650,102,depicted_in,"{""source_relationship"":""shown_on_map""}",2026-07-13 14:26:20 -0400,2026-07-22 18:35:14 -0400
1129,6650,68,mentioned_in,{},2026-07-13 14:26:20 -0400,2026-07-13 14:26:20 -0400
1130,6650,51,depicted_in,"{""source_relationship"":""associated_estate_shown_on_map""}",2026-07-13 14:26:20 -0400,2026-07-22 19:11:26 -0400
1131,5185,51,sold,"{""source_relationship"":""conveyed_property""}",2026-07-13 14:26:20 -0400,2026-07-22 18:36:48 -0400
1132,5185,630,purchased,"{""source_relationship"":""received_conveyance""}",2026-07-13 14:26:21 -0400,2026-07-22 18:40:14 -0400
1133,5186,631,worked_at,"{""source_relationship"":""practiced_at""}",2026-07-13 14:26:21 -0400,2026-07-22 18:36:29 -0400
1134,5187,23,sold,"{""source_relationship"":""conveyed_property""}",2026-07-13 14:26:21 -0400,2026-07-22 18:36:48 -0400
1135,5187,49,purchased,"{""source_relationship"":""received_conveyance""}",2026-07-13 14:26:21 -0400,2026-07-22 18:40:14 -0400
1136,4645,60,identified_at,{},2026-07-13 14:26:21 -0400,2026-07-13 14:26:21 -0400
1137,4647,632,died_at,{},2026-07-13 14:26:21 -0400,2026-07-13 14:26:21 -0400
1138,4648,633,operated_at,"{""source_relationship"":""licensed_operator_at""}",2026-07-13 14:26:21 -0400,2026-07-22 18:36:52 -0400
1139,4649,634,owned,"{""source_relationship"":""held_rally_at""}",2026-07-13 14:26:21 -0400,2026-07-22 18:36:52 -0400
1140,4650,635,mentioned_in,{},2026-07-13 14:26:21 -0400,2026-07-13 14:26:21 -0400
1141,4650,75,related_to,"{""source_relationship"":""associated_with_property""}",2026-07-13 14:26:21 -0400,2026-07-22 18:38:35 -0400
1142,6655,636,owned,"{""source_relationship"":""owned_lot_shown_on_map""}",2026-07-13 14:26:21 -0400,2026-07-22 18:34:51 -0400
1143,6655,637,depicted_in,"{""source_relationship"":""shown_on_map""}",2026-07-13 14:26:21 -0400,2026-07-22 18:35:14 -0400
1144,6655,638,depicted_in,"{""source_relationship"":""shown_on_map""}",2026-07-13 14:26:21 -0400,2026-07-22 18:35:14 -0400
1145,6655,639,depicted_in,"{""source_relationship"":""shown_on_map""}",2026-07-13 14:26:21 -0400,2026-07-22 18:35:14 -0400
1146,6655,640,depicted_in,"{""source_relationship"":""shown_on_map""}",2026-07-13 14:26:21 -0400,2026-07-22 18:35:14 -0400
1147,4651,11,sold,"{""source_relationship"":""sold_property""}",2026-07-13 14:26:21 -0400,2026-07-22 18:37:44 -0400
1148,5188,11,purchased,"{""source_relationship"":""bought_property""}",2026-07-13 14:26:21 -0400,2026-07-22 18:34:31 -0400
1149,5188,21,sold,"{""source_relationship"":""sold_property""}",2026-07-13 14:26:21 -0400,2026-07-22 18:37:44 -0400
1150,5189,641,purchased,"{""source_relationship"":""received_conveyance""}",2026-07-13 14:26:21 -0400,2026-07-22 18:40:15 -0400
1151,5189,75,owned,"{""source_relationship"":""established_ownership""}",2026-07-13 14:26:21 -0400,2026-07-22 19:11:24 -0400
1152,4652,11,sold,"{""source_relationship"":""sold_property""}",2026-07-13 14:26:21 -0400,2026-07-22 18:37:45 -0400
1153,4652,75,purchased,"{""source_relationship"":""acquired_property""}",2026-07-13 14:26:21 -0400,2026-07-22 18:33:46 -0400
1154,4653,21,sold,"{""source_relationship"":""sold_property""}",2026-07-13 14:26:21 -0400,2026-07-22 18:37:45 -0400
1155,4653,642,purchased,"{""source_relationship"":""received_conveyance""}",2026-07-13 14:26:21 -0400,2026-07-22 18:40:15 -0400
1156,4654,21,built,"{""source_relationship"":""developed_property""}",2026-07-13 14:26:21 -0400,2026-07-22 18:36:31 -0400
1157,10424,633,operated_at,"{""source_relationship"":""operated_saloon_at""}",2026-07-13 14:26:22 -0400,2026-07-22 18:37:00 -0400
1158,10424,641,operated_at,"{""source_relationship"":""operated_saloon_at""}",2026-07-13 14:26:22 -0400,2026-07-22 18:37:00 -0400
1159,5190,641,operated_at,"{""source_relationship"":""operated_soft_drinks_store_at""}",2026-07-13 14:26:22 -0400,2026-07-22 18:34:28 -0400
1160,4656,641,died_at,"{""source_relationship"":""died""}",2026-07-13 14:26:22 -0400,2026-07-22 18:37:39 -0400
1161,4656,643,mentioned_in,{},2026-07-13 14:26:22 -0400,2026-07-13 14:26:22 -0400
1162,5191,641,died_at,"{""source_relationship"":""died""}",2026-07-13 14:26:22 -0400,2026-07-22 18:37:40 -0400
1163,5191,644,purchased,"{""source_relationship"":""inherited_ownership""}",2026-07-13 14:26:22 -0400,2026-07-22 19:11:34 -0400
1164,5192,90,brokered,"{""source_relationship"":""brokered_lease_for""}",2026-07-13 14:26:22 -0400,2026-07-22 18:40:05 -0400
1165,5193,645,charged_at,{},2026-07-13 14:26:22 -0400,2026-07-13 14:26:22 -0400
1166,5193,58,licensed_at,{},2026-07-13 14:26:22 -0400,2026-07-13 14:26:22 -0400
1167,5194,12,brokered,"{""source_relationship"":""brokered_lease""}",2026-07-13 14:26:22 -0400,2026-07-22 18:40:08 -0400
1168,5194,58,leased,"{""source_relationship"":""leased_property""}",2026-07-13 14:26:22 -0400,2026-07-22 18:36:17 -0400
1169,5194,90,leased,"{""source_relationship"":""lessor""}",2026-07-13 14:26:22 -0400,2026-07-22 18:38:45 -0400
1170,5195,12,brokered,"{""source_relationship"":""brokered_lease""}",2026-07-13 14:26:22 -0400,2026-07-22 18:40:08 -0400
1171,5195,646,leased,"{""source_relationship"":""leased_property""}",2026-07-13 14:26:22 -0400,2026-07-22 18:36:17 -0400
1172,5196,646,vacated_property,{},2026-07-13 14:26:22 -0400,2026-07-13 14:26:22 -0400
1173,5197,12,brokered,"{""source_relationship"":""brokered_sale""}",2026-07-13 14:26:22 -0400,2026-07-22 18:33:54 -0400
1174,5197,644,sold,"{""source_relationship"":""sold_property""}",2026-07-13 14:26:22 -0400,2026-07-22 18:37:45 -0400
1175,5198,646,mentioned_in,{},2026-07-13 14:26:22 -0400,2026-07-13 14:26:22 -0400
1176,5198,647,advertised_in,"{""source_relationship"":""advertised_at""}",2026-07-13 14:26:22 -0400,2026-07-22 18:36:37 -0400
1177,5199,646,operated_at,{},2026-07-13 14:26:22 -0400,2026-07-13 14:26:22 -0400
1178,5200,648,operated_at,{},2026-07-13 14:26:22 -0400,2026-07-13 14:26:22 -0400
1179,5202,649,operated_at,{},2026-07-13 14:26:22 -0400,2026-07-13 14:26:22 -0400
1180,5202,650,operated_at,{},2026-07-13 14:26:22 -0400,2026-07-13 14:26:22 -0400
1181,5203,78,operated_at,{},2026-07-13 14:26:22 -0400,2026-07-13 14:26:22 -0400
1182,5204,78,operated_at,{},2026-07-13 14:26:23 -0400,2026-07-13 14:26:23 -0400
1183,5204,651,subject_of,"{""source_relationship"":""reviewed""}",2026-07-13 14:26:23 -0400,2026-07-22 18:37:47 -0400
1184,4657,78,operated_at,{},2026-07-13 14:26:23 -0400,2026-07-13 14:26:23 -0400
1185,4657,646,operated_at,"{""source_relationship"":""previously_operated_at""}",2026-07-13 14:26:23 -0400,2026-07-22 18:37:18 -0400
1186,5206,652,sold,"{""source_relationship"":""sold_property""}",2026-07-13 14:26:23 -0400,2026-07-22 18:37:45 -0400
1187,5206,50,purchased,"{""source_relationship"":""received_conveyance""}",2026-07-13 14:26:23 -0400,2026-07-22 18:40:15 -0400
1188,5277,653,operated_at,{},2026-07-13 14:26:27 -0400,2026-07-13 14:26:27 -0400
1189,5207,50,sold,"{""source_relationship"":""conveyed""}",2026-07-13 14:26:28 -0400,2026-07-22 18:38:05 -0400
1190,5207,1,purchased,"{""source_relationship"":""acquired""}",2026-07-13 14:26:28 -0400,2026-07-22 18:37:11 -0400
1191,5016,1,purchased,"{""source_relationship"":""acquired""}",2026-07-13 14:26:28 -0400,2026-07-22 18:37:12 -0400
1192,10444,654,operated_at,"{""source_relationship"":""operated""}",2026-07-13 14:26:32 -0400,2026-07-22 18:34:17 -0400
1193,10507,655,sold,{},2026-07-13 14:26:32 -0400,2026-07-13 14:26:32 -0400
1194,10507,586,purchased,{},2026-07-13 14:26:32 -0400,2026-07-13 14:26:32 -0400
1195,11244,656,operated_at,"{""source_relationship"":""operated_confectionary_at""}",2026-07-13 14:26:39 -0400,2026-07-22 18:34:13 -0400
1196,11244,657,occupied,{},2026-07-13 14:26:39 -0400,2026-07-13 14:26:39 -0400
1198,10866,658,branded_bottles_from,{},2026-07-13 14:26:39 -0400,2026-07-13 14:26:39 -0400
1199,10866,659,produced_bottles_at,{},2026-07-13 14:26:39 -0400,2026-07-13 14:26:39 -0400
1200,10445,660,operated_at,"{""source_relationship"":""operated_as_confectioner_at""}",2026-07-13 14:26:39 -0400,2026-07-22 18:37:38 -0400
1201,10445,658,operated_at,"{""source_relationship"":""operated_as_bottler_at""}",2026-07-13 14:26:39 -0400,2026-07-22 18:36:16 -0400
1202,10445,659,operated_at,{},2026-07-13 14:26:39 -0400,2026-07-13 14:26:39 -0400
1203,10508,661,sold,{},2026-07-13 14:26:39 -0400,2026-07-13 14:26:39 -0400
1204,10508,662,purchased,{},2026-07-13 14:26:39 -0400,2026-07-13 14:26:39 -0400
1206,11249,663,operated_at,"{""source_relationship"":""operated_shoe_repair_at""}",2026-07-13 14:26:49 -0400,2026-07-22 18:38:40 -0400
1207,11249,664,operated_at,"{""source_relationship"":""operated_restaurant_at""}",2026-07-13 14:26:49 -0400,2026-07-22 18:34:58 -0400
1208,11249,665,operated_at,{},2026-07-13 14:26:49 -0400,2026-07-13 14:26:49 -0400
1209,10447,666,worked_at,{},2026-07-13 14:26:49 -0400,2026-07-13 14:26:49 -0400
1210,10510,667,sold,{},2026-07-13 14:26:49 -0400,2026-07-13 14:26:49 -0400
1211,10510,550,purchased,{},2026-07-13 14:26:50 -0400,2026-07-13 14:26:50 -0400
1212,10510,668,purchased,{},2026-07-13 14:26:50 -0400,2026-07-13 14:26:50 -0400
1213,11251,669,operated_at,"{""source_relationship"":""operated_shoe_store_at""}",2026-07-13 14:26:54 -0400,2026-07-22 18:37:36 -0400
1214,11251,670,operated_at,{},2026-07-13 14:26:54 -0400,2026-07-13 14:26:54 -0400
1217,11253,672,historic_use_of,{},2026-07-13 14:27:01 -0400,2026-07-13 14:27:01 -0400
1218,11253,16,designated,"{""source_relationship"":""contributing_resource_in""}",2026-07-13 14:27:01 -0400,2026-07-22 18:36:20 -0400
1219,10450,672,operated_at,{},2026-07-13 14:27:01 -0400,2026-07-13 14:27:01 -0400
1220,10450,673,operated_at,"{""source_relationship"":""operated""}",2026-07-13 14:27:02 -0400,2026-07-22 18:34:17 -0400
1221,10451,672,operated_at,{},2026-07-13 14:27:02 -0400,2026-07-13 14:27:02 -0400
1222,10512,672,subject_of,"{""source_relationship"":""subject_of_sale""}",2026-07-13 14:27:02 -0400,2026-07-22 18:37:43 -0400
1223,10512,674,sold,{},2026-07-13 14:27:02 -0400,2026-07-13 14:27:02 -0400
1224,10512,675,purchased,{},2026-07-13 14:27:02 -0400,2026-07-13 14:27:02 -0400
1225,10512,662,owned,"{""source_relationship"":""current_owner""}",2026-07-13 14:27:02 -0400,2026-07-22 18:33:49 -0400
1226,7060,662,purchased,{},2026-07-13 14:27:02 -0400,2026-07-13 14:27:02 -0400
1227,11257,676,operated_at,"{""source_relationship"":""operated""}",2026-07-13 14:27:05 -0400,2026-07-22 18:34:17 -0400
1228,11257,670,operated_at,{},2026-07-13 14:27:05 -0400,2026-07-13 14:27:05 -0400
1229,10452,677,worked_at,{},2026-07-13 14:27:05 -0400,2026-07-13 14:27:05 -0400
1230,10453,678,operated_at,"{""source_relationship"":""operated_dentist_office_at""}",2026-07-13 14:27:12 -0400,2026-07-22 18:34:10 -0400
1231,10453,679,operated_at,"{""source_relationship"":""operated_dentist_office_at""}",2026-07-13 14:27:12 -0400,2026-07-22 18:34:10 -0400
1232,11260,680,located_at,{},2026-07-13 14:27:12 -0400,2026-07-13 14:27:12 -0400
1233,11260,3057,operated_at,{},2026-07-13 14:27:12 -0400,2026-07-22 18:00:27 -0400
1234,11260,682,occupied,{},2026-07-13 14:27:12 -0400,2026-07-13 14:27:12 -0400
1235,11260,683,occupied,{},2026-07-13 14:27:12 -0400,2026-07-13 14:27:12 -0400
1237,10514,684,party_to_sale_agreement,{},2026-07-13 14:27:12 -0400,2026-07-13 14:27:12 -0400
1238,11261,685,operated_at,{},2026-07-13 14:27:23 -0400,2026-07-13 14:27:23 -0400
1239,11261,686,operated_at,{},2026-07-13 14:27:23 -0400,2026-07-13 14:27:23 -0400
1240,11261,687,operated_at,{},2026-07-13 14:27:23 -0400,2026-07-13 14:27:23 -0400
1242,10454,688,operated_at,{},2026-07-13 14:27:23 -0400,2026-07-13 14:27:23 -0400
1243,5101,689,owned,{},2026-07-13 14:27:23 -0400,2026-07-13 14:27:23 -0400
1244,5101,690,owned,{},2026-07-13 14:27:23 -0400,2026-07-13 14:27:23 -0400
1245,5101,691,lent_to,"{""source_relationship"":""held_loan_security""}",2026-07-13 14:27:23 -0400,2026-07-22 19:11:33 -0400
1246,5102,692,sold,{},2026-07-13 14:27:23 -0400,2026-07-13 14:27:23 -0400
1247,5102,693,purchased,{},2026-07-13 14:27:23 -0400,2026-07-13 14:27:23 -0400
1248,5103,693,mortgaged,{},2026-07-13 14:27:23 -0400,2026-07-13 14:27:23 -0400
1249,5103,694,owned,"{""source_relationship"":""held_deed_of_trust""}",2026-07-13 14:27:23 -0400,2026-07-22 18:37:34 -0400
1250,5103,695,trustee_of,"{""source_relationship"":""acted_as_trustee""}",2026-07-13 14:27:23 -0400,2026-07-22 18:36:29 -0400
1251,5104,693,mentioned_in,{},2026-07-13 14:27:23 -0400,2026-07-13 14:27:23 -0400
1252,5104,694,assigned_deed_of_trust,{},2026-07-13 14:27:23 -0400,2026-07-13 14:27:23 -0400
1253,5104,696,purchased,"{""source_relationship"":""received_assignment_of_deed_of_trust""}",2026-07-13 14:27:23 -0400,2026-07-22 18:34:51 -0400
1254,10455,697,operated_at,"{""source_relationship"":""operated""}",2026-07-13 14:27:29 -0400,2026-07-22 18:34:17 -0400
1255,11264,698,operated_at,{},2026-07-13 14:27:29 -0400,2026-07-13 14:27:29 -0400
1256,11264,3058,operated_at,{},2026-07-13 14:27:29 -0400,2026-07-22 17:37:34 -0400
1258,10520,700,sold,"{""source_relationship"":""conveyed_from""}",2026-07-13 14:27:29 -0400,2026-07-22 18:34:37 -0400
1259,10520,701,sold,"{""source_relationship"":""conveyed_to""}",2026-07-13 14:27:29 -0400,2026-07-22 18:33:48 -0400
1260,10456,702,operated_at,"{""source_relationship"":""operated_lunch_room_at""}",2026-07-13 14:27:39 -0400,2026-07-22 18:38:52 -0400
1261,10456,702,mentioned_in,{},2026-07-13 14:27:39 -0400,2026-07-13 14:27:39 -0400
1262,5098,703,purchased,"{""source_relationship"":""acquired_title_to""}",2026-07-13 14:27:39 -0400,2026-07-22 18:36:13 -0400
1263,5098,704,sold,"{""source_relationship"":""transferred_title_from""}",2026-07-13 14:27:39 -0400,2026-07-22 18:37:38 -0400
1264,5098,705,sold,"{""source_relationship"":""facilitated_transfer""}",2026-07-13 14:27:39 -0400,2026-07-22 18:38:12 -0400
1265,5105,689,owned,{},2026-07-13 14:27:39 -0400,2026-07-13 14:27:39 -0400
1266,5105,690,owned,{},2026-07-13 14:27:39 -0400,2026-07-13 14:27:39 -0400
1267,5105,691,leased,"{""source_relationship"":""received_assignment_of_leases_and_rents""}",2026-07-13 14:27:39 -0400,2026-07-22 18:40:00 -0400
1268,10522,693,purchased,"{""source_relationship"":""acquired""}",2026-07-13 14:27:39 -0400,2026-07-22 18:37:12 -0400
1269,10522,692,sold,"{""source_relationship"":""transferred_ownership""}",2026-07-13 14:27:39 -0400,2026-07-22 18:40:16 -0400
1270,5106,692,sold,"{""source_relationship"":""conveyed_property""}",2026-07-13 14:27:39 -0400,2026-07-22 18:36:48 -0400
1271,5106,693,purchased,"{""source_relationship"":""acquired""}",2026-07-13 14:27:39 -0400,2026-07-22 18:37:12 -0400
1272,5107,693,lent_to,"{""source_relationship"":""financed_purchase""}",2026-07-13 14:27:39 -0400,2026-07-22 19:11:31 -0400
1273,5107,694,purchased,"{""source_relationship"":""received_deed_of_trust""}",2026-07-13 14:27:39 -0400,2026-07-22 18:35:11 -0400
1274,5107,695,trustee_of,"{""source_relationship"":""acted_as_trustee""}",2026-07-13 14:27:39 -0400,2026-07-22 18:36:29 -0400
1275,5108,694,assigned_deed_of_trust,{},2026-07-13 14:27:39 -0400,2026-07-13 14:27:39 -0400
1276,5108,696,purchased,"{""source_relationship"":""received_assignment_of_deed_of_trust""}",2026-07-13 14:27:39 -0400,2026-07-22 18:34:51 -0400
1277,11266,706,operated_at,{},2026-07-13 14:27:44 -0400,2026-07-13 14:27:44 -0400
1278,11266,707,operated_at,{},2026-07-13 14:27:44 -0400,2026-07-13 14:27:44 -0400
1279,11266,708,operated_at,{},2026-07-13 14:27:44 -0400,2026-07-13 14:27:44 -0400
1280,10457,708,operated_at,{},2026-07-13 14:27:44 -0400,2026-07-13 14:27:44 -0400
1281,10457,688,operated_at,{},2026-07-13 14:27:44 -0400,2026-07-13 14:27:44 -0400
1282,10526,709,owned,{},2026-07-13 14:27:44 -0400,2026-07-13 14:27:44 -0400
1283,10526,710,owned,{},2026-07-13 14:27:44 -0400,2026-07-13 14:27:44 -0400
1284,10526,57,owned,{},2026-07-13 14:27:44 -0400,2026-07-13 14:27:44 -0400
1285,10458,711,operated_at,"{""source_relationship"":""operated""}",2026-07-13 14:27:51 -0400,2026-07-22 18:34:18 -0400
1286,10458,712,operated_at,{},2026-07-13 14:27:51 -0400,2026-07-13 14:27:51 -0400
1287,10458,713,operated_at,{},2026-07-13 14:27:51 -0400,2026-07-13 14:27:51 -0400
1288,11269,714,operated_at,{},2026-07-13 14:27:51 -0400,2026-07-13 14:27:51 -0400
1289,11269,715,operated_at,{},2026-07-13 14:27:51 -0400,2026-07-13 14:27:51 -0400
1291,10527,703,owned,{},2026-07-13 14:27:51 -0400,2026-07-13 14:27:51 -0400
1292,10527,716,owned,{},2026-07-13 14:27:51 -0400,2026-07-13 14:27:51 -0400
1293,10527,717,owned,{},2026-07-13 14:27:51 -0400,2026-07-13 14:27:51 -0400
1294,10553,703,owned,{},2026-07-13 14:27:51 -0400,2026-07-13 14:27:51 -0400
1295,10553,718,mentioned_in,{},2026-07-13 14:27:51 -0400,2026-07-13 14:27:51 -0400
1296,10554,703,mentioned_in,{},2026-07-13 14:27:51 -0400,2026-07-13 14:27:51 -0400
1297,10554,718,purchased,"{""source_relationship"":""received_donation""}",2026-07-13 14:27:51 -0400,2026-07-22 18:33:54 -0400
1298,10554,719,sold,"{""source_relationship"":""donated""}",2026-07-13 14:27:51 -0400,2026-07-22 18:34:08 -0400
1299,10459,688,operated_at,{},2026-07-13 14:27:57 -0400,2026-07-13 14:27:57 -0400
1300,10528,710,owned,{},2026-07-13 14:27:57 -0400,2026-07-13 14:27:57 -0400
1301,10528,720,owned,{},2026-07-13 14:27:57 -0400,2026-07-13 14:27:57 -0400
1302,10528,2686,owned,{},2026-07-13 14:27:57 -0400,2026-07-22 18:00:32 -0400
1303,11273,722,operated_at,"{""source_relationship"":""operated_jewelry_business_at""}",2026-07-13 14:27:57 -0400,2026-07-22 18:38:41 -0400
1304,11273,723,operated_at,"{""source_relationship"":""operated_jewelry_business_at""}",2026-07-13 14:27:57 -0400,2026-07-22 18:38:41 -0400
1305,10555,713,mentioned_in,{},2026-07-13 14:28:03 -0400,2026-07-13 14:28:03 -0400
1306,10555,1614,mentioned_in,{},2026-07-13 14:28:03 -0400,2026-07-22 17:54:38 -0400
1307,10460,713,operated_at,"{""source_relationship"":""operated""}",2026-07-13 14:28:03 -0400,2026-07-22 18:34:18 -0400
1308,10460,724,operated_at,"{""source_relationship"":""operated""}",2026-07-13 14:28:03 -0400,2026-07-22 18:34:18 -0400
1309,10557,713,mentioned_in,{},2026-07-13 14:28:03 -0400,2026-07-13 14:28:03 -0400
1310,10529,713,sold,{},2026-07-13 14:28:03 -0400,2026-07-13 14:28:03 -0400
1311,10529,725,purchased,{},2026-07-13 14:28:03 -0400,2026-07-13 14:28:03 -0400
1312,10529,726,purchased,{},2026-07-13 14:28:03 -0400,2026-07-13 14:28:03 -0400
1313,5208,51,leased,"{""source_relationship"":""received_leasehold""}",2026-07-13 14:28:28 -0400,2026-07-22 18:40:01 -0400
1314,5208,23,sold,"{""source_relationship"":""conveyed_leasehold_as_trustee""}",2026-07-13 14:28:28 -0400,2026-07-22 19:11:33 -0400
1315,4822,51,owned,"{""source_relationship"":""anchored_ownership_chain""}",2026-07-13 14:28:28 -0400,2026-07-22 18:36:50 -0400
1316,4823,51,party_to_suit,"{""source_relationship"":""named_in_court_case""}",2026-07-13 14:28:29 -0400,2026-07-22 18:40:09 -0400
1317,4824,51,operated_at,"{""source_relationship"":""operated_brokerage""}",2026-07-13 14:28:29 -0400,2026-07-22 18:33:53 -0400
1318,4825,51,lived_at,"{""source_relationship"":""resided_at""}",2026-07-13 14:28:29 -0400,2026-07-22 18:36:57 -0400
1319,4826,51,lot_identified_via,{},2026-07-13 14:28:29 -0400,2026-07-13 14:28:29 -0400
1320,4827,51,mortgage_released,{},2026-07-13 14:28:29 -0400,2026-07-13 14:28:29 -0400
1321,4828,51,sold,"{""source_relationship"":""sold_lots""}",2026-07-13 14:28:29 -0400,2026-07-22 18:36:35 -0400
1322,4829,51,leased,"{""source_relationship"":""ground_rent_origin""}",2026-07-13 14:28:29 -0400,2026-07-22 18:37:02 -0400
1323,4830,51,sold,"{""source_relationship"":""sold_lot""}",2026-07-13 14:28:29 -0400,2026-07-22 18:38:13 -0400
1324,4831,51,sold,"{""source_relationship"":""sold_and_leased_back""}",2026-07-13 14:28:29 -0400,2026-07-22 18:37:32 -0400
1325,4832,51,mentioned_in,"{""source_relationship"":""named_in_litigation""}",2026-07-13 14:28:29 -0400,2026-07-22 18:34:30 -0400
1326,4832,23,mentioned_in,"{""source_relationship"":""named_in_litigation""}",2026-07-13 14:28:29 -0400,2026-07-22 18:34:30 -0400
1327,5209,23,leased,"{""source_relationship"":""granted_sublease""}",2026-07-13 14:28:29 -0400,2026-07-22 18:36:51 -0400
1328,5209,51,leased,"{""source_relationship"":""received_sublease""}",2026-07-13 14:28:29 -0400,2026-07-22 18:40:11 -0400
1329,4835,10,located_near,{},2026-07-13 14:28:29 -0400,2026-07-13 14:28:29 -0400
1330,5210,51,filed_insolvency,{},2026-07-13 14:28:29 -0400,2026-07-13 14:28:29 -0400
1331,4836,51,declared_insolvent,{},2026-07-13 14:28:29 -0400,2026-07-13 14:28:29 -0400
1332,4837,10,mentioned_in,{},2026-07-13 14:28:29 -0400,2026-07-13 14:28:29 -0400
1333,4838,10,mentioned_in,{},2026-07-13 14:28:29 -0400,2026-07-13 14:28:29 -0400
1334,4841,23,sold,"{""source_relationship"":""conveyed_property""}",2026-07-13 14:28:29 -0400,2026-07-22 18:36:48 -0400
1335,4841,51,purchased,"{""source_relationship"":""received_conveyance""}",2026-07-13 14:28:29 -0400,2026-07-22 18:40:15 -0400
1336,4842,10,mentioned_in,{},2026-07-13 14:28:29 -0400,2026-07-13 14:28:29 -0400
1337,4844,10,mentioned_in,{},2026-07-13 14:28:29 -0400,2026-07-13 14:28:29 -0400
1338,4846,10,expanded_near,{},2026-07-13 14:28:29 -0400,2026-07-13 14:28:29 -0400
1339,4847,10,hosted,"{""source_relationship"":""hosted_community_event""}",2026-07-13 14:28:30 -0400,2026-07-22 18:37:54 -0400
1340,5211,51,lived_at,"{""source_relationship"":""resided_at""}",2026-07-13 14:28:30 -0400,2026-07-22 18:36:58 -0400
1341,5211,34,mentioned_in,{},2026-07-13 14:28:30 -0400,2026-07-13 14:28:30 -0400
1342,4848,51,lived_at,"{""source_relationship"":""resided_at""}",2026-07-13 14:28:30 -0400,2026-07-22 18:36:58 -0400
1343,4850,10,hosted,"{""source_relationship"":""hosted_event_near""}",2026-07-13 14:28:30 -0400,2026-07-22 18:33:56 -0400
1344,4852,49,lived_at,"{""source_relationship"":""resided_at""}",2026-07-13 14:28:30 -0400,2026-07-22 18:36:58 -0400
1345,5212,49,listed_in,"{""source_relationship"":""listed_at_address""}",2026-07-13 14:28:30 -0400,2026-07-22 18:36:18 -0400
1346,4853,10,mentioned_in,{},2026-07-13 14:28:30 -0400,2026-07-13 14:28:30 -0400
1347,4853,49,lived_at,"{""source_relationship"":""resided_at""}",2026-07-13 14:28:30 -0400,2026-07-22 18:36:58 -0400
1348,4854,23,operated_at,"{""source_relationship"":""managed_lot""}",2026-07-13 14:28:30 -0400,2026-07-22 18:34:53 -0400
1349,5213,632,died_at,{},2026-07-13 14:28:30 -0400,2026-07-13 14:28:30 -0400
1350,5213,49,operated_at,"{""source_relationship"":""operated_tinshop""}",2026-07-13 14:28:30 -0400,2026-07-22 18:36:43 -0400
1351,4855,49,operated_at,"{""source_relationship"":""operated_tinshop""}",2026-07-13 14:28:30 -0400,2026-07-22 18:36:43 -0400
1352,10467,74,operated_at,{},2026-07-13 14:28:54 -0400,2026-07-13 14:28:54 -0400
1353,10467,727,operated_at,{},2026-07-13 14:28:54 -0400,2026-07-13 14:28:54 -0400
1354,4856,728,leased,"{""source_relationship"":""rented_at""}",2026-07-13 14:28:54 -0400,2026-07-22 18:38:47 -0400
1355,4859,729,lived_at,{},2026-07-13 14:28:54 -0400,2026-07-13 14:28:54 -0400
1356,4860,23,applied_for,"{""source_relationship"":""filed_permit_at""}",2026-07-13 14:28:54 -0400,2026-07-22 18:33:40 -0400
1357,5214,23,applied_for,"{""source_relationship"":""filed_permit_at""}",2026-07-13 14:28:55 -0400,2026-07-22 18:33:40 -0400
1358,5215,23,advertised_in,"{""source_relationship"":""advertised_for_rent""}",2026-07-13 14:28:55 -0400,2026-07-22 19:11:32 -0400
1359,4861,23,owned,{},2026-07-13 14:28:55 -0400,2026-07-13 14:28:55 -0400
1360,5216,74,mentioned_in,{},2026-07-13 14:28:55 -0400,2026-07-13 14:28:55 -0400
1361,4862,74,mentioned_in,{},2026-07-13 14:28:55 -0400,2026-07-13 14:28:55 -0400
1363,4863,94,mentioned_in,{},2026-07-13 14:28:55 -0400,2026-07-13 14:28:55 -0400
1364,4864,23,mentioned_in,{},2026-07-13 14:28:55 -0400,2026-07-13 14:28:55 -0400
1365,4864,11,owned,{},2026-07-13 14:28:55 -0400,2026-07-13 14:28:55 -0400
1366,4865,94,mentioned_in,{},2026-07-13 14:28:55 -0400,2026-07-13 14:28:55 -0400
1367,4866,94,mentioned_in,{},2026-07-13 14:28:55 -0400,2026-07-13 14:28:55 -0400
1368,4868,11,party_to_suit,"{""source_relationship"":""filed_suit""}",2026-07-13 14:28:55 -0400,2026-07-22 18:34:10 -0400
1369,4868,23,represented,"{""source_relationship"":""acted_as_solicitor_for""}",2026-07-13 14:28:55 -0400,2026-07-22 18:37:37 -0400
1370,4869,11,party_to_suit,"{""source_relationship"":""filed_suit""}",2026-07-13 14:28:55 -0400,2026-07-22 18:34:10 -0400
1371,4870,94,purchased,"{""source_relationship"":""acquired_property""}",2026-07-13 14:28:55 -0400,2026-07-22 18:33:46 -0400
1372,4871,11,sold,"{""source_relationship"":""transferred_property""}",2026-07-13 14:28:55 -0400,2026-07-22 18:33:51 -0400
1373,4871,21,purchased,"{""source_relationship"":""received_transfer""}",2026-07-13 14:28:55 -0400,2026-07-22 18:40:17 -0400
1374,4872,11,sold,"{""source_relationship"":""transferred_property""}",2026-07-13 14:28:55 -0400,2026-07-22 18:33:51 -0400
1375,4872,21,purchased,"{""source_relationship"":""received_transfer""}",2026-07-13 14:28:55 -0400,2026-07-22 18:40:17 -0400
1376,5217,11,sold,"{""source_relationship"":""transferred_property""}",2026-07-13 14:28:55 -0400,2026-07-22 18:33:51 -0400
1377,5217,21,purchased,"{""source_relationship"":""received_transfer""}",2026-07-13 14:28:55 -0400,2026-07-22 18:40:17 -0400
1378,4873,94,mentioned_in,{},2026-07-13 14:28:55 -0400,2026-07-13 14:28:55 -0400
1379,4874,11,mentioned_in,{},2026-07-13 14:28:55 -0400,2026-07-13 14:28:55 -0400
1380,4874,21,mentioned_in,{},2026-07-13 14:28:55 -0400,2026-07-13 14:28:55 -0400
1381,4875,23,party_to_suit,"{""source_relationship"":""represented_in_court""}",2026-07-13 14:28:55 -0400,2026-07-22 19:11:35 -0400
1382,4875,11,party_to_suit,{},2026-07-13 14:28:55 -0400,2026-07-13 14:28:55 -0400
1383,4876,11,sold,"{""source_relationship"":""transferred_property""}",2026-07-13 14:28:56 -0400,2026-07-22 18:33:52 -0400
1384,4876,21,purchased,"{""source_relationship"":""received_transfer""}",2026-07-13 14:28:56 -0400,2026-07-22 18:40:18 -0400
1385,4877,11,party_to_suit,{},2026-07-13 14:28:56 -0400,2026-07-13 14:28:56 -0400
1386,4878,11,party_to_suit,{},2026-07-13 14:28:56 -0400,2026-07-13 14:28:56 -0400
1387,4879,11,mentioned_in,{},2026-07-13 14:28:56 -0400,2026-07-13 14:28:56 -0400
1388,4879,21,mentioned_in,{},2026-07-13 14:28:56 -0400,2026-07-13 14:28:56 -0400
1389,4880,730,lived_at,{},2026-07-13 14:28:56 -0400,2026-07-13 14:28:56 -0400
1390,4881,729,lived_at,{},2026-07-13 14:28:56 -0400,2026-07-13 14:28:56 -0400
1391,4882,21,advertised_in,"{""source_relationship"":""advertised_for_rent""}",2026-07-13 14:28:56 -0400,2026-07-22 19:11:32 -0400
1392,4883,729,lived_at,{},2026-07-13 14:28:56 -0400,2026-07-13 14:28:56 -0400
1393,4884,729,lived_at,{},2026-07-13 14:28:56 -0400,2026-07-13 14:28:56 -0400
1394,4885,21,owned,"{""source_relationship"":""held_ground_rent""}",2026-07-13 14:28:56 -0400,2026-07-22 19:11:29 -0400
1395,4886,21,advertised_in,"{""source_relationship"":""advertised_for_rent""}",2026-07-13 14:28:56 -0400,2026-07-22 19:11:32 -0400
1396,5218,94,sold,"{""source_relationship"":""conveyed_ground_rent""}",2026-07-13 14:28:56 -0400,2026-07-22 19:11:35 -0400
1397,5218,38,leased,"{""source_relationship"":""received_ground_rent""}",2026-07-13 14:28:56 -0400,2026-07-22 18:40:13 -0400
1398,4887,94,sold,"{""source_relationship"":""conveyed_ground_rent""}",2026-07-13 14:28:56 -0400,2026-07-22 19:11:36 -0400
1399,4887,38,leased,"{""source_relationship"":""received_ground_rent""}",2026-07-13 14:28:56 -0400,2026-07-22 18:40:13 -0400
1400,4888,74,operated_at,{},2026-07-13 14:28:56 -0400,2026-07-13 14:28:56 -0400
1401,5219,74,operated_at,{},2026-07-13 14:29:24 -0400,2026-07-13 14:29:24 -0400
1402,4889,74,operated_at,{},2026-07-13 14:29:24 -0400,2026-07-13 14:29:24 -0400
1403,4890,74,operated_at,{},2026-07-13 14:29:24 -0400,2026-07-13 14:29:24 -0400
1404,4891,41,mentioned_in,{},2026-07-13 14:29:24 -0400,2026-07-13 14:29:24 -0400
1405,4891,74,mentioned_in,{},2026-07-13 14:29:24 -0400,2026-07-13 14:29:24 -0400
1406,5220,41,mentioned_in,{},2026-07-13 14:29:25 -0400,2026-07-13 14:29:25 -0400
1407,5220,74,mentioned_in,{},2026-07-13 14:29:25 -0400,2026-07-13 14:29:25 -0400
1408,4892,74,mentioned_in,{},2026-07-13 14:29:25 -0400,2026-07-13 14:29:25 -0400
1409,5221,81,operated_at,{},2026-07-13 14:29:25 -0400,2026-07-13 14:29:25 -0400
1410,4893,81,operated_at,{},2026-07-13 14:29:25 -0400,2026-07-13 14:29:25 -0400
1411,4894,81,operated_at,{},2026-07-13 14:29:25 -0400,2026-07-13 14:29:25 -0400
1412,4895,81,operated_at,{},2026-07-13 14:29:25 -0400,2026-07-13 14:29:25 -0400
1413,4897,74,operated_at,{},2026-07-13 14:29:25 -0400,2026-07-13 14:29:25 -0400
1414,4896,74,operated_at,{},2026-07-13 14:29:25 -0400,2026-07-13 14:29:25 -0400
1415,5222,74,operated_at,{},2026-07-13 14:29:25 -0400,2026-07-13 14:29:25 -0400
1416,5223,74,operated_at,"{""source_relationship"":""formerly_operated_at""}",2026-07-13 14:29:25 -0400,2026-07-22 18:36:32 -0400
1417,4898,74,operated_at,"{""source_relationship"":""formerly_operated_at""}",2026-07-13 14:29:25 -0400,2026-07-22 18:36:32 -0400
1418,5224,12,purchased,{},2026-07-13 14:29:25 -0400,2026-07-13 14:29:25 -0400
1419,4900,12,purchased,{},2026-07-13 14:29:25 -0400,2026-07-13 14:29:25 -0400
1420,4900,97,occupied,{},2026-07-13 14:29:25 -0400,2026-07-13 14:29:25 -0400
1421,4901,97,operated_at,{},2026-07-13 14:29:25 -0400,2026-07-13 14:29:25 -0400
1422,4902,74,mentioned_in,{},2026-07-13 14:29:25 -0400,2026-07-13 14:29:25 -0400
1423,4903,74,mentioned_in,{},2026-07-13 14:29:25 -0400,2026-07-13 14:29:25 -0400
1424,4904,74,mentioned_in,{},2026-07-13 14:29:25 -0400,2026-07-13 14:29:25 -0400
1425,4905,97,operated_at,{},2026-07-13 14:29:25 -0400,2026-07-13 14:29:25 -0400
1426,4906,97,occupied,{},2026-07-13 14:29:25 -0400,2026-07-13 14:29:25 -0400
1427,5225,97,occupied,{},2026-07-13 14:29:25 -0400,2026-07-13 14:29:25 -0400
1428,4907,97,occupied,"{""source_relationship"":""formerly_occupied""}",2026-07-13 14:29:25 -0400,2026-07-22 18:34:27 -0400
1429,4907,731,leasing_agent_for,{},2026-07-13 14:29:25 -0400,2026-07-13 14:29:25 -0400
1430,4908,53,operated_at,{},2026-07-13 14:29:25 -0400,2026-07-13 14:29:25 -0400
1431,5226,53,operated_at,{},2026-07-13 14:29:26 -0400,2026-07-13 14:29:26 -0400
1432,5227,9,operated_at,{},2026-07-13 14:29:26 -0400,2026-07-13 14:29:26 -0400
1433,5228,71,applied_for,"{""source_relationship"":""applied_for_license_at""}",2026-07-13 14:29:26 -0400,2026-07-22 18:35:07 -0400
1434,5024,84,owned,{},2026-07-13 14:29:26 -0400,2026-07-13 14:29:26 -0400
1435,5024,732,owned,{},2026-07-13 14:29:26 -0400,2026-07-13 14:29:26 -0400
1436,5024,733,released_mortgage_on,{},2026-07-13 14:29:26 -0400,2026-07-13 14:29:26 -0400
1437,5229,83,operated_at,{},2026-07-13 14:29:26 -0400,2026-07-13 14:29:26 -0400
1438,10531,27,owned,{},2026-07-13 14:29:26 -0400,2026-07-13 14:29:26 -0400
1439,10531,1,owned,{},2026-07-13 14:29:26 -0400,2026-07-13 14:29:26 -0400
1440,5025,84,sold,"{""source_relationship"":""conveyed""}",2026-07-13 14:29:26 -0400,2026-07-22 18:38:05 -0400
1441,5025,732,sold,"{""source_relationship"":""conveyed""}",2026-07-13 14:29:26 -0400,2026-07-22 18:38:06 -0400
1442,4909,74,mentioned_in,{},2026-07-13 14:29:26 -0400,2026-07-13 14:29:26 -0400
1443,5027,84,purchased,"{""source_relationship"":""received_conveyance""}",2026-07-13 14:29:26 -0400,2026-07-22 18:40:15 -0400
1444,5027,734,sold,"{""source_relationship"":""conveyed""}",2026-07-13 14:29:26 -0400,2026-07-22 18:38:06 -0400
1445,5026,84,sold,"{""source_relationship"":""conveyed""}",2026-07-13 14:29:26 -0400,2026-07-22 18:38:06 -0400
1446,5026,734,purchased,"{""source_relationship"":""received_conveyance""}",2026-07-13 14:29:26 -0400,2026-07-22 18:40:15 -0400
1447,5230,735,damaged_at,{},2026-07-13 14:29:26 -0400,2026-07-13 14:29:26 -0400
1448,5028,736,party_to_deed,{},2026-07-13 14:29:26 -0400,2026-07-13 14:29:26 -0400
1449,5028,737,party_to_deed,{},2026-07-13 14:29:26 -0400,2026-07-13 14:29:26 -0400
1450,5029,27,purchased,{},2026-07-13 14:29:26 -0400,2026-07-13 14:29:26 -0400
1451,5030,27,sold,"{""source_relationship"":""conveyed_property""}",2026-07-13 14:29:34 -0400,2026-07-22 18:36:49 -0400
1452,5030,738,purchased,"{""source_relationship"":""received_conveyance""}",2026-07-13 14:29:34 -0400,2026-07-22 18:40:16 -0400
1453,5231,1,purchased,"{""source_relationship"":""acquired_property""}",2026-07-13 14:29:34 -0400,2026-07-22 18:33:46 -0400
1454,5231,739,related_to,"{""source_relationship"":""associated_with_acquiring_entity""}",2026-07-13 14:29:34 -0400,2026-07-22 18:37:30 -0400
1455,5231,740,related_to,"{""source_relationship"":""associated_with_acquiring_entity""}",2026-07-13 14:29:34 -0400,2026-07-22 18:37:30 -0400
1456,5018,1,leased,"{""source_relationship"":""assigned_leases_rents""}",2026-07-13 14:29:34 -0400,2026-07-22 18:37:38 -0400
1457,5017,1,purchased,"{""source_relationship"":""acquired_property""}",2026-07-13 14:29:34 -0400,2026-07-22 18:33:46 -0400
1458,5232,741,designed,"{""source_relationship"":""designed_conversion_proposal""}",2026-07-13 14:29:34 -0400,2026-07-22 18:33:59 -0400
1460,10540,742,sold,"{""source_relationship"":""sold_property""}",2026-07-13 14:29:41 -0400,2026-07-22 18:37:45 -0400
1461,10540,743,purchased,"{""source_relationship"":""purchased_property""}",2026-07-13 14:29:41 -0400,2026-07-22 18:36:12 -0400
1463,11306,744,operated_at,"{""source_relationship"":""historically_operated_at""}",2026-07-13 14:29:48 -0400,2026-07-22 18:36:23 -0400
1464,11306,745,operated_at,{},2026-07-13 14:29:48 -0400,2026-07-13 14:29:48 -0400
1465,11306,746,operated_at,{},2026-07-13 14:29:48 -0400,2026-07-13 14:29:48 -0400
1466,10564,744,operated_at,{},2026-07-13 14:29:48 -0400,2026-07-13 14:29:48 -0400
1467,10783,747,operated_at,{},2026-07-13 14:29:48 -0400,2026-07-13 14:29:48 -0400
1468,10783,748,owned,{},2026-07-13 14:29:48 -0400,2026-07-13 14:29:48 -0400
1469,10783,749,owned,{},2026-07-13 14:29:48 -0400,2026-07-13 14:29:48 -0400
1470,11310,750,historic_use_of,{},2026-07-13 14:29:53 -0400,2026-07-13 14:29:53 -0400
1472,10784,751,sold,{},2026-07-13 14:29:53 -0400,2026-07-13 14:29:53 -0400
1473,10784,553,purchased,{},2026-07-13 14:29:53 -0400,2026-07-13 14:29:53 -0400
1474,10567,514,operated_at,"{""source_relationship"":""operated_boarding_house_at""}",2026-07-13 14:30:03 -0400,2026-07-22 18:33:58 -0400
1475,11312,752,owned,"{""source_relationship"":""owned_grocery_at""}",2026-07-13 14:30:03 -0400,2026-07-22 18:37:53 -0400
1476,11312,753,occupied,{},2026-07-13 14:30:03 -0400,2026-07-13 14:30:03 -0400
1478,5099,754,operated_at,{},2026-07-13 14:30:03 -0400,2026-07-13 14:30:03 -0400
1479,10785,755,sold,"{""source_relationship"":""conveyed_from""}",2026-07-13 14:30:03 -0400,2026-07-22 18:34:37 -0400
1480,10785,756,sold,"{""source_relationship"":""conveyed_to""}",2026-07-13 14:30:03 -0400,2026-07-22 18:33:48 -0400
1481,5109,755,sold,"{""source_relationship"":""conveyed_from""}",2026-07-13 14:30:03 -0400,2026-07-22 18:34:37 -0400
1482,5109,756,sold,"{""source_relationship"":""conveyed_to""}",2026-07-13 14:30:03 -0400,2026-07-22 18:33:48 -0400
1483,5110,756,mortgaged,{},2026-07-13 14:30:03 -0400,2026-07-13 14:30:03 -0400
1484,5110,757,trustee_of,"{""source_relationship"":""acted_as_trustee""}",2026-07-13 14:30:03 -0400,2026-07-22 18:36:30 -0400
1485,5110,392,lent_to,"{""source_relationship"":""provided_financing""}",2026-07-13 14:30:03 -0400,2026-07-22 18:36:40 -0400
1486,6677,637,depicted_in,"{""source_relationship"":""shown_on_map""}",2026-07-13 14:30:39 -0400,2026-07-22 18:35:14 -0400
1487,6677,638,depicted_in,"{""source_relationship"":""shown_on_map""}",2026-07-13 14:30:39 -0400,2026-07-22 18:35:15 -0400
1488,6677,758,depicted_in,"{""source_relationship"":""shown_on_map""}",2026-07-13 14:30:39 -0400,2026-07-22 18:35:15 -0400
1489,6677,759,depicted_in,"{""source_relationship"":""shown_on_map""}",2026-07-13 14:30:39 -0400,2026-07-22 18:35:15 -0400
1490,6677,629,depicted_in,"{""source_relationship"":""shown_on_map""}",2026-07-13 14:30:39 -0400,2026-07-22 18:35:15 -0400
1491,6677,760,depicted_in,"{""source_relationship"":""shown_on_map""}",2026-07-13 14:30:39 -0400,2026-07-22 18:35:15 -0400
1492,6677,761,depicted_in,"{""source_relationship"":""shown_on_map""}",2026-07-13 14:30:39 -0400,2026-07-22 18:35:15 -0400
1493,6677,762,mentioned_in,{},2026-07-13 14:30:39 -0400,2026-07-13 14:30:39 -0400
1494,10569,528,mentioned_in,{},2026-07-13 14:30:39 -0400,2026-07-13 14:30:39 -0400
1495,10569,530,mentioned_in,{},2026-07-13 14:30:39 -0400,2026-07-13 14:30:39 -0400
1496,10569,763,mentioned_in,{},2026-07-13 14:30:39 -0400,2026-07-13 14:30:39 -0400
1497,10569,764,mentioned_in,{},2026-07-13 14:30:39 -0400,2026-07-13 14:30:39 -0400
1498,6678,637,depicted_in,"{""source_relationship"":""shown_on_map""}",2026-07-13 14:30:39 -0400,2026-07-22 18:35:16 -0400
1499,6678,638,depicted_in,"{""source_relationship"":""shown_on_map""}",2026-07-13 14:30:39 -0400,2026-07-22 18:35:16 -0400
1500,6678,636,owned,{},2026-07-13 14:30:39 -0400,2026-07-13 14:30:39 -0400
1502,11316,764,operated_at,{},2026-07-13 14:30:39 -0400,2026-07-13 14:30:39 -0400
1503,11316,765,formerly_known_as,{},2026-07-13 14:30:39 -0400,2026-07-13 14:30:39 -0400
1504,4658,766,sold,"{""source_relationship"":""conveyed_title""}",2026-07-13 14:30:39 -0400,2026-07-22 18:36:54 -0400
1505,4658,767,facilitated_sale,{},2026-07-13 14:30:40 -0400,2026-07-13 14:30:40 -0400
1506,4658,768,purchased,{},2026-07-13 14:30:40 -0400,2026-07-13 14:30:40 -0400
1507,4659,769,operated_at,{},2026-07-13 14:30:40 -0400,2026-07-13 14:30:40 -0400
1508,4660,768,applied_for,"{""source_relationship"":""applied_for_permit""}",2026-07-13 14:30:41 -0400,2026-07-22 18:34:52 -0400
1509,4661,770,applied_for,"{""source_relationship"":""applied_for_permit""}",2026-07-13 14:30:41 -0400,2026-07-22 18:34:52 -0400
1510,4661,771,designed,"{""source_relationship"":""architected""}",2026-07-13 14:30:41 -0400,2026-07-22 18:33:54 -0400
1511,4662,772,owned,"{""source_relationship"":""held_meeting_at""}",2026-07-13 14:30:41 -0400,2026-07-22 18:35:11 -0400
1512,4662,773,hosted,"{""source_relationship"":""hosted_event""}",2026-07-13 14:30:41 -0400,2026-07-22 18:37:03 -0400
1513,4663,774,operated_at,{},2026-07-13 14:30:41 -0400,2026-07-13 14:30:41 -0400
1514,4664,774,advertised_in,"{""source_relationship"":""advertised_at""}",2026-07-13 14:30:41 -0400,2026-07-22 18:36:37 -0400
1515,4665,774,operated_at,{},2026-07-13 14:30:41 -0400,2026-07-13 14:30:41 -0400
1516,4665,775,advertised_in,"{""source_relationship"":""advertised""}",2026-07-13 14:30:41 -0400,2026-07-22 18:34:35 -0400
1517,4666,776,operated_at,{},2026-07-13 14:30:41 -0400,2026-07-13 14:30:41 -0400
1518,4667,776,operated_at,{},2026-07-13 14:30:41 -0400,2026-07-13 14:30:41 -0400
1519,4668,777,operated_at,{},2026-07-13 14:30:41 -0400,2026-07-13 14:30:41 -0400
1520,4669,647,installed_signage_at,{},2026-07-13 14:30:41 -0400,2026-07-13 14:30:41 -0400
1521,4669,776,operated_at,{},2026-07-13 14:30:41 -0400,2026-07-13 14:30:41 -0400
1522,4671,776,operated_at,{},2026-07-13 14:30:41 -0400,2026-07-13 14:30:41 -0400
1523,4670,776,operated_at,{},2026-07-13 14:30:41 -0400,2026-07-13 14:30:41 -0400
1524,4672,776,operated_at,{},2026-07-13 14:30:41 -0400,2026-07-13 14:30:41 -0400
1525,4673,778,operated_at,"{""source_relationship"":""managed""}",2026-07-13 14:30:41 -0400,2026-07-22 18:34:44 -0400
1526,4673,779,operated_at,{},2026-07-13 14:30:41 -0400,2026-07-13 14:30:41 -0400
1527,4674,780,hosted,"{""source_relationship"":""held_event_at""}",2026-07-13 14:30:41 -0400,2026-07-22 18:40:06 -0400
1528,4674,773,hosted,"{""source_relationship"":""hosted_event""}",2026-07-13 14:30:41 -0400,2026-07-22 18:37:03 -0400
1529,4675,776,operated_at,{},2026-07-13 14:30:42 -0400,2026-07-13 14:30:42 -0400
1530,4676,773,hosted,"{""source_relationship"":""hosted_event""}",2026-07-13 14:30:42 -0400,2026-07-22 18:37:03 -0400
1531,4677,776,operated_at,{},2026-07-13 14:30:42 -0400,2026-07-13 14:30:42 -0400
1532,4678,776,operated_at,{},2026-07-13 14:30:42 -0400,2026-07-13 14:30:42 -0400
1533,4679,773,hosted,"{""source_relationship"":""hosted_event""}",2026-07-13 14:30:42 -0400,2026-07-22 18:37:03 -0400
1534,4679,781,performed_at,"{""source_relationship"":""spoke_at""}",2026-07-13 14:30:42 -0400,2026-07-22 18:34:34 -0400
1535,4679,782,hosted,"{""source_relationship"":""presided_at""}",2026-07-13 14:30:42 -0400,2026-07-22 18:36:31 -0400
1536,4680,773,hosted,"{""source_relationship"":""hosted_event""}",2026-07-13 14:30:42 -0400,2026-07-22 18:37:03 -0400
1537,4680,781,performed_at,"{""source_relationship"":""spoke_at""}",2026-07-13 14:30:42 -0400,2026-07-22 18:34:34 -0400
1538,4680,782,hosted,"{""source_relationship"":""presided_at""}",2026-07-13 14:30:42 -0400,2026-07-22 18:36:31 -0400
1539,4681,783,hosted,"{""source_relationship"":""held_event_at""}",2026-07-13 14:30:42 -0400,2026-07-22 18:40:06 -0400
1540,4681,773,hosted,"{""source_relationship"":""hosted_event""}",2026-07-13 14:30:42 -0400,2026-07-22 18:37:04 -0400
1541,4681,784,hosted,"{""source_relationship"":""organized_event_at""}",2026-07-13 14:30:42 -0400,2026-07-22 18:34:05 -0400
1542,4682,776,operated_at,{},2026-07-13 14:30:42 -0400,2026-07-13 14:30:42 -0400
1543,4683,785,hosted,"{""source_relationship"":""held_event_at""}",2026-07-13 14:30:42 -0400,2026-07-22 18:40:06 -0400
1544,4683,773,hosted,"{""source_relationship"":""hosted_event""}",2026-07-13 14:30:42 -0400,2026-07-22 18:37:04 -0400
1545,4683,786,hosted,"{""source_relationship"":""organized_event_at""}",2026-07-13 14:30:42 -0400,2026-07-22 18:34:05 -0400
1546,4684,773,hosted,"{""source_relationship"":""hosted_event""}",2026-07-13 14:30:42 -0400,2026-07-22 18:37:04 -0400
1547,4684,787,performed_at,"{""source_relationship"":""spoke_at""}",2026-07-13 14:30:42 -0400,2026-07-22 18:34:34 -0400
1548,4684,788,mentioned_in,{},2026-07-13 14:30:42 -0400,2026-07-13 14:30:42 -0400
1549,4684,789,hosted,"{""source_relationship"":""organized_event_at""}",2026-07-13 14:30:42 -0400,2026-07-22 18:34:05 -0400
1550,4685,773,hosted,"{""source_relationship"":""hosted_event""}",2026-07-13 14:30:42 -0400,2026-07-22 18:37:04 -0400
1551,4685,787,performed_at,"{""source_relationship"":""spoke_at""}",2026-07-13 14:30:42 -0400,2026-07-22 18:34:35 -0400
1552,4685,790,performed_at,"{""source_relationship"":""spoke_at""}",2026-07-13 14:30:42 -0400,2026-07-22 18:34:35 -0400
1553,4686,791,operated_at,{},2026-07-13 14:30:42 -0400,2026-07-13 14:30:42 -0400
1554,4687,791,operated_at,{},2026-07-13 14:30:42 -0400,2026-07-13 14:30:42 -0400
1555,4688,791,operated_at,{},2026-07-13 14:30:42 -0400,2026-07-13 14:30:42 -0400
1556,4689,791,operated_at,{},2026-07-13 14:30:43 -0400,2026-07-13 14:30:43 -0400
1557,4690,29,operated_at,{},2026-07-13 14:30:43 -0400,2026-07-13 14:30:43 -0400
1558,4691,763,announced_opening_at,{},2026-07-13 14:30:43 -0400,2026-07-13 14:30:43 -0400
1559,4692,763,operated_at,"{""source_relationship"":""opened_at""}",2026-07-13 14:31:16 -0400,2026-07-22 18:34:11 -0400
1560,4692,791,operated_at,"{""source_relationship"":""formerly_operated_at""}",2026-07-13 14:31:16 -0400,2026-07-22 18:36:32 -0400
1561,4693,763,operated_at,"{""source_relationship"":""opened_at""}",2026-07-13 14:31:16 -0400,2026-07-22 18:34:11 -0400
1562,4693,791,operated_at,"{""source_relationship"":""formerly_operated_at""}",2026-07-13 14:31:16 -0400,2026-07-22 18:36:32 -0400
1563,4694,763,operated_at,{},2026-07-13 14:31:16 -0400,2026-07-13 14:31:16 -0400
1564,4694,791,operated_at,"{""source_relationship"":""formerly_operated_at""}",2026-07-13 14:31:16 -0400,2026-07-22 18:36:33 -0400
1565,4695,763,operated_at,{},2026-07-13 14:31:16 -0400,2026-07-13 14:31:16 -0400
1566,4696,763,operated_at,{},2026-07-13 14:31:16 -0400,2026-07-13 14:31:16 -0400
1567,4697,792,operated_at,{},2026-07-13 14:31:16 -0400,2026-07-13 14:31:16 -0400
1568,4698,792,operated_at,{},2026-07-13 14:31:16 -0400,2026-07-13 14:31:16 -0400
1569,4698,763,mentioned_in,{},2026-07-13 14:31:16 -0400,2026-07-13 14:31:16 -0400
1570,4699,792,operated_at,{},2026-07-13 14:31:16 -0400,2026-07-13 14:31:16 -0400
1571,4700,792,operated_at,{},2026-07-13 14:31:16 -0400,2026-07-13 14:31:16 -0400
1572,4701,793,operated_at,"{""source_relationship"":""operated_office_at""}",2026-07-13 14:31:16 -0400,2026-07-22 18:37:17 -0400
1573,4702,793,operated_at,"{""source_relationship"":""operated_office_at""}",2026-07-13 14:31:16 -0400,2026-07-22 18:37:17 -0400
1574,4703,793,operated_at,"{""source_relationship"":""opened_at""}",2026-07-13 14:31:16 -0400,2026-07-22 18:34:12 -0400
1575,4703,792,operated_at,"{""source_relationship"":""formerly_operated_at""}",2026-07-13 14:31:16 -0400,2026-07-22 18:36:33 -0400
1576,4704,793,operated_at,{},2026-07-13 14:31:16 -0400,2026-07-13 14:31:16 -0400
1577,4704,763,mentioned_in,{},2026-07-13 14:31:16 -0400,2026-07-13 14:31:16 -0400
1578,4704,794,mentioned_in,{},2026-07-13 14:31:16 -0400,2026-07-13 14:31:16 -0400
1579,4705,793,operated_at,{},2026-07-13 14:31:16 -0400,2026-07-13 14:31:16 -0400
1580,4705,763,mentioned_in,{},2026-07-13 14:31:16 -0400,2026-07-13 14:31:16 -0400
1581,4705,794,mentioned_in,{},2026-07-13 14:31:17 -0400,2026-07-13 14:31:17 -0400
1582,4706,793,operated_at,{},2026-07-13 14:31:17 -0400,2026-07-13 14:31:17 -0400
1583,4706,763,mentioned_in,{},2026-07-13 14:31:17 -0400,2026-07-13 14:31:17 -0400
1584,4706,794,mentioned_in,{},2026-07-13 14:31:17 -0400,2026-07-13 14:31:17 -0400
1585,4707,793,operated_at,{},2026-07-13 14:31:17 -0400,2026-07-13 14:31:17 -0400
1586,4707,794,operated_at,{},2026-07-13 14:31:17 -0400,2026-07-13 14:31:17 -0400
1587,4708,763,operated_at,{},2026-07-13 14:31:17 -0400,2026-07-13 14:31:17 -0400
1588,4709,763,operated_at,{},2026-07-13 14:31:17 -0400,2026-07-13 14:31:17 -0400
1589,4709,795,mentioned_in,{},2026-07-13 14:31:17 -0400,2026-07-13 14:31:17 -0400
1590,4710,763,operated_at,{},2026-07-13 14:31:17 -0400,2026-07-13 14:31:17 -0400
1591,4710,795,mentioned_in,{},2026-07-13 14:31:17 -0400,2026-07-13 14:31:17 -0400
1592,4710,796,brokered,"{""source_relationship"":""franchised""}",2026-07-13 14:31:17 -0400,2026-07-22 18:33:49 -0400
1593,4711,763,operated_at,{},2026-07-13 14:31:17 -0400,2026-07-13 14:31:17 -0400
1594,4711,795,mentioned_in,{},2026-07-13 14:31:17 -0400,2026-07-13 14:31:17 -0400
1595,4711,796,brokered,"{""source_relationship"":""franchised""}",2026-07-13 14:31:17 -0400,2026-07-22 18:33:49 -0400
1596,4712,763,operated_at,{},2026-07-13 14:31:17 -0400,2026-07-13 14:31:17 -0400
1597,4712,795,mentioned_in,{},2026-07-13 14:31:17 -0400,2026-07-13 14:31:17 -0400
1598,4712,796,brokered,"{""source_relationship"":""franchised""}",2026-07-13 14:31:17 -0400,2026-07-22 18:33:49 -0400
1599,4713,763,operated_at,{},2026-07-13 14:31:17 -0400,2026-07-13 14:31:17 -0400
1600,4713,795,mentioned_in,{},2026-07-13 14:31:17 -0400,2026-07-13 14:31:17 -0400
1601,4713,796,brokered,"{""source_relationship"":""franchised""}",2026-07-13 14:31:17 -0400,2026-07-22 18:33:49 -0400
1602,4714,763,operated_at,{},2026-07-13 14:31:17 -0400,2026-07-13 14:31:17 -0400
1603,4714,795,mentioned_in,{},2026-07-13 14:31:17 -0400,2026-07-13 14:31:17 -0400
1604,4714,796,brokered,"{""source_relationship"":""franchised""}",2026-07-13 14:31:17 -0400,2026-07-22 18:33:49 -0400
1605,4715,763,operated_at,{},2026-07-13 14:31:17 -0400,2026-07-13 14:31:17 -0400
1606,4716,763,operated_at,{},2026-07-13 14:31:17 -0400,2026-07-13 14:31:17 -0400
1607,10805,763,operated_at,{},2026-07-13 14:31:17 -0400,2026-07-13 14:31:17 -0400
1608,10805,797,owned,{},2026-07-13 14:31:17 -0400,2026-07-13 14:31:17 -0400
1609,10805,798,owned,{},2026-07-13 14:31:17 -0400,2026-07-13 14:31:17 -0400
1610,10805,799,owned,{},2026-07-13 14:31:18 -0400,2026-07-13 14:31:18 -0400
1611,10805,800,lent_to,"{""source_relationship"":""financed_fixtures_at""}",2026-07-13 14:31:18 -0400,2026-07-22 18:34:08 -0400
1612,4717,763,operated_at,{},2026-07-13 14:31:18 -0400,2026-07-13 14:31:18 -0400
1613,4718,763,operated_at,{},2026-07-13 14:31:18 -0400,2026-07-13 14:31:18 -0400
1614,4719,763,operated_at,{},2026-07-13 14:31:18 -0400,2026-07-13 14:31:18 -0400
1615,4720,763,operated_at,{},2026-07-13 14:31:18 -0400,2026-07-13 14:31:18 -0400
1616,4721,763,operated_at,{},2026-07-13 14:31:18 -0400,2026-07-13 14:31:18 -0400
1617,10812,764,operated_at,{},2026-07-13 14:31:18 -0400,2026-07-13 14:31:18 -0400
1618,10812,801,owned,{},2026-07-13 14:31:18 -0400,2026-07-13 14:31:18 -0400
1619,10812,802,owned,{},2026-07-13 14:31:18 -0400,2026-07-13 14:31:18 -0400
1620,10812,803,owned,{},2026-07-13 14:31:18 -0400,2026-07-13 14:31:18 -0400
1621,10788,804,owned,"{""source_relationship"":""previously_owned""}",2026-07-13 14:31:18 -0400,2026-07-22 18:36:21 -0400
1622,10788,801,owned,{},2026-07-13 14:31:18 -0400,2026-07-13 14:31:18 -0400
1623,10788,803,owned,{},2026-07-13 14:31:18 -0400,2026-07-13 14:31:18 -0400
1624,10788,805,purchased,"{""source_relationship"":""acquired""}",2026-07-13 14:31:18 -0400,2026-07-22 18:37:12 -0400
1625,4722,764,operated_at,{},2026-07-13 14:31:18 -0400,2026-07-13 14:31:18 -0400
1626,4722,651,subject_of,"{""source_relationship"":""reviewed""}",2026-07-13 14:31:18 -0400,2026-07-22 18:37:47 -0400
1627,4723,764,operated_at,{},2026-07-13 14:31:18 -0400,2026-07-13 14:31:18 -0400
1628,4723,651,subject_of,"{""source_relationship"":""reviewed""}",2026-07-13 14:31:18 -0400,2026-07-22 18:37:47 -0400
1629,4724,764,operated_at,{},2026-07-13 14:31:18 -0400,2026-07-13 14:31:18 -0400
1630,4724,806,subject_of,"{""source_relationship"":""reviewed""}",2026-07-13 14:31:18 -0400,2026-07-22 18:37:47 -0400
1631,4725,764,operated_at,{},2026-07-13 14:31:18 -0400,2026-07-13 14:31:18 -0400
1632,4725,39,mentioned_in,{},2026-07-13 14:31:18 -0400,2026-07-13 14:31:18 -0400
1633,4725,807,operated_at,"{""source_relationship"":""managed""}",2026-07-13 14:31:18 -0400,2026-07-22 18:34:44 -0400
1634,4725,808,operated_at,"{""source_relationship"":""operated""}",2026-07-13 14:31:18 -0400,2026-07-22 18:34:18 -0400
1635,4726,809,operated_at,{},2026-07-13 14:31:18 -0400,2026-07-13 14:31:18 -0400
1636,4726,810,owned,{},2026-07-13 14:31:18 -0400,2026-07-13 14:31:18 -0400
1637,4726,811,mentioned_in,{},2026-07-13 14:31:18 -0400,2026-07-13 14:31:18 -0400
1638,4727,812,mentioned_in,{},2026-07-13 14:31:19 -0400,2026-07-13 14:31:19 -0400
1639,4727,764,mentioned_in,{},2026-07-13 14:31:19 -0400,2026-07-13 14:31:19 -0400
1640,4727,813,mentioned_in,{},2026-07-13 14:31:19 -0400,2026-07-13 14:31:19 -0400
1641,4727,814,mentioned_in,{},2026-07-13 14:31:19 -0400,2026-07-13 14:31:19 -0400
1642,4727,815,mentioned_in,{},2026-07-13 14:31:19 -0400,2026-07-13 14:31:19 -0400
1643,4727,816,mentioned_in,{},2026-07-13 14:31:19 -0400,2026-07-13 14:31:19 -0400
1644,4728,764,subject_of,"{""source_relationship"":""reviewed""}",2026-07-13 14:31:19 -0400,2026-07-22 18:37:48 -0400
1645,4728,817,subject_of,"{""source_relationship"":""reviewed""}",2026-07-13 14:31:19 -0400,2026-07-22 18:37:48 -0400
1646,4729,805,located_at,{},2026-07-13 14:31:23 -0400,2026-07-13 14:31:23 -0400
1647,4729,764,advertised_in,"{""source_relationship"":""advertised_at""}",2026-07-13 14:31:23 -0400,2026-07-22 18:36:37 -0400
1648,10571,406,lived_at,"{""source_relationship"":""lived_and_worked_at""}",2026-07-13 14:31:31 -0400,2026-07-22 18:38:55 -0400
1649,10571,498,mentioned_in,{},2026-07-13 14:31:31 -0400,2026-07-13 14:31:31 -0400
1650,11319,819,operated_at,"{""source_relationship"":""operated""}",2026-07-13 14:31:31 -0400,2026-07-22 18:34:18 -0400
1651,11319,820,operated_at,{},2026-07-13 14:31:31 -0400,2026-07-13 14:31:31 -0400
1653,10832,821,owned,{},2026-07-13 14:31:31 -0400,2026-07-13 14:31:31 -0400
1654,10789,821,sold,{},2026-07-13 14:31:31 -0400,2026-07-13 14:31:31 -0400
1655,10789,822,purchased,{},2026-07-13 14:31:32 -0400,2026-07-13 14:31:32 -0400
1656,10789,823,purchased,{},2026-07-13 14:31:32 -0400,2026-07-13 14:31:32 -0400
1657,10572,824,operated_at,"{""source_relationship"":""operated_grocery_at""}",2026-07-13 14:31:37 -0400,2026-07-22 18:34:57 -0400
1658,10572,825,operated_at,{},2026-07-13 14:31:37 -0400,2026-07-13 14:31:37 -0400
1659,11322,826,operated_at,{},2026-07-13 14:31:37 -0400,2026-07-13 14:31:37 -0400
1660,10790,827,operated_at,"{""source_relationship"":""previously_operated_at""}",2026-07-13 14:31:37 -0400,2026-07-22 18:37:18 -0400
1661,10790,828,owned,"{""source_relationship"":""owned_and_operated_at""}",2026-07-13 14:31:37 -0400,2026-07-22 18:36:14 -0400
1662,10790,829,owned,"{""source_relationship"":""owned_and_operated_at""}",2026-07-13 14:31:37 -0400,2026-07-22 18:36:14 -0400
1663,11323,55,operated_at,"{""source_relationship"":""operated_grocery_at""}",2026-07-13 14:31:42 -0400,2026-07-22 18:34:57 -0400
1664,11323,39,operated_at,"{""source_relationship"":""historically_operated_at""}",2026-07-13 14:31:42 -0400,2026-07-22 18:36:23 -0400
1665,10573,55,lived_at,"{""source_relationship"":""lived_and_worked_at""}",2026-07-13 14:31:42 -0400,2026-07-22 18:38:55 -0400
1667,11326,830,operated_at,"{""source_relationship"":""historically_operated_at""}",2026-07-13 14:31:47 -0400,2026-07-22 18:36:23 -0400
1668,11326,831,operated_at,"{""source_relationship"":""operates_at""}",2026-07-13 14:31:47 -0400,2026-07-22 18:36:55 -0400
1669,10575,73,operated_at,{},2026-07-13 14:31:51 -0400,2026-07-13 14:31:51 -0400
1670,10575,22,operated_at,{},2026-07-13 14:31:51 -0400,2026-07-13 14:31:51 -0400
1671,10576,731,mentioned_in,{},2026-07-13 14:31:56 -0400,2026-07-13 14:31:56 -0400
1672,11329,832,operated_at,{},2026-07-13 14:31:56 -0400,2026-07-13 14:31:56 -0400
1673,11330,754,operated_at,{},2026-07-13 14:32:03 -0400,2026-07-13 14:32:03 -0400
1675,10795,396,owned,{},2026-07-13 14:32:03 -0400,2026-07-13 14:32:03 -0400
1676,10578,833,listed_in,"{""source_relationship"":""listed_in_directory""}",2026-07-13 14:32:10 -0400,2026-07-22 18:37:15 -0400
1677,10578,834,lived_at,{},2026-07-13 14:32:10 -0400,2026-07-13 14:32:10 -0400
1678,11333,835,operated_at,"{""source_relationship"":""operated_barber_shop_at""}",2026-07-13 14:32:10 -0400,2026-07-22 18:33:44 -0400
1679,11333,836,operated_at,{},2026-07-13 14:32:10 -0400,2026-07-13 14:32:10 -0400
1680,10796,837,sold,"{""source_relationship"":""sold_property""}",2026-07-13 14:32:10 -0400,2026-07-22 18:37:45 -0400
1681,10796,838,purchased,"{""source_relationship"":""purchased_property""}",2026-07-13 14:32:10 -0400,2026-07-22 18:36:12 -0400
1682,10796,839,owned,{},2026-07-13 14:32:10 -0400,2026-07-13 14:32:10 -0400
1683,10796,840,owned,{},2026-07-13 14:32:11 -0400,2026-07-13 14:32:11 -0400
1685,10579,841,lived_at,"{""source_relationship"":""lived_and_worked_at""}",2026-07-13 14:32:16 -0400,2026-07-22 18:38:56 -0400
1686,10797,842,sold,{},2026-07-13 14:32:16 -0400,2026-07-13 14:32:16 -0400
1687,10797,843,purchased,{},2026-07-13 14:32:16 -0400,2026-07-13 14:32:16 -0400
1688,11336,844,operated_at,{},2026-07-13 14:32:22 -0400,2026-07-13 14:32:22 -0400
1689,10580,845,worked_at,{},2026-07-13 14:32:22 -0400,2026-07-13 14:32:22 -0400
1690,10580,846,worked_at,{},2026-07-13 14:32:22 -0400,2026-07-13 14:32:22 -0400
1691,10580,847,operated_at,"{""source_relationship"":""previously_operated_at""}",2026-07-13 14:32:22 -0400,2026-07-22 18:37:18 -0400
1692,10798,848,sold,{},2026-07-13 14:32:22 -0400,2026-07-13 14:32:22 -0400
1693,10798,849,owned,{},2026-07-13 14:32:22 -0400,2026-07-13 14:32:22 -0400
1694,10798,842,owned,{},2026-07-13 14:32:22 -0400,2026-07-13 14:32:22 -0400
1695,10798,843,owned,{},2026-07-13 14:32:22 -0400,2026-07-13 14:32:22 -0400
1696,10798,850,owned,{},2026-07-13 14:32:23 -0400,2026-07-13 14:32:23 -0400
1697,10581,55,operated_at,"{""source_relationship"":""operated_feed_store_at""}",2026-07-13 14:32:27 -0400,2026-07-22 18:35:00 -0400
1698,11339,851,occupied,{},2026-07-13 14:32:27 -0400,2026-07-13 14:32:27 -0400
1699,10799,852,owned,{},2026-07-13 14:32:27 -0400,2026-07-13 14:32:27 -0400
1700,11340,72,operated_at,"{""source_relationship"":""operated_shop_at""}",2026-07-13 14:32:32 -0400,2026-07-22 18:36:19 -0400
1701,11340,33,occupied,{},2026-07-13 14:32:32 -0400,2026-07-13 14:32:32 -0400
1702,10582,36,operated_at,{},2026-07-13 14:32:32 -0400,2026-07-13 14:32:32 -0400
1703,10800,42,sold,"{""source_relationship"":""bequeathed_property""}",2026-07-13 14:32:32 -0400,2026-07-22 18:37:17 -0400
1704,10800,675,purchased,"{""source_relationship"":""received_property""}",2026-07-13 14:32:32 -0400,2026-07-22 18:36:15 -0400
1705,10818,853,operated_at,"{""source_relationship"":""operated_grocery_at""}",2026-07-13 14:32:45 -0400,2026-07-22 18:34:58 -0400
1706,11344,854,occupied,{},2026-07-13 14:32:45 -0400,2026-07-13 14:32:45 -0400
1707,10846,855,operated_at,"{""source_relationship"":""formerly_operated_at""}",2026-07-13 14:32:45 -0400,2026-07-22 18:36:33 -0400
1708,10846,856,purchased,{},2026-07-13 14:32:45 -0400,2026-07-13 14:32:45 -0400
1709,10846,857,purchased,{},2026-07-13 14:32:45 -0400,2026-07-13 14:32:45 -0400
1710,10846,858,purchased,{},2026-07-13 14:32:45 -0400,2026-07-13 14:32:45 -0400
1711,10846,859,purchased,{},2026-07-13 14:32:45 -0400,2026-07-13 14:32:45 -0400
1712,10846,860,owned,{},2026-07-13 14:32:45 -0400,2026-07-13 14:32:45 -0400
1713,10846,861,owned,{},2026-07-13 14:32:45 -0400,2026-07-13 14:32:45 -0400
1714,5111,855,assigned_interest_from,{},2026-07-13 14:32:45 -0400,2026-07-13 14:32:45 -0400
1715,5111,856,purchased,{},2026-07-13 14:32:45 -0400,2026-07-13 14:32:45 -0400
1716,5111,857,purchased,{},2026-07-13 14:32:45 -0400,2026-07-13 14:32:45 -0400
1717,5111,862,provided_mortgage,{},2026-07-13 14:32:45 -0400,2026-07-13 14:32:45 -0400
1718,5112,856,sold,{},2026-07-13 14:32:45 -0400,2026-07-13 14:32:45 -0400
1719,5112,857,sold,{},2026-07-13 14:32:45 -0400,2026-07-13 14:32:45 -0400
1720,5112,858,purchased,{},2026-07-13 14:32:45 -0400,2026-07-13 14:32:45 -0400
1721,5112,859,purchased,{},2026-07-13 14:32:45 -0400,2026-07-13 14:32:45 -0400
1722,5112,863,trustee_of,"{""source_relationship"":""served_as_trustees""}",2026-07-13 14:32:45 -0400,2026-07-22 18:34:50 -0400
1723,5113,864,party_to_financing_agreement,{},2026-07-13 14:32:45 -0400,2026-07-13 14:32:45 -0400
1724,5113,860,party_to_financing_agreement,{},2026-07-13 14:32:45 -0400,2026-07-13 14:32:45 -0400
1725,5113,861,party_to_financing_agreement,{},2026-07-13 14:32:45 -0400,2026-07-13 14:32:45 -0400
1726,5114,860,sold,"{""source_relationship"":""conveyed_into_joint_ownership""}",2026-07-13 14:32:45 -0400,2026-07-22 18:40:12 -0400
1727,5114,865,owned,"{""source_relationship"":""received_joint_ownership""}",2026-07-13 14:32:45 -0400,2026-07-22 19:11:25 -0400
1728,5114,866,trustee_of,"{""source_relationship"":""served_as_trustees""}",2026-07-13 14:32:45 -0400,2026-07-22 18:34:50 -0400
1729,5115,860,refinanced,{},2026-07-13 14:32:46 -0400,2026-07-13 14:32:46 -0400
1730,5115,865,refinanced,{},2026-07-13 14:32:46 -0400,2026-07-13 14:32:46 -0400
1731,5115,867,trustee_of,"{""source_relationship"":""served_as_trustee""}",2026-07-13 14:32:46 -0400,2026-07-22 18:37:06 -0400
1732,5115,832,provided_deed_of_trust,{},2026-07-13 14:32:46 -0400,2026-07-13 14:32:46 -0400
1733,10820,868,operated_at,"{""source_relationship"":""operated_tailor_shop_at""}",2026-07-13 14:32:53 -0400,2026-07-22 18:34:40 -0400
1734,10820,869,operated_at,{},2026-07-13 14:32:53 -0400,2026-07-13 14:32:53 -0400
1735,11346,870,operated_at,"{""source_relationship"":""operated_barber_shop_at""}",2026-07-13 14:32:53 -0400,2026-07-22 18:33:44 -0400
1736,11346,871,occupied,"{""source_relationship"":""occupied_as_of_2013""}",2026-07-13 14:32:53 -0400,2026-07-22 18:36:19 -0400
1738,10852,713,operated_at,"{""source_relationship"":""formerly_operated_at""}",2026-07-13 14:32:53 -0400,2026-07-22 18:36:33 -0400
1739,10852,872,purchased,"{""source_relationship"":""acquired_via_rtc_sale""}",2026-07-13 14:32:53 -0400,2026-07-22 18:36:41 -0400
1740,10852,873,owned,"{""source_relationship"":""subsequent_owner""}",2026-07-13 14:32:53 -0400,2026-07-22 18:37:06 -0400
1741,10852,874,owned,"{""source_relationship"":""subsequent_owner""}",2026-07-13 14:32:53 -0400,2026-07-22 18:37:06 -0400
1742,10821,875,lived_at,{},2026-07-13 14:33:01 -0400,2026-07-13 14:33:01 -0400
1743,11348,876,operated_at,"{""source_relationship"":""operated""}",2026-07-13 14:33:01 -0400,2026-07-22 18:34:18 -0400
1744,11348,877,operated_at,{},2026-07-13 14:33:01 -0400,2026-07-13 14:33:01 -0400
1746,10853,878,owned,{},2026-07-13 14:33:01 -0400,2026-07-13 14:33:01 -0400
1747,10853,879,owned,{},2026-07-13 14:33:01 -0400,2026-07-13 14:33:01 -0400
1748,10853,880,owned,{},2026-07-13 14:33:01 -0400,2026-07-13 14:33:01 -0400
1749,10853,881,owned,{},2026-07-13 14:33:01 -0400,2026-07-13 14:33:01 -0400
1750,10853,882,owned,{},2026-07-13 14:33:01 -0400,2026-07-13 14:33:01 -0400
1751,10853,883,owned,{},2026-07-13 14:33:01 -0400,2026-07-13 14:33:01 -0400
1752,10853,2721,owned,{},2026-07-13 14:33:01 -0400,2026-07-22 18:00:34 -0400
1753,11349,885,lived_at,"{""source_relationship"":""lived_and_worked_at""}",2026-07-13 14:33:07 -0400,2026-07-22 18:38:56 -0400
1754,11349,886,operated_at,{},2026-07-13 14:33:07 -0400,2026-07-13 14:33:07 -0400
1755,10822,887,operated_at,{},2026-07-13 14:33:07 -0400,2026-07-13 14:33:07 -0400
1756,10845,887,operated_at,{},2026-07-13 14:33:07 -0400,2026-07-13 14:33:07 -0400
1757,10854,879,sold,{},2026-07-13 14:33:07 -0400,2026-07-13 14:33:07 -0400
1758,10854,808,purchased,{},2026-07-13 14:33:07 -0400,2026-07-13 14:33:07 -0400
1759,11352,888,operated_at,{},2026-07-13 14:33:12 -0400,2026-07-13 14:33:12 -0400
1761,10855,889,owned,{},2026-07-13 14:33:12 -0400,2026-07-13 14:33:12 -0400
1762,10855,890,owned,{},2026-07-13 14:33:12 -0400,2026-07-13 14:33:12 -0400
1763,11354,16,operated_at,"{""source_relationship"":""historically_operated_at""}",2026-07-13 14:33:18 -0400,2026-07-22 18:36:23 -0400
1764,10856,891,owned,{},2026-07-13 14:33:18 -0400,2026-07-13 14:33:18 -0400
1765,10856,892,purchased,{},2026-07-13 14:33:18 -0400,2026-07-13 14:33:18 -0400
1766,11355,893,operated_at,{},2026-07-13 14:33:21 -0400,2026-07-13 14:33:21 -0400
1767,11355,894,operated_at,{},2026-07-13 14:33:22 -0400,2026-07-13 14:33:22 -0400
1768,11356,895,operated_at,"{""source_relationship"":""operated_hairdresser_shop_at""}",2026-07-13 14:33:31 -0400,2026-07-22 18:36:52 -0400
1771,10824,897,lived_at,{},2026-07-13 14:33:31 -0400,2026-07-13 14:33:31 -0400
1772,10858,898,sold,{},2026-07-13 14:33:31 -0400,2026-07-13 14:33:31 -0400
1773,10858,899,owned,{},2026-07-13 14:33:32 -0400,2026-07-13 14:33:32 -0400
1774,10858,900,owned,{},2026-07-13 14:33:32 -0400,2026-07-13 14:33:32 -0400
1775,10858,808,owned,{},2026-07-13 14:33:32 -0400,2026-07-13 14:33:32 -0400
1776,10858,901,owned,{},2026-07-13 14:33:32 -0400,2026-07-13 14:33:32 -0400
1779,11359,903,operated_at,"{""source_relationship"":""operated""}",2026-07-13 14:33:36 -0400,2026-07-22 18:34:19 -0400
1780,10826,904,listed_in,"{""source_relationship"":""listed_at""}",2026-07-13 14:33:41 -0400,2026-07-22 18:33:57 -0400
1781,10860,908,sold,{},2026-07-13 14:33:41 -0400,2026-07-22 18:00:29 -0400
1782,10860,906,purchased,{},2026-07-13 14:33:41 -0400,2026-07-13 14:33:41 -0400
1784,11361,907,occupied,"{""source_relationship"":""occupied_as_tailor""}",2026-07-13 14:33:41 -0400,2026-07-22 18:37:07 -0400
1785,10861,908,owned,{},2026-07-13 14:33:45 -0400,2026-07-13 14:33:45 -0400
1786,10861,909,owned,{},2026-07-13 14:33:45 -0400,2026-07-13 14:33:45 -0400
1787,10861,2732,purchased,"{""source_relationship"":""acquired_via_s_and_l_failure""}",2026-07-13 14:33:45 -0400,2026-07-22 18:36:28 -0400
1788,11362,911,operated_at,{},2026-07-13 14:33:52 -0400,2026-07-13 14:33:52 -0400
1789,11362,912,operated_at,{},2026-07-13 14:33:52 -0400,2026-07-13 14:33:52 -0400
1791,10827,913,lived_or_worked_at,{},2026-07-13 14:33:52 -0400,2026-07-13 14:33:52 -0400
1792,10827,914,operated_at,{},2026-07-13 14:33:52 -0400,2026-07-13 14:33:52 -0400
1793,10862,908,owned,{},2026-07-13 14:33:53 -0400,2026-07-13 14:33:53 -0400
1794,10862,909,owned,{},2026-07-13 14:33:53 -0400,2026-07-13 14:33:53 -0400
1795,10862,2732,owned,{},2026-07-13 14:33:53 -0400,2026-07-22 17:37:37 -0400
1796,10862,915,owned,{},2026-07-13 14:33:53 -0400,2026-07-13 14:33:53 -0400
1798,11364,916,occupied,{},2026-07-13 14:34:00 -0400,2026-07-13 14:34:00 -0400
1800,10828,917,operated_at,"{""source_relationship"":""operated""}",2026-07-13 14:34:00 -0400,2026-07-22 18:34:19 -0400
1801,10863,918,owned,{},2026-07-13 14:34:00 -0400,2026-07-13 14:34:00 -0400
1802,10863,919,owned,{},2026-07-13 14:34:00 -0400,2026-07-13 14:34:00 -0400
1803,10863,909,owned,{},2026-07-13 14:34:00 -0400,2026-07-13 14:34:00 -0400
1804,10863,920,foreclosed_on,{},2026-07-13 14:34:00 -0400,2026-07-13 14:34:00 -0400
1805,10863,921,owned,{},2026-07-13 14:34:00 -0400,2026-07-13 14:34:00 -0400
1806,10863,922,owned,{},2026-07-13 14:34:00 -0400,2026-07-13 14:34:00 -0400
1807,10863,923,owned,{},2026-07-13 14:34:00 -0400,2026-07-13 14:34:00 -0400
1809,10829,924,lived_at,{},2026-07-13 14:34:06 -0400,2026-07-13 14:34:06 -0400
1810,10864,925,owned,{},2026-07-13 14:34:06 -0400,2026-07-13 14:34:06 -0400
1811,10864,926,owned,{},2026-07-13 14:34:06 -0400,2026-07-13 14:34:06 -0400
1812,10864,927,owned,{},2026-07-13 14:34:06 -0400,2026-07-13 14:34:06 -0400
1813,11368,928,operated_at,{},2026-07-13 14:34:14 -0400,2026-07-13 14:34:14 -0400
1814,11368,929,operated_at,{},2026-07-13 14:34:14 -0400,2026-07-13 14:34:14 -0400
1815,11368,16,mentioned_in,{},2026-07-13 14:34:14 -0400,2026-07-13 14:34:14 -0400
1816,10830,930,operated_at,{},2026-07-13 14:34:14 -0400,2026-07-13 14:34:14 -0400
1817,10830,931,operated_at,{},2026-07-13 14:34:14 -0400,2026-07-13 14:34:14 -0400
1818,10830,932,operated_at,{},2026-07-13 14:34:14 -0400,2026-07-13 14:34:14 -0400
1819,10865,933,owned,{},2026-07-13 14:34:14 -0400,2026-07-13 14:34:14 -0400
1820,10865,934,owned,{},2026-07-13 14:34:14 -0400,2026-07-13 14:34:14 -0400
1821,10865,935,owned,{},2026-07-13 14:34:14 -0400,2026-07-13 14:34:14 -0400
1822,10865,936,owned,{},2026-07-13 14:34:14 -0400,2026-07-13 14:34:14 -0400
1823,5319,638,mentioned_in,{},2026-07-13 14:36:55 -0400,2026-07-13 14:36:55 -0400
1824,5320,937,advertised_in,"{""source_relationship"":""advertised_sale_of""}",2026-07-13 14:36:56 -0400,2026-07-22 18:33:54 -0400
1825,5321,938,advertised_in,"{""source_relationship"":""advertised_sale_of""}",2026-07-13 14:36:56 -0400,2026-07-22 18:33:54 -0400
1826,5322,939,operated_at,"{""source_relationship"":""operated_at_corner""}",2026-07-13 14:36:56 -0400,2026-07-22 18:34:09 -0400
1827,5322,940,operated_at,"{""source_relationship"":""operated_at_corner""}",2026-07-13 14:36:56 -0400,2026-07-22 18:34:09 -0400
1828,5322,941,operated_at,"{""source_relationship"":""operated_at_corner""}",2026-07-13 14:36:56 -0400,2026-07-22 18:34:09 -0400
1829,5338,942,lived_at,{},2026-07-13 14:36:56 -0400,2026-07-13 14:36:56 -0400
1830,5338,943,lived_at,{},2026-07-13 14:36:56 -0400,2026-07-13 14:36:56 -0400
1831,5338,944,lived_at,{},2026-07-13 14:36:56 -0400,2026-07-13 14:36:56 -0400
1832,5338,945,lived_at,{},2026-07-13 14:36:56 -0400,2026-07-13 14:36:56 -0400
1833,5338,946,lived_at,"{""source_relationship"":""boarded_at""}",2026-07-13 14:36:56 -0400,2026-07-22 18:38:10 -0400
1834,5339,947,lived_at,{},2026-07-13 14:36:56 -0400,2026-07-13 14:36:56 -0400
1835,5339,948,lived_at,{},2026-07-13 14:36:56 -0400,2026-07-13 14:36:56 -0400
1836,5339,949,lived_at,{},2026-07-13 14:36:56 -0400,2026-07-13 14:36:56 -0400
1837,5339,950,lived_at,"{""source_relationship"":""boarded_at""}",2026-07-13 14:36:56 -0400,2026-07-22 18:38:10 -0400
1838,5323,951,operated_at,"{""source_relationship"":""operated_store_at""}",2026-07-13 14:36:56 -0400,2026-07-22 18:37:36 -0400
1839,5323,952,lived_at,"{""source_relationship"":""lived_and_worked_at""}",2026-07-13 14:36:56 -0400,2026-07-22 18:38:57 -0400
1840,5323,953,worked_at,{},2026-07-13 14:36:56 -0400,2026-07-13 14:36:56 -0400
1841,5323,954,worked_at,{},2026-07-13 14:36:56 -0400,2026-07-13 14:36:56 -0400
1842,5323,955,worked_at,{},2026-07-13 14:36:56 -0400,2026-07-13 14:36:56 -0400
1843,5384,956,occupied,"{""source_relationship"":""formerly_occupied""}",2026-07-13 14:36:56 -0400,2026-07-22 18:34:28 -0400
1844,5304,957,sold,{},2026-07-13 14:36:56 -0400,2026-07-13 14:36:56 -0400
1845,5304,958,sold,{},2026-07-13 14:36:56 -0400,2026-07-13 14:36:56 -0400
1846,5304,959,purchased,{},2026-07-13 14:36:56 -0400,2026-07-13 14:36:56 -0400
1847,5305,959,sold,{},2026-07-13 14:36:56 -0400,2026-07-13 14:36:56 -0400
1848,5305,960,purchased,{},2026-07-13 14:36:56 -0400,2026-07-13 14:36:56 -0400
1849,5306,961,owned,"{""source_relationship"":""previous_owner""}",2026-07-13 14:36:57 -0400,2026-07-22 18:37:46 -0400
1850,5306,962,sold,"{""source_relationship"":""conveyed_as_personal_rep""}",2026-07-13 14:36:57 -0400,2026-07-22 18:38:35 -0400
1851,5306,963,purchased,{},2026-07-13 14:36:57 -0400,2026-07-13 14:36:57 -0400
1852,5307,964,sold,{},2026-07-13 14:36:57 -0400,2026-07-13 14:36:57 -0400
1853,5307,965,sold,{},2026-07-13 14:36:57 -0400,2026-07-13 14:36:57 -0400
1854,5307,966,purchased,{},2026-07-13 14:36:57 -0400,2026-07-13 14:36:57 -0400
1855,5307,967,lent_to,"{""source_relationship"":""financed""}",2026-07-13 14:36:57 -0400,2026-07-22 18:36:42 -0400
1856,5308,146,owned,{},2026-07-13 14:36:57 -0400,2026-07-13 14:36:57 -0400
1857,5308,968,operated_at,{},2026-07-13 14:36:57 -0400,2026-07-13 14:36:57 -0400
1858,5309,146,sold,{},2026-07-13 14:36:57 -0400,2026-07-13 14:36:57 -0400
1859,5309,969,purchased,{},2026-07-13 14:36:57 -0400,2026-07-13 14:36:57 -0400
1860,5309,970,purchased,{},2026-07-13 14:36:57 -0400,2026-07-13 14:36:57 -0400
1861,5324,376,brokered,"{""source_relationship"":""auctioned""}",2026-07-13 14:36:57 -0400,2026-07-22 18:34:56 -0400
1862,5324,1,purchased,{},2026-07-13 14:36:57 -0400,2026-07-13 14:36:57 -0400
1863,5019,1,purchased,{},2026-07-13 14:36:57 -0400,2026-07-13 14:36:57 -0400
1864,5310,969,sold,{},2026-07-13 14:36:57 -0400,2026-07-13 14:36:57 -0400
1865,5310,970,sold,{},2026-07-13 14:36:57 -0400,2026-07-13 14:36:57 -0400
1866,5310,1,purchased,{},2026-07-13 14:36:57 -0400,2026-07-13 14:36:57 -0400
1867,5325,638,mentioned_in,{},2026-07-13 14:37:18 -0400,2026-07-13 14:37:18 -0400
1868,5326,937,advertised_in,"{""source_relationship"":""advertised_sale_of""}",2026-07-13 14:37:18 -0400,2026-07-22 18:33:54 -0400
1869,5327,938,advertised_in,"{""source_relationship"":""advertised_sale_of""}",2026-07-13 14:37:18 -0400,2026-07-22 18:33:55 -0400
1870,5345,971,lived_at,{},2026-07-13 14:37:18 -0400,2026-07-13 14:37:18 -0400
1871,5345,972,lived_at,{},2026-07-13 14:37:18 -0400,2026-07-13 14:37:18 -0400
1872,5328,941,operated_at,"{""source_relationship"":""operated_nearby""}",2026-07-13 14:37:18 -0400,2026-07-22 18:34:10 -0400
1873,5329,973,lived_at,{},2026-07-13 14:37:18 -0400,2026-07-13 14:37:18 -0400
1874,5329,972,lived_at,{},2026-07-13 14:37:18 -0400,2026-07-13 14:37:18 -0400
1875,5329,974,lived_at,{},2026-07-13 14:37:18 -0400,2026-07-13 14:37:18 -0400
1876,5348,975,lived_at,{},2026-07-13 14:37:19 -0400,2026-07-13 14:37:19 -0400
1877,5348,976,lived_at,{},2026-07-13 14:37:19 -0400,2026-07-13 14:37:19 -0400
1878,5348,977,lived_at,{},2026-07-13 14:37:19 -0400,2026-07-13 14:37:19 -0400
1879,5348,978,lived_at,{},2026-07-13 14:37:19 -0400,2026-07-13 14:37:19 -0400
1880,5350,979,operated_at,{},2026-07-13 14:37:19 -0400,2026-07-13 14:37:19 -0400
1881,5350,980,operated_at,{},2026-07-13 14:37:19 -0400,2026-07-13 14:37:19 -0400
1882,5350,981,operated_at,{},2026-07-13 14:37:19 -0400,2026-07-13 14:37:19 -0400
1883,5398,982,lived_at,{},2026-07-13 14:37:19 -0400,2026-07-13 14:37:19 -0400
1884,5312,957,sold,{},2026-07-13 14:37:19 -0400,2026-07-13 14:37:19 -0400
1885,5312,958,sold,{},2026-07-13 14:37:19 -0400,2026-07-13 14:37:19 -0400
1886,5312,959,purchased,{},2026-07-13 14:37:19 -0400,2026-07-13 14:37:19 -0400
1887,5313,959,sold,{},2026-07-13 14:37:19 -0400,2026-07-13 14:37:19 -0400
1888,5313,960,purchased,{},2026-07-13 14:37:19 -0400,2026-07-13 14:37:19 -0400
1889,5314,961,owned,"{""source_relationship"":""previous_owner""}",2026-07-13 14:37:19 -0400,2026-07-22 18:37:47 -0400
1890,5314,962,sold,"{""source_relationship"":""conveyed""}",2026-07-13 14:37:19 -0400,2026-07-22 18:38:06 -0400
1891,5314,963,purchased,{},2026-07-13 14:37:19 -0400,2026-07-13 14:37:19 -0400
1892,5332,968,operated_at,{},2026-07-13 14:37:19 -0400,2026-07-13 14:37:19 -0400
1893,5332,966,operated_at,"{""source_relationship"":""operated""}",2026-07-13 14:37:19 -0400,2026-07-22 18:34:19 -0400
1894,5332,146,operated_at,"{""source_relationship"":""operated""}",2026-07-13 14:37:19 -0400,2026-07-22 18:34:19 -0400
1895,5315,964,sold,{},2026-07-13 14:37:19 -0400,2026-07-13 14:37:19 -0400
1896,5315,965,sold,{},2026-07-13 14:37:19 -0400,2026-07-13 14:37:19 -0400
1897,5315,966,purchased,{},2026-07-13 14:37:19 -0400,2026-07-13 14:37:19 -0400
1898,5315,967,lent_to,"{""source_relationship"":""financed""}",2026-07-13 14:37:19 -0400,2026-07-22 18:36:42 -0400
1899,5316,146,owned,{},2026-07-13 14:37:19 -0400,2026-07-13 14:37:19 -0400
1900,5316,968,operated_at,{},2026-07-13 14:37:19 -0400,2026-07-13 14:37:19 -0400
1901,5317,146,sold,{},2026-07-13 14:37:19 -0400,2026-07-13 14:37:19 -0400
1902,5317,970,purchased,{},2026-07-13 14:37:19 -0400,2026-07-13 14:37:19 -0400
1903,5317,969,purchased,{},2026-07-13 14:37:20 -0400,2026-07-13 14:37:20 -0400
1904,5333,376,brokered,"{""source_relationship"":""auctioned""}",2026-07-13 14:37:20 -0400,2026-07-22 18:34:56 -0400
1905,5333,1,purchased,{},2026-07-13 14:37:20 -0400,2026-07-13 14:37:20 -0400
1906,5318,970,sold,{},2026-07-13 14:37:20 -0400,2026-07-13 14:37:20 -0400
1907,5318,969,sold,{},2026-07-13 14:37:20 -0400,2026-07-13 14:37:20 -0400
1908,5318,1,purchased,{},2026-07-13 14:37:20 -0400,2026-07-13 14:37:20 -0400
1909,11499,941,operated_at,"{""source_relationship"":""operated""}",2026-07-13 14:37:27 -0400,2026-07-22 18:34:19 -0400
1910,11499,983,occupied,{},2026-07-13 14:37:27 -0400,2026-07-13 14:37:27 -0400
1911,11503,941,owned,{},2026-07-13 14:37:27 -0400,2026-07-13 14:37:27 -0400
1912,11503,376,brokered,"{""source_relationship"":""auctioned_at""}",2026-07-13 14:37:27 -0400,2026-07-22 18:36:43 -0400
1913,11503,984,trustee_of,"{""source_relationship"":""served_as_receiver""}",2026-07-13 14:37:27 -0400,2026-07-22 18:33:50 -0400
1914,11503,985,represented,"{""source_relationship"":""served_as_attorney""}",2026-07-13 14:37:27 -0400,2026-07-22 18:38:03 -0400
1915,6487,68,occupied,"{""source_relationship"":""previously_occupied_site""}",2026-07-13 14:37:39 -0400,2026-07-22 18:35:11 -0400
1916,6487,987,lived_at,{},2026-07-13 14:37:39 -0400,2026-07-13 14:37:39 -0400
1917,6488,988,lived_at,{},2026-07-13 14:37:43 -0400,2026-07-13 14:37:43 -0400
1918,6524,989,owned,{},2026-07-13 14:37:43 -0400,2026-07-13 14:37:43 -0400
1919,6524,990,owned,{},2026-07-13 14:37:43 -0400,2026-07-13 14:37:43 -0400
1920,6524,288,trustee_of,"{""source_relationship"":""held_as_trustee""}",2026-07-13 14:37:43 -0400,2026-07-22 19:11:34 -0400
1921,6524,991,owned,{},2026-07-13 14:37:43 -0400,2026-07-13 14:37:43 -0400
1922,5401,992,lived_at,{},2026-07-13 14:38:12 -0400,2026-07-13 14:38:12 -0400
1923,5401,993,lived_at,{},2026-07-13 14:38:12 -0400,2026-07-13 14:38:12 -0400
1924,5401,994,lived_at,{},2026-07-13 14:38:12 -0400,2026-07-13 14:38:12 -0400
1925,5401,995,lived_at,{},2026-07-13 14:38:12 -0400,2026-07-13 14:38:12 -0400
1926,5401,996,lived_at,{},2026-07-13 14:38:12 -0400,2026-07-13 14:38:12 -0400
1927,5401,997,lived_at,{},2026-07-13 14:38:12 -0400,2026-07-13 14:38:12 -0400
1928,5401,998,lived_at,{},2026-07-13 14:38:12 -0400,2026-07-13 14:38:12 -0400
1929,5402,999,mentioned_in,{},2026-07-13 14:38:12 -0400,2026-07-13 14:38:12 -0400
1930,5402,1000,authored,"{""source_relationship"":""published""}",2026-07-13 14:38:12 -0400,2026-07-22 18:37:34 -0400
1931,5403,1001,listed_in,"{""source_relationship"":""listed_for_sale""}",2026-07-13 14:38:12 -0400,2026-07-22 18:34:39 -0400
1932,5404,1002,operated_at,"{""source_relationship"":""operated_near""}",2026-07-13 14:38:12 -0400,2026-07-22 18:33:44 -0400
1933,5404,1003,operated_at,"{""source_relationship"":""operated_near""}",2026-07-13 14:38:12 -0400,2026-07-22 18:33:44 -0400
1934,5405,1004,lived_at,{},2026-07-13 14:38:12 -0400,2026-07-13 14:38:12 -0400
1935,5405,1005,lived_at,{},2026-07-13 14:38:12 -0400,2026-07-13 14:38:12 -0400
1936,5405,1006,lived_at,{},2026-07-13 14:38:12 -0400,2026-07-13 14:38:12 -0400
1937,5405,1007,lived_at,"{""source_relationship"":""boarded_at""}",2026-07-13 14:38:12 -0400,2026-07-22 18:38:10 -0400
1938,5406,1008,lived_at,{},2026-07-13 14:38:18 -0400,2026-07-13 14:38:18 -0400
1939,5406,1009,lived_at,{},2026-07-13 14:38:18 -0400,2026-07-13 14:38:18 -0400
1940,5406,1010,lived_at,{},2026-07-13 14:38:18 -0400,2026-07-13 14:38:18 -0400
1941,5406,1011,lived_at,{},2026-07-13 14:38:18 -0400,2026-07-13 14:38:18 -0400
1942,5406,1012,operated_at,"{""source_relationship"":""operated_boarding_house_at""}",2026-07-13 14:38:18 -0400,2026-07-22 18:33:58 -0400
1943,5406,1013,lived_at,{},2026-07-13 14:38:18 -0400,2026-07-13 14:38:18 -0400
1944,5406,1014,lived_at,{},2026-07-13 14:38:18 -0400,2026-07-13 14:38:18 -0400
1945,5407,1002,operated_at,"{""source_relationship"":""operated_lumber_yard_near""}",2026-07-13 14:38:18 -0400,2026-07-22 18:34:43 -0400
1946,5408,1015,lived_at,{},2026-07-13 14:38:26 -0400,2026-07-13 14:38:26 -0400
1947,5408,1016,lived_at,{},2026-07-13 14:38:26 -0400,2026-07-13 14:38:26 -0400
1948,5408,1017,lived_at,{},2026-07-13 14:38:26 -0400,2026-07-13 14:38:26 -0400
1949,5408,1018,lived_at,{},2026-07-13 14:38:26 -0400,2026-07-13 14:38:26 -0400
1950,5408,1019,lived_at,{},2026-07-13 14:38:26 -0400,2026-07-13 14:38:26 -0400
1951,5408,1020,lived_at,{},2026-07-13 14:38:26 -0400,2026-07-13 14:38:26 -0400
1952,5408,1021,lived_at,{},2026-07-13 14:38:26 -0400,2026-07-13 14:38:26 -0400
1953,5408,1022,lived_at,{},2026-07-13 14:38:26 -0400,2026-07-13 14:38:26 -0400
1954,5408,1023,mentioned_in,{},2026-07-13 14:38:27 -0400,2026-07-13 14:38:27 -0400
1955,5409,1002,operated_at,"{""source_relationship"":""operated_near""}",2026-07-13 14:38:27 -0400,2026-07-22 18:33:45 -0400
1956,5409,1003,operated_at,"{""source_relationship"":""operated_near""}",2026-07-13 14:38:27 -0400,2026-07-22 18:33:45 -0400
1957,5410,1024,lived_at,{},2026-07-13 14:38:27 -0400,2026-07-13 14:38:27 -0400
1958,5410,1025,operated_at,"{""source_relationship"":""operated""}",2026-07-13 14:38:27 -0400,2026-07-22 18:34:19 -0400
1959,5410,1026,lived_at,{},2026-07-13 14:38:27 -0400,2026-07-13 14:38:27 -0400
1960,5410,1027,lived_at,{},2026-07-13 14:38:27 -0400,2026-07-13 14:38:27 -0400
1961,5410,1028,lived_at,{},2026-07-13 14:38:27 -0400,2026-07-13 14:38:27 -0400
1962,5410,1029,lived_at,{},2026-07-13 14:38:27 -0400,2026-07-13 14:38:27 -0400
1963,5116,1030,mentioned_in,{},2026-07-13 14:38:47 -0400,2026-07-13 14:38:47 -0400
1964,5116,1031,mentioned_in,{},2026-07-13 14:38:47 -0400,2026-07-13 14:38:47 -0400
1965,5116,1032,mentioned_in,{},2026-07-13 14:38:47 -0400,2026-07-13 14:38:47 -0400
1966,5116,1000,mentioned_in,{},2026-07-13 14:38:47 -0400,2026-07-13 14:38:47 -0400
1967,5558,1033,operated_at,{},2026-07-13 14:38:47 -0400,2026-07-13 14:38:47 -0400
1968,5559,1034,owned,{},2026-07-13 14:38:47 -0400,2026-07-13 14:38:47 -0400
1969,5559,1035,owned,{},2026-07-13 14:38:48 -0400,2026-07-13 14:38:48 -0400
1970,5559,1036,owned,{},2026-07-13 14:38:48 -0400,2026-07-13 14:38:48 -0400
1971,5559,1037,owned,{},2026-07-13 14:38:48 -0400,2026-07-13 14:38:48 -0400
1972,5559,1038,owned,{},2026-07-13 14:38:48 -0400,2026-07-13 14:38:48 -0400
1973,5559,1039,owned,{},2026-07-13 14:38:48 -0400,2026-07-13 14:38:48 -0400
1974,5559,1040,owned,{},2026-07-13 14:38:48 -0400,2026-07-13 14:38:48 -0400
1975,5559,1041,owned,{},2026-07-13 14:38:48 -0400,2026-07-13 14:38:48 -0400
1976,5559,1042,operated_at,{},2026-07-13 14:38:48 -0400,2026-07-13 14:38:48 -0400
1977,5559,1033,operated_at,{},2026-07-13 14:38:48 -0400,2026-07-13 14:38:48 -0400
1978,5118,1043,mentioned_in,{},2026-07-13 14:38:48 -0400,2026-07-13 14:38:48 -0400
1979,5118,1044,sold,"{""source_relationship"":""conveyed""}",2026-07-13 14:38:48 -0400,2026-07-22 18:38:06 -0400
1980,5118,1045,sold,"{""source_relationship"":""conveyed""}",2026-07-13 14:38:48 -0400,2026-07-22 18:38:06 -0400
1981,5118,1046,sold,"{""source_relationship"":""conveyed""}",2026-07-13 14:38:48 -0400,2026-07-22 18:38:07 -0400
1982,5119,1045,sold,"{""source_relationship"":""conveyed""}",2026-07-13 14:38:48 -0400,2026-07-22 18:38:07 -0400
1983,5119,1046,sold,"{""source_relationship"":""conveyed""}",2026-07-13 14:38:48 -0400,2026-07-22 18:38:07 -0400
1984,5119,1034,purchased,{},2026-07-13 14:38:48 -0400,2026-07-13 14:38:48 -0400
1986,5120,1035,purchased,{},2026-07-13 14:38:48 -0400,2026-07-13 14:38:48 -0400
1987,5120,1036,purchased,{},2026-07-13 14:38:48 -0400,2026-07-13 14:38:48 -0400
1988,5121,1035,sold,"{""source_relationship"":""conveyed""}",2026-07-13 14:38:48 -0400,2026-07-22 18:38:07 -0400
1989,5121,1036,sold,"{""source_relationship"":""conveyed""}",2026-07-13 14:38:48 -0400,2026-07-22 18:38:07 -0400
1990,5121,1037,purchased,{},2026-07-13 14:38:48 -0400,2026-07-13 14:38:48 -0400
1991,5121,1038,purchased,{},2026-07-13 14:38:48 -0400,2026-07-13 14:38:48 -0400
1992,5122,1038,sold,"{""source_relationship"":""conveyed""}",2026-07-13 14:38:48 -0400,2026-07-22 18:38:08 -0400
1993,5122,1037,sold,"{""source_relationship"":""conveyed""}",2026-07-13 14:38:48 -0400,2026-07-22 18:38:08 -0400
1994,5122,1039,purchased,{},2026-07-13 14:38:48 -0400,2026-07-13 14:38:48 -0400
1996,5123,1040,purchased,{},2026-07-13 14:38:48 -0400,2026-07-13 14:38:48 -0400
1997,5123,1041,purchased,{},2026-07-13 14:38:48 -0400,2026-07-13 14:38:48 -0400
1998,5123,1047,mentioned_in,{},2026-07-13 14:38:48 -0400,2026-07-13 14:38:48 -0400
1999,5123,1048,lent_to,"{""source_relationship"":""financed""}",2026-07-13 14:38:48 -0400,2026-07-22 18:36:42 -0400
2001,5124,1041,purchased,{},2026-07-13 14:38:49 -0400,2026-07-13 14:38:49 -0400
2002,6359,1049,subject_of,"{""source_relationship"":""profiled_in""}",2026-07-13 14:39:06 -0400,2026-07-22 18:37:01 -0400
2003,6359,1050,directed_by,{},2026-07-13 14:39:06 -0400,2026-07-13 14:39:06 -0400
2004,6359,1051,played_for,{},2026-07-13 14:39:06 -0400,2026-07-13 14:39:06 -0400
2005,6359,1052,played_for,{},2026-07-13 14:39:06 -0400,2026-07-13 14:39:06 -0400
2006,6359,1053,mentioned_in,{},2026-07-13 14:39:06 -0400,2026-07-13 14:39:06 -0400
2007,6359,1054,trained_with,{},2026-07-13 14:39:07 -0400,2026-07-13 14:39:07 -0400
2008,6359,1055,competed_at,"{""source_relationship"":""defeated_in_match""}",2026-07-13 14:39:07 -0400,2026-07-22 18:34:46 -0400
2009,6359,1056,performed_at,{},2026-07-13 14:39:07 -0400,2026-07-13 14:39:07 -0400
2010,6359,1057,worked_at,{},2026-07-13 14:39:07 -0400,2026-07-13 14:39:07 -0400
2011,6360,1049,owned,"{""source_relationship"":""owned_and_operated""}",2026-07-13 14:39:07 -0400,2026-07-22 18:38:11 -0400
2012,6360,1058,operated_at,{},2026-07-13 14:39:07 -0400,2026-07-13 14:39:07 -0400
2013,6360,1051,played_for,{},2026-07-13 14:39:07 -0400,2026-07-13 14:39:07 -0400
2014,6360,1052,played_for,{},2026-07-13 14:39:07 -0400,2026-07-13 14:39:07 -0400
2015,6360,1056,competed_at,"{""source_relationship"":""debuted_at""}",2026-07-13 14:39:07 -0400,2026-07-22 18:35:02 -0400
2016,6360,1050,directed_by,{},2026-07-13 14:39:07 -0400,2026-07-13 14:39:07 -0400
2017,6360,1059,mentioned_in,{},2026-07-13 14:39:07 -0400,2026-07-13 14:39:07 -0400
2018,6679,761,mentioned_in,"{""source_relationship"":""estate_named_on_plat""}",2026-07-13 14:39:18 -0400,2026-07-22 18:36:31 -0400
2019,6679,762,mentioned_in,{},2026-07-13 14:39:18 -0400,2026-07-13 14:39:18 -0400
2020,6679,1023,mentioned_in,{},2026-07-13 14:39:18 -0400,2026-07-13 14:39:18 -0400
2021,6680,637,mentioned_in,"{""source_relationship"":""named_on_plat""}",2026-07-13 14:39:18 -0400,2026-07-22 18:36:46 -0400
2022,6680,638,mentioned_in,"{""source_relationship"":""named_on_plat""}",2026-07-13 14:39:18 -0400,2026-07-22 18:36:46 -0400
2023,6680,636,owned,{},2026-07-13 14:39:18 -0400,2026-07-13 14:39:18 -0400
2024,6680,762,mentioned_in,{},2026-07-13 14:39:18 -0400,2026-07-13 14:39:18 -0400
2025,6361,613,operated_at,"{""source_relationship"":""operated""}",2026-07-13 14:39:18 -0400,2026-07-22 18:34:20 -0400
2026,6361,615,operated_at,{},2026-07-13 14:39:18 -0400,2026-07-13 14:39:18 -0400
2027,6361,1049,mentioned_in,{},2026-07-13 14:39:18 -0400,2026-07-13 14:39:18 -0400
2028,6362,613,founded,{},2026-07-13 14:39:18 -0400,2026-07-13 14:39:18 -0400
2029,6362,649,mentioned_in,{},2026-07-13 14:39:18 -0400,2026-07-13 14:39:18 -0400
2030,11415,1060,operated_at,{},2026-07-13 14:39:18 -0400,2026-07-13 14:39:18 -0400
2031,11415,1061,operated_at,{},2026-07-13 14:39:18 -0400,2026-07-13 14:39:18 -0400
2032,6363,615,operated_at,{},2026-07-13 14:39:18 -0400,2026-07-13 14:39:18 -0400
2033,6363,718,mentioned_in,{},2026-07-13 14:39:18 -0400,2026-07-13 14:39:18 -0400
2034,6367,713,sold,{},2026-07-13 14:39:18 -0400,2026-07-13 14:39:18 -0400
2035,6367,1061,purchased,{},2026-07-13 14:39:18 -0400,2026-07-13 14:39:18 -0400
2036,6367,422,owned,{},2026-07-13 14:39:18 -0400,2026-07-13 14:39:18 -0400
2037,6367,396,owned,{},2026-07-13 14:39:18 -0400,2026-07-13 14:39:18 -0400
2038,6367,615,operated_at,"{""source_relationship"":""previously_operated_at""}",2026-07-13 14:39:18 -0400,2026-07-22 18:37:19 -0400
2039,6365,381,operated_at,{},2026-07-13 14:39:24 -0400,2026-07-13 14:39:24 -0400
2040,6365,449,owned,{},2026-07-13 14:39:24 -0400,2026-07-13 14:39:24 -0400
2041,6365,376,brokered,"{""source_relationship"":""auctioned""}",2026-07-13 14:39:24 -0400,2026-07-22 18:34:56 -0400
2042,6365,1062,mentioned_in,{},2026-07-13 14:39:24 -0400,2026-07-13 14:39:24 -0400
2043,6365,1063,mentioned_in,{},2026-07-13 14:39:24 -0400,2026-07-13 14:39:24 -0400
2044,6365,739,purchased,"{""source_relationship"":""purchased_at""}",2026-07-13 14:39:24 -0400,2026-07-22 18:38:39 -0400
2045,6888,739,purchased,"{""source_relationship"":""purchased_at""}",2026-07-13 14:39:24 -0400,2026-07-22 18:38:39 -0400
2046,6366,613,founded,{},2026-07-13 14:39:28 -0400,2026-07-13 14:39:28 -0400
2047,6366,1064,operated_at,"{""source_relationship"":""operated""}",2026-07-13 14:39:28 -0400,2026-07-22 18:34:20 -0400
2049,6430,1065,lived_at,{},2026-07-13 14:39:34 -0400,2026-07-13 14:39:34 -0400
2059,6432,46,lived_at,{},2026-07-13 14:39:45 -0400,2026-07-13 14:39:45 -0400
2060,6432,257,lived_at,{},2026-07-13 14:39:45 -0400,2026-07-13 14:39:45 -0400
2071,6435,1082,lived_at,{},2026-07-13 14:39:54 -0400,2026-07-13 14:39:54 -0400
2073,6465,1084,owned,{},2026-07-13 14:39:57 -0400,2026-07-13 14:39:57 -0400
2074,6465,1085,purchased,{},2026-07-13 14:39:57 -0400,2026-07-13 14:39:57 -0400
2075,6465,1086,sold,"{""source_relationship"":""ownership_transferred_to""}",2026-07-13 14:39:57 -0400,2026-07-22 18:40:08 -0400
2077,6437,1088,worked_at,"{""source_relationship"":""employed_resident""}",2026-07-13 14:40:00 -0400,2026-07-22 18:37:20 -0400
2080,6439,1089,operated_at,{},2026-07-13 14:40:11 -0400,2026-07-13 14:40:11 -0400
2081,6439,1090,operated_at,{},2026-07-13 14:40:11 -0400,2026-07-13 14:40:11 -0400
2082,6440,366,operated_at,"{""source_relationship"":""operated_tailor_shop_at""}",2026-07-13 14:40:13 -0400,2026-07-22 18:34:40 -0400
2083,6441,1091,operated_at,"{""source_relationship"":""operated_grocery_at""}",2026-07-13 14:40:16 -0400,2026-07-22 18:34:58 -0400
2084,6441,1092,operated_at,"{""source_relationship"":""operated_grocery_at""}",2026-07-13 14:40:16 -0400,2026-07-22 18:34:58 -0400
2086,6442,153,lived_at,{},2026-07-13 14:40:21 -0400,2026-07-13 14:40:21 -0400
2087,6442,1094,lived_at,{},2026-07-13 14:40:21 -0400,2026-07-13 14:40:21 -0400
2088,6470,358,sold,"{""source_relationship"":""conveyed_from""}",2026-07-13 14:40:21 -0400,2026-07-22 18:34:37 -0400
2089,6470,1095,purchased,{},2026-07-13 14:40:21 -0400,2026-07-13 14:40:21 -0400
2090,6443,1096,lived_at,{},2026-07-13 14:40:24 -0400,2026-07-13 14:40:24 -0400
2091,6443,413,operated_at,"{""source_relationship"":""operated_dressmaking_business_at""}",2026-07-13 14:40:24 -0400,2026-07-22 18:34:00 -0400
2092,6444,1097,operated_at,"{""source_relationship"":""operated_garage_at""}",2026-07-13 14:40:29 -0400,2026-07-22 18:34:39 -0400
2093,6444,1098,worked_at,{},2026-07-13 14:40:29 -0400,2026-07-13 14:40:29 -0400
2094,6444,1099,operated_at,{},2026-07-13 14:40:29 -0400,2026-07-13 14:40:29 -0400
2095,6444,1100,founded,"{""source_relationship"":""co_founded""}",2026-07-13 14:40:29 -0400,2026-07-22 18:38:44 -0400
2096,6444,1101,founded,"{""source_relationship"":""co_founded""}",2026-07-13 14:40:29 -0400,2026-07-22 18:38:45 -0400
2097,6480,1099,operated_at,{},2026-07-13 14:40:29 -0400,2026-07-13 14:40:29 -0400
2098,6452,1099,mentioned_in,{},2026-07-13 14:40:29 -0400,2026-07-13 14:40:29 -0400
2099,6489,1102,lived_at,"{""source_relationship"":""headed_household_at""}",2026-07-13 14:40:33 -0400,2026-07-22 19:11:29 -0400
2100,6489,1103,lived_at,{},2026-07-13 14:40:33 -0400,2026-07-13 14:40:33 -0400
2101,6489,1104,lived_at,{},2026-07-13 14:40:33 -0400,2026-07-13 14:40:33 -0400
2102,6489,1105,lived_at,{},2026-07-13 14:40:33 -0400,2026-07-13 14:40:33 -0400
2103,6490,1106,lived_at,{},2026-07-13 14:40:35 -0400,2026-07-13 14:40:35 -0400
2104,6490,1107,lived_at,{},2026-07-13 14:40:35 -0400,2026-07-13 14:40:35 -0400
2106,6491,1109,lived_at,{},2026-07-13 14:40:38 -0400,2026-07-13 14:40:38 -0400
2107,6492,1110,operated_at,"{""source_relationship"":""operated_boarding_house_at""}",2026-07-13 14:40:40 -0400,2026-07-22 18:33:58 -0400
2109,6493,1112,operated_at,{},2026-07-13 14:40:44 -0400,2026-07-13 14:40:44 -0400
2110,6493,1113,owned,"{""source_relationship"":""owned_and_operated""}",2026-07-13 14:40:44 -0400,2026-07-22 18:38:12 -0400
2113,6526,1112,mentioned_in,{},2026-07-13 14:40:45 -0400,2026-07-13 14:40:45 -0400
2114,6494,1116,lived_at,{},2026-07-13 14:40:47 -0400,2026-07-13 14:40:47 -0400
2115,6494,1117,lived_at,{},2026-07-13 14:40:47 -0400,2026-07-13 14:40:47 -0400
2117,6496,1119,maintained_office_at,{},2026-07-13 14:40:52 -0400,2026-07-13 14:40:52 -0400
2120,6497,1122,operated_at,{},2026-07-13 14:40:56 -0400,2026-07-13 14:40:56 -0400
2121,6497,1123,operated_at,{},2026-07-13 14:40:56 -0400,2026-07-13 14:40:56 -0400
2122,6497,518,operated_at,{},2026-07-13 14:40:56 -0400,2026-07-13 14:40:56 -0400
2123,6498,1124,operated_at,{},2026-07-13 14:40:59 -0400,2026-07-13 14:40:59 -0400
2125,6528,1124,mentioned_in,{},2026-07-13 14:40:59 -0400,2026-07-13 14:40:59 -0400
2126,6598,1126,subject_of,"{""source_relationship"":""profiled_as_minor_league_ballplayer""}",2026-07-13 14:41:23 -0400,2026-07-22 18:40:12 -0400
2127,6598,1127,mentioned_in,{},2026-07-13 14:41:23 -0400,2026-07-13 14:41:23 -0400
2128,6598,1128,played_for,{},2026-07-13 14:41:24 -0400,2026-07-13 14:41:24 -0400
2129,6532,1129,subject_of,"{""source_relationship"":""profiled_as_ballplayer""}",2026-07-13 14:41:24 -0400,2026-07-22 18:40:03 -0400
2130,6532,1130,played_for,{},2026-07-13 14:41:24 -0400,2026-07-13 14:41:24 -0400
2131,6532,1131,played_for,"{""source_relationship"":""played_for_sunday_school_team""}",2026-07-13 14:41:24 -0400,2026-07-22 19:11:27 -0400
2132,6532,224,signed_with,{},2026-07-13 14:41:24 -0400,2026-07-13 14:41:24 -0400
2133,6532,1132,recruited_lefty_russell,{},2026-07-13 14:41:24 -0400,2026-07-13 14:41:24 -0400
2134,6532,1133,purchased,"{""source_relationship"":""purchased_player""}",2026-07-13 14:41:24 -0400,2026-07-22 19:11:37 -0400
2135,6589,1129,subject_of,"{""source_relationship"":""profiled_as_ballplayer""}",2026-07-13 14:41:24 -0400,2026-07-22 18:40:03 -0400
2136,6589,1132,played_for,"{""source_relationship"":""recruited_player""}",2026-07-13 14:41:24 -0400,2026-07-22 18:36:40 -0400
2137,6589,1134,played_for,"{""source_relationship"":""signed_as_player""}",2026-07-13 14:41:24 -0400,2026-07-22 18:36:49 -0400
2138,6589,1135,played_for,"{""source_relationship"":""re_signed_player""}",2026-07-13 14:41:24 -0400,2026-07-22 18:36:44 -0400
2139,6589,1136,played_for,"{""source_relationship"":""mentored_player""}",2026-07-13 14:41:24 -0400,2026-07-22 18:37:37 -0400
2140,6589,222,played_for,"{""source_relationship"":""accompanied_player_at_lumber_camp""}",2026-07-13 14:41:24 -0400,2026-07-22 18:34:04 -0400
2141,6589,219,played_for,"{""source_relationship"":""accompanied_player_at_lumber_camp""}",2026-07-13 14:41:24 -0400,2026-07-22 18:34:05 -0400
2142,6589,221,played_for,"{""source_relationship"":""accompanied_player_at_lumber_camp""}",2026-07-13 14:41:24 -0400,2026-07-22 18:34:05 -0400
2143,6589,1137,struck_out_by_lefty_russell,{},2026-07-13 14:41:24 -0400,2026-07-13 14:41:24 -0400
2144,6589,1138,mentioned_in,{},2026-07-13 14:41:24 -0400,2026-07-13 14:41:24 -0400
2145,6594,1130,mentioned_in,{},2026-07-13 14:41:24 -0400,2026-07-13 14:41:24 -0400
2146,6594,1139,mentioned_in,"{""source_relationship"":""mentioned_as_rival""}",2026-07-13 14:41:24 -0400,2026-07-22 18:36:36 -0400
2147,6594,1140,mentioned_in,"{""source_relationship"":""mentioned_as_rival""}",2026-07-13 14:41:24 -0400,2026-07-22 18:36:36 -0400
2148,6594,1126,subject_of,"{""source_relationship"":""profiled_as_ballplayer""}",2026-07-13 14:41:24 -0400,2026-07-22 18:40:03 -0400
2149,6594,1127,mentioned_in,{},2026-07-13 14:41:24 -0400,2026-07-13 14:41:24 -0400
2150,6594,1128,played_for,{},2026-07-13 14:41:24 -0400,2026-07-13 14:41:24 -0400
2151,6594,1141,mentioned_in,{},2026-07-13 14:41:24 -0400,2026-07-13 14:41:24 -0400
2152,6594,1142,distinguished_from_bonthron_family,{},2026-07-13 14:41:24 -0400,2026-07-13 14:41:24 -0400
2153,6595,762,mentioned_in,"{""source_relationship"":""mentioned_as_boyhood_haunt""}",2026-07-13 14:41:24 -0400,2026-07-22 18:37:08 -0400
2154,6595,1129,mentioned_in,{},2026-07-13 14:41:24 -0400,2026-07-13 14:41:24 -0400
2155,6591,1129,subject_of,"{""source_relationship"":""profiled_as_ballplayer""}",2026-07-13 14:41:24 -0400,2026-07-22 18:40:04 -0400
2156,6591,1143,played_for,"{""source_relationship"":""played_for_sunday_school_team""}",2026-07-13 14:41:24 -0400,2026-07-22 19:11:28 -0400
2157,6591,1144,played_for,"{""source_relationship"":""played_for_sunday_school_team""}",2026-07-13 14:41:24 -0400,2026-07-22 19:11:28 -0400
2158,6591,1131,related_to,"{""source_relationship"":""associated_with_sunday_school_team""}",2026-07-13 14:41:24 -0400,2026-07-22 19:11:31 -0400
2159,6591,1130,played_for,{},2026-07-13 14:41:24 -0400,2026-07-13 14:41:24 -0400
2160,6591,1139,mentioned_in,"{""source_relationship"":""mentioned_as_rival""}",2026-07-13 14:41:24 -0400,2026-07-22 18:36:36 -0400
2161,6591,1140,mentioned_in,"{""source_relationship"":""mentioned_as_rival""}",2026-07-13 14:41:24 -0400,2026-07-22 18:36:37 -0400
2162,6591,1127,mentioned_in,{},2026-07-13 14:41:25 -0400,2026-07-13 14:41:25 -0400
2163,6591,1141,mentioned_in,{},2026-07-13 14:41:25 -0400,2026-07-13 14:41:25 -0400
2164,6591,1145,operated_at,"{""source_relationship"":""managed_frisby_stars""}",2026-07-13 14:41:25 -0400,2026-07-22 18:37:55 -0400
2165,6587,1129,subject_of,"{""source_relationship"":""profiled_in""}",2026-07-13 14:41:25 -0400,2026-07-22 18:37:01 -0400
2166,6587,762,mentioned_in,"{""source_relationship"":""mentioned_as_boyhood_haunt""}",2026-07-13 14:41:25 -0400,2026-07-22 18:37:08 -0400
2167,6587,1137,struck_out_by_lefty_russell,{},2026-07-13 14:41:25 -0400,2026-07-13 14:41:25 -0400
2168,6587,1133,purchased,"{""source_relationship"":""purchased_player""}",2026-07-13 14:41:25 -0400,2026-07-22 19:11:37 -0400
2169,6499,1141,lived_at,{},2026-07-13 14:41:25 -0400,2026-07-13 14:41:25 -0400
2170,6499,1129,lived_at,{},2026-07-13 14:41:25 -0400,2026-07-13 14:41:25 -0400
2171,6499,1143,lived_at,{},2026-07-13 14:41:25 -0400,2026-07-13 14:41:25 -0400
2172,6499,1144,lived_at,{},2026-07-13 14:41:25 -0400,2026-07-13 14:41:25 -0400
2173,6499,1146,lived_at,{},2026-07-13 14:41:25 -0400,2026-07-13 14:41:25 -0400
2174,6552,1141,lived_at,{},2026-07-13 14:41:25 -0400,2026-07-13 14:41:25 -0400
2175,6552,1146,lived_at,{},2026-07-13 14:41:25 -0400,2026-07-13 14:41:25 -0400
2176,6552,1147,operated_at,{},2026-07-13 14:41:25 -0400,2026-07-13 14:41:25 -0400
2177,6500,1147,operated_at,{},2026-07-13 14:41:25 -0400,2026-07-13 14:41:25 -0400
2178,6500,1148,lived_at,"{""source_relationship"":""resided_at""}",2026-07-13 14:41:25 -0400,2026-07-22 18:36:58 -0400
2179,6642,1146,died_at,"{""source_relationship"":""died""}",2026-07-13 14:41:25 -0400,2026-07-22 18:37:40 -0400
2180,6642,1141,mentioned_in,{},2026-07-13 14:41:25 -0400,2026-07-13 14:41:25 -0400
2181,6642,1129,mentioned_in,{},2026-07-13 14:41:25 -0400,2026-07-13 14:41:25 -0400
2182,6642,1143,mentioned_in,{},2026-07-13 14:41:25 -0400,2026-07-13 14:41:25 -0400
2183,6642,1144,mentioned_in,{},2026-07-13 14:41:25 -0400,2026-07-13 14:41:25 -0400
2184,6642,221,mentioned_in,{},2026-07-13 14:41:25 -0400,2026-07-13 14:41:25 -0400
2185,6642,1149,hosted,"{""source_relationship"":""hosted_funeral""}",2026-07-13 14:41:25 -0400,2026-07-22 18:38:13 -0400
2186,6529,1141,lived_at,"{""source_relationship"":""formerly_lived_at""}",2026-07-13 14:41:25 -0400,2026-07-22 18:34:06 -0400
2187,6529,1147,operated_at,"{""source_relationship"":""formerly_operated_at""}",2026-07-13 14:41:25 -0400,2026-07-22 18:36:33 -0400
2188,6501,1150,operated_at,"{""source_relationship"":""operated_confectionery_at""}",2026-07-13 14:41:29 -0400,2026-07-22 18:38:49 -0400
2189,6501,1151,located_at,{},2026-07-13 14:41:29 -0400,2026-07-13 14:41:29 -0400
2190,6501,1152,located_at,{},2026-07-13 14:41:29 -0400,2026-07-13 14:41:29 -0400
2191,6530,1151,mentioned_in,{},2026-07-13 14:41:29 -0400,2026-07-13 14:41:29 -0400
2192,6530,1152,mentioned_in,{},2026-07-13 14:41:29 -0400,2026-07-13 14:41:29 -0400
2193,6645,1132,played_for,{},2026-07-13 14:41:42 -0400,2026-07-13 14:41:42 -0400
2194,6645,1153,played_for,{},2026-07-13 14:41:42 -0400,2026-07-13 14:41:42 -0400
2195,6645,1154,played_for,{},2026-07-13 14:41:42 -0400,2026-07-13 14:41:42 -0400
2196,6645,1155,mentioned_in,{},2026-07-13 14:41:42 -0400,2026-07-13 14:41:42 -0400
2197,6645,1156,mentioned_in,{},2026-07-13 14:41:42 -0400,2026-07-13 14:41:42 -0400
2198,6645,1157,played_for,{},2026-07-13 14:41:42 -0400,2026-07-13 14:41:42 -0400
2199,6645,1158,mentioned_in,{},2026-07-13 14:41:42 -0400,2026-07-13 14:41:42 -0400
2200,6645,68,mentioned_in,{},2026-07-13 14:41:42 -0400,2026-07-22 17:54:36 -0400
2201,6645,224,mentioned_in,{},2026-07-13 14:41:42 -0400,2026-07-13 14:41:42 -0400
2202,6645,1129,mentioned_in,{},2026-07-13 14:41:42 -0400,2026-07-13 14:41:42 -0400
2203,6646,1159,sold,{},2026-07-13 14:41:42 -0400,2026-07-13 14:41:42 -0400
2204,6646,1132,purchased,{},2026-07-13 14:41:42 -0400,2026-07-13 14:41:42 -0400
2205,6646,1000,mentioned_in,{},2026-07-13 14:41:42 -0400,2026-07-13 14:41:42 -0400
2206,6647,1160,mentioned_in,{},2026-07-13 14:41:42 -0400,2026-07-13 14:41:42 -0400
2207,6647,1132,mentioned_in,{},2026-07-13 14:41:42 -0400,2026-07-13 14:41:42 -0400
2208,6647,1161,mentioned_in,{},2026-07-13 14:41:42 -0400,2026-07-13 14:41:42 -0400
2209,6502,1132,lived_at,{},2026-07-13 14:41:42 -0400,2026-07-13 14:41:42 -0400
2210,6502,1162,lived_at,{},2026-07-13 14:41:42 -0400,2026-07-13 14:41:42 -0400
2211,6502,1163,lived_at,{},2026-07-13 14:41:43 -0400,2026-07-13 14:41:43 -0400
2212,6502,1164,lived_at,{},2026-07-13 14:41:43 -0400,2026-07-13 14:41:43 -0400
2213,6502,1165,lived_at,{},2026-07-13 14:41:43 -0400,2026-07-13 14:41:43 -0400
2214,6502,1129,mentioned_in,{},2026-07-13 14:41:43 -0400,2026-07-13 14:41:43 -0400
2215,6502,224,mentioned_in,{},2026-07-13 14:41:43 -0400,2026-07-13 14:41:43 -0400
2216,6592,1132,mentioned_in,{},2026-07-13 14:41:43 -0400,2026-07-13 14:41:43 -0400
2217,6592,1129,mentioned_in,{},2026-07-13 14:41:43 -0400,2026-07-13 14:41:43 -0400
2218,6592,1134,mentioned_in,{},2026-07-13 14:41:43 -0400,2026-07-13 14:41:43 -0400
2219,6592,224,mentioned_in,{},2026-07-13 14:41:43 -0400,2026-07-13 14:41:43 -0400
2220,6644,1166,lived_at,{},2026-07-13 14:41:43 -0400,2026-07-13 14:41:43 -0400
2221,6644,1162,lived_at,{},2026-07-13 14:41:43 -0400,2026-07-13 14:41:43 -0400
2222,6644,1132,lived_at,{},2026-07-13 14:41:43 -0400,2026-07-13 14:41:43 -0400
2223,6644,1167,mentioned_in,{},2026-07-13 14:41:43 -0400,2026-07-13 14:41:43 -0400
2224,6644,1023,mentioned_in,{},2026-07-13 14:41:43 -0400,2026-07-13 14:41:43 -0400
2225,6644,1168,mentioned_in,{},2026-07-13 14:41:43 -0400,2026-07-13 14:41:43 -0400
2226,6503,1169,lived_at,"{""source_relationship"":""lived_and_worked_at""}",2026-07-13 14:41:47 -0400,2026-07-22 18:38:57 -0400
2228,6503,1171,lived_at,{},2026-07-13 14:41:47 -0400,2026-07-13 14:41:47 -0400
2229,6549,1132,mentioned_in,{},2026-07-13 14:41:47 -0400,2026-07-13 14:41:47 -0400
2230,6504,1172,lived_at,"{""source_relationship"":""lived_and_worked_at""}",2026-07-13 14:41:51 -0400,2026-07-22 18:38:58 -0400
2231,6505,1173,operated_at,"{""source_relationship"":""operated_barber_shop_at""}",2026-07-13 14:41:53 -0400,2026-07-22 18:33:44 -0400
2232,6507,1174,operated_at,{},2026-07-13 14:41:58 -0400,2026-07-13 14:41:58 -0400
2233,6507,1175,ran_as_druggist,{},2026-07-13 14:41:58 -0400,2026-07-13 14:41:58 -0400
2234,6507,1176,lived_at,{},2026-07-13 14:41:58 -0400,2026-07-13 14:41:58 -0400
2235,6507,1177,mentioned_in,{},2026-07-13 14:41:58 -0400,2026-07-13 14:41:58 -0400
2236,6531,1174,operated_at,"{""source_relationship"":""formerly_operated_at""}",2026-07-13 14:41:58 -0400,2026-07-22 18:36:33 -0400
2237,6508,1178,lived_at,{},2026-07-13 14:42:00 -0400,2026-07-13 14:42:00 -0400
2238,6508,1179,lived_at,{},2026-07-13 14:42:01 -0400,2026-07-13 14:42:01 -0400
2239,6509,68,cleared_for_development,{},2026-07-13 14:42:03 -0400,2026-07-22 17:54:36 -0400
2241,6510,1181,lived_at,{},2026-07-13 14:42:06 -0400,2026-07-13 14:42:06 -0400
2242,6511,688,operated_at,{},2026-07-13 14:42:08 -0400,2026-07-13 14:42:08 -0400
2243,6511,278,lived_at,{},2026-07-13 14:42:08 -0400,2026-07-13 14:42:08 -0400
2244,6512,1182,operated_at,"{""source_relationship"":""operated""}",2026-07-13 14:42:11 -0400,2026-07-22 18:34:20 -0400
2245,6512,1183,operated_at,{},2026-07-13 14:42:11 -0400,2026-07-13 14:42:11 -0400
2247,6514,1185,lived_at,{},2026-07-13 14:42:15 -0400,2026-07-13 14:42:15 -0400
2249,6576,1187,operated_at,{},2026-07-13 14:42:27 -0400,2026-07-13 14:42:27 -0400
2250,6576,1188,operated_at,"{""source_relationship"":""managed""}",2026-07-13 14:42:27 -0400,2026-07-22 18:34:44 -0400
2251,6629,1189,owned,"{""source_relationship"":""former_owner_estate_of""}",2026-07-13 14:42:27 -0400,2026-07-22 18:36:17 -0400
2252,6629,1190,personal_representative_in_sale,{},2026-07-13 14:42:27 -0400,2026-07-13 14:42:27 -0400
2253,6629,1191,personal_representative_in_sale,{},2026-07-13 14:42:27 -0400,2026-07-13 14:42:27 -0400
2254,6629,1192,purchased,{},2026-07-13 14:42:27 -0400,2026-07-13 14:42:27 -0400
2255,6629,1193,purchased,{},2026-07-13 14:42:27 -0400,2026-07-13 14:42:27 -0400
2256,6629,1194,purchased,{},2026-07-13 14:42:27 -0400,2026-07-13 14:42:27 -0400
2257,6629,1195,purchased,{},2026-07-13 14:42:27 -0400,2026-07-13 14:42:27 -0400
2258,6629,1196,purchased,{},2026-07-13 14:42:27 -0400,2026-07-13 14:42:27 -0400
2260,11466,1197,occupied,{},2026-07-13 14:42:32 -0400,2026-07-13 14:42:32 -0400
2262,6577,1182,lived_at,{},2026-07-13 14:42:32 -0400,2026-07-13 14:42:32 -0400
2265,6578,1201,operated_at,"{""source_relationship"":""operated_shoemaker_shop_at""}",2026-07-13 14:42:35 -0400,2026-07-22 18:36:34 -0400
2266,6579,1202,lived_at,"{""source_relationship"":""lived_and_worked_at""}",2026-07-13 14:42:39 -0400,2026-07-22 18:38:58 -0400
2267,6579,1203,operated_at,{},2026-07-13 14:42:39 -0400,2026-07-13 14:42:39 -0400
2268,6579,1204,ran_business_at,{},2026-07-13 14:42:39 -0400,2026-07-13 14:42:39 -0400
2269,6625,1203,mentioned_in,{},2026-07-13 14:42:39 -0400,2026-07-13 14:42:39 -0400
2270,6580,1205,operated_at,"{""source_relationship"":""operated_jewelry_store_at""}",2026-07-13 14:42:42 -0400,2026-07-22 18:34:06 -0400
2271,6581,878,listed_in,"{""source_relationship"":""listed_at""}",2026-07-13 14:42:48 -0400,2026-07-22 18:33:57 -0400
2272,6581,1206,operated_at,{},2026-07-13 14:42:48 -0400,2026-07-13 14:42:48 -0400
2273,6627,1206,mentioned_in,{},2026-07-13 14:42:48 -0400,2026-07-13 14:42:48 -0400
2274,6582,1207,operated_at,{},2026-07-13 14:42:51 -0400,2026-07-13 14:42:51 -0400
2275,6582,1208,operated_at,{},2026-07-13 14:42:51 -0400,2026-07-13 14:42:51 -0400
2276,6582,1209,worked_at,{},2026-07-13 14:42:51 -0400,2026-07-13 14:42:51 -0400
2278,6584,406,lived_at,{},2026-07-13 14:42:57 -0400,2026-07-13 14:42:57 -0400
2279,6584,1211,lived_at,{},2026-07-13 14:42:57 -0400,2026-07-13 14:42:57 -0400
2281,6586,1213,operated_at,{},2026-07-13 14:43:04 -0400,2026-07-13 14:43:04 -0400
2283,6634,1213,mentioned_in,{},2026-07-13 14:43:04 -0400,2026-07-13 14:43:04 -0400
2284,10358,1215,sold,"{""source_relationship"":""conveyed_property_to_clinic""}",2026-07-13 14:43:10 -0400,2026-07-22 18:34:46 -0400
2285,10358,1216,sold,"{""source_relationship"":""conveyed_property_to_clinic""}",2026-07-13 14:43:10 -0400,2026-07-22 18:34:47 -0400
2286,10358,1217,purchased,"{""source_relationship"":""received_founding_deeds_for""}",2026-07-13 14:43:10 -0400,2026-07-22 18:34:45 -0400
2287,10332,1217,purchased,"{""source_relationship"":""received_conveyance_of""}",2026-07-13 14:43:10 -0400,2026-07-22 18:40:02 -0400
2288,10333,1218,occupied,"{""source_relationship"":""occupied_as_part_of_footprint""}",2026-07-13 14:43:10 -0400,2026-07-22 18:37:31 -0400
2289,10334,496,lived_at,{},2026-07-13 14:43:15 -0400,2026-07-13 14:43:15 -0400
2290,10336,496,mentioned_in,{},2026-07-13 14:43:15 -0400,2026-07-13 14:43:15 -0400
2291,10359,13,purchased,"{""source_relationship"":""received_deed_for""}",2026-07-13 14:43:15 -0400,2026-07-22 18:35:00 -0400
2292,10337,4,mentioned_in,{},2026-07-13 14:43:15 -0400,2026-07-13 14:43:15 -0400
2293,11487,1219,lived_at,{},2026-07-13 14:43:23 -0400,2026-07-13 14:43:23 -0400
2294,11487,1220,lived_at,{},2026-07-13 14:43:23 -0400,2026-07-13 14:43:23 -0400
2295,11487,1221,lived_at,{},2026-07-13 14:43:23 -0400,2026-07-13 14:43:23 -0400
2296,11487,1222,lived_at,{},2026-07-13 14:43:23 -0400,2026-07-13 14:43:23 -0400
2297,11487,1223,occupied,{},2026-07-13 14:43:23 -0400,2026-07-13 14:43:23 -0400
2298,11488,1224,operated_at,{},2026-07-13 14:43:23 -0400,2026-07-13 14:43:23 -0400
2300,11488,1221,worked_at,{},2026-07-13 14:43:23 -0400,2026-07-13 14:43:23 -0400
2301,11488,1223,occupied,"{""source_relationship"":""later_occupied""}",2026-07-13 14:43:23 -0400,2026-07-22 18:37:08 -0400
2302,11505,1223,operated_at,{},2026-07-13 14:43:23 -0400,2026-07-13 14:43:23 -0400
2303,11506,1223,occupied,{},2026-07-13 14:43:23 -0400,2026-07-13 14:43:23 -0400
2304,11547,1226,owned,"{""source_relationship"":""held_mortgage_on""}",2026-07-13 14:43:23 -0400,2026-07-22 18:36:46 -0400
2305,11547,1227,trustee_of,"{""source_relationship"":""trustee_for""}",2026-07-13 14:43:23 -0400,2026-07-22 18:36:18 -0400
2306,11547,1228,trustee_of,"{""source_relationship"":""trustee_for""}",2026-07-13 14:43:24 -0400,2026-07-22 18:36:18 -0400
2307,11547,1229,sold,"{""source_relationship"":""deeded_property""}",2026-07-13 14:43:24 -0400,2026-07-22 18:35:08 -0400
2308,11547,628,purchased,"{""source_relationship"":""received_deed""}",2026-07-13 14:43:24 -0400,2026-07-22 18:38:16 -0400
2309,11547,1230,granted_right_of_way,{},2026-07-13 14:43:24 -0400,2026-07-13 14:43:24 -0400
2310,11507,1162,perpetrator_of,"{""source_relationship"":""arrested_in""}",2026-07-13 14:43:30 -0400,2026-07-22 18:33:55 -0400
2311,11507,1129,mentioned_in,{},2026-07-13 14:43:30 -0400,2026-07-13 14:43:30 -0400
2312,11507,1231,perpetrator_of,"{""source_relationship"":""arrested_in""}",2026-07-13 14:43:30 -0400,2026-07-22 18:33:55 -0400
2313,11507,1232,perpetrator_of,"{""source_relationship"":""arrested_in""}",2026-07-13 14:43:30 -0400,2026-07-22 18:33:55 -0400
2314,11507,1233,condemned_arrests_in,{},2026-07-13 14:43:30 -0400,2026-07-13 14:43:30 -0400
2315,11507,1234,represented,"{""source_relationship"":""represented_defendants_in""}",2026-07-13 14:43:30 -0400,2026-07-22 18:34:29 -0400
2316,11507,1235,charged_in,{},2026-07-13 14:43:30 -0400,2026-07-13 14:43:30 -0400
2317,11548,1236,owned,{},2026-07-13 14:43:30 -0400,2026-07-13 14:43:30 -0400
2318,11548,1237,owned,{},2026-07-13 14:43:30 -0400,2026-07-13 14:43:30 -0400
2319,11548,1238,owned,{},2026-07-13 14:43:30 -0400,2026-07-13 14:43:30 -0400
2320,11548,1239,owned,{},2026-07-13 14:43:30 -0400,2026-07-13 14:43:30 -0400
2321,11489,1240,lived_at,{},2026-07-13 14:43:37 -0400,2026-07-13 14:43:37 -0400
2323,11489,1242,lived_at,{},2026-07-13 14:43:37 -0400,2026-07-13 14:43:37 -0400
2326,11489,1245,operated_at,"{""source_relationship"":""operated""}",2026-07-13 14:43:37 -0400,2026-07-22 18:34:20 -0400
2327,11489,1246,mentioned_in,{},2026-07-13 14:43:37 -0400,2026-07-13 14:43:37 -0400
2328,11549,1247,owned,{},2026-07-13 14:43:37 -0400,2026-07-13 14:43:37 -0400
2329,11549,1248,owned,{},2026-07-13 14:43:37 -0400,2026-07-13 14:43:37 -0400
2330,11549,1249,owned,{},2026-07-13 14:43:37 -0400,2026-07-13 14:43:37 -0400
2331,11549,1250,owned,{},2026-07-13 14:43:37 -0400,2026-07-13 14:43:37 -0400
2332,11549,1251,owned,{},2026-07-13 14:43:37 -0400,2026-07-13 14:43:37 -0400
2333,11549,1252,owned,{},2026-07-13 14:43:37 -0400,2026-07-13 14:43:37 -0400
2334,11490,1253,operated_at,"{""source_relationship"":""operated_blacksmith_shop_at""}",2026-07-13 14:43:44 -0400,2026-07-22 18:38:41 -0400
2335,11490,1254,briefly_tied_to,{},2026-07-13 14:43:44 -0400,2026-07-13 14:43:44 -0400
2336,11490,1255,operated_at,"{""source_relationship"":""operated_tailor_shop_at""}",2026-07-13 14:43:44 -0400,2026-07-22 18:34:40 -0400
2339,11550,1258,sold,"{""source_relationship"":""deeded_property""}",2026-07-13 14:43:44 -0400,2026-07-22 18:35:08 -0400
2340,11550,1259,purchased,"{""source_relationship"":""received_deed""}",2026-07-13 14:43:44 -0400,2026-07-22 18:38:16 -0400
2341,11550,1260,purchased,"{""source_relationship"":""received_deed""}",2026-07-13 14:43:44 -0400,2026-07-22 18:38:17 -0400
2342,11550,1261,purchased,"{""source_relationship"":""purchased_property""}",2026-07-13 14:43:44 -0400,2026-07-22 18:36:12 -0400
2343,11550,1262,purchased,"{""source_relationship"":""purchased_property""}",2026-07-13 14:43:44 -0400,2026-07-22 18:36:13 -0400
2344,11491,878,lived_at,{},2026-07-13 14:43:50 -0400,2026-07-13 14:43:50 -0400
2345,11491,1245,lived_at,{},2026-07-13 14:43:50 -0400,2026-07-13 14:43:50 -0400
2346,11551,1263,owned,{},2026-07-13 14:43:50 -0400,2026-07-13 14:43:50 -0400
2347,11551,1264,purchased,{},2026-07-13 14:43:50 -0400,2026-07-13 14:43:50 -0400
2348,11551,1265,purchased,{},2026-07-13 14:43:50 -0400,2026-07-13 14:43:50 -0400
2349,11551,1266,lent_to,"{""source_relationship"":""mortgagee""}",2026-07-13 14:43:50 -0400,2026-07-22 18:34:00 -0400
2353,11492,1221,lived_at,{},2026-07-13 14:43:56 -0400,2026-07-13 14:43:56 -0400
2355,11552,1271,owned,{},2026-07-13 14:43:56 -0400,2026-07-13 14:43:56 -0400
2356,11552,1272,owned,{},2026-07-13 14:43:56 -0400,2026-07-13 14:43:56 -0400
2357,11552,1273,sold,"{""source_relationship"":""deeded""}",2026-07-13 14:43:56 -0400,2026-07-22 18:37:53 -0400
2358,11552,1274,owned,{},2026-07-13 14:43:56 -0400,2026-07-13 14:43:56 -0400
2359,11493,515,lived_at,{},2026-07-13 14:44:02 -0400,2026-07-13 14:44:02 -0400
2360,11493,1275,lived_at,{},2026-07-13 14:44:02 -0400,2026-07-13 14:44:02 -0400
2361,11553,1276,owned,{},2026-07-13 14:44:02 -0400,2026-07-13 14:44:02 -0400
2362,11553,1277,owned,{},2026-07-13 14:44:02 -0400,2026-07-13 14:44:02 -0400
2363,11553,1278,owned,{},2026-07-13 14:44:02 -0400,2026-07-13 14:44:02 -0400
2364,11553,1279,owned,{},2026-07-13 14:44:02 -0400,2026-07-13 14:44:02 -0400
2365,11553,1280,owned,{},2026-07-13 14:44:02 -0400,2026-07-13 14:44:02 -0400
2366,11553,1281,owned,{},2026-07-13 14:44:02 -0400,2026-07-13 14:44:02 -0400
2367,11508,1282,lived_at,{},2026-07-13 14:44:08 -0400,2026-07-13 14:44:08 -0400
2368,11508,1283,lived_at,{},2026-07-13 14:44:08 -0400,2026-07-13 14:44:08 -0400
2369,11508,1283,operated_at,"{""source_relationship"":""operated""}",2026-07-13 14:44:08 -0400,2026-07-22 18:34:20 -0400
2370,11509,1283,mentioned_in,{},2026-07-13 14:44:08 -0400,2026-07-13 14:44:08 -0400
2371,11509,1284,mentioned_in,{},2026-07-13 14:44:08 -0400,2026-07-13 14:44:08 -0400
2372,11510,1285,operated_at,{},2026-07-13 14:44:08 -0400,2026-07-13 14:44:08 -0400
2373,11511,1286,sold,{},2026-07-13 14:44:08 -0400,2026-07-13 14:44:08 -0400
2374,11511,1287,purchased,{},2026-07-13 14:44:08 -0400,2026-07-13 14:44:08 -0400
2375,11511,1288,led,"{""source_relationship"":""principal_of""}",2026-07-13 14:44:08 -0400,2026-07-22 18:37:27 -0400
2376,11511,832,owned,"{""source_relationship"":""held_deed_of_trust""}",2026-07-13 14:44:08 -0400,2026-07-22 18:37:34 -0400
2377,11512,893,operated_at,"{""source_relationship"":""historically_operated_at""}",2026-07-13 14:44:12 -0400,2026-07-22 18:36:23 -0400
2378,11512,1289,operated_at,{},2026-07-13 14:44:12 -0400,2026-07-13 14:44:12 -0400
2380,11513,893,operated_at,"{""source_relationship"":""historically_operated_at""}",2026-07-13 14:44:14 -0400,2026-07-22 18:36:24 -0400
2381,11514,893,operated_at,"{""source_relationship"":""historically_operated_at""}",2026-07-13 14:44:17 -0400,2026-07-22 18:36:24 -0400
2382,11514,1290,operated_at,{},2026-07-13 14:44:17 -0400,2026-07-13 14:44:17 -0400
2384,11515,893,operated_at,"{""source_relationship"":""historically_operated_at""}",2026-07-13 14:44:19 -0400,2026-07-22 18:36:24 -0400
2385,11516,19,operated_at,{},2026-07-13 14:44:22 -0400,2026-07-13 14:44:22 -0400
2386,11516,65,occupied,"{""source_relationship"":""occupied_at""}",2026-07-13 14:44:22 -0400,2026-07-22 18:35:12 -0400
2387,11517,710,operated_at,"{""source_relationship"":""operated_clothing_store_at""}",2026-07-13 14:44:27 -0400,2026-07-22 18:33:47 -0400
2389,11517,1291,formerly_located_at,{},2026-07-13 14:44:27 -0400,2026-07-13 14:44:27 -0400
2390,11517,1292,formerly_located_at,{},2026-07-13 14:44:27 -0400,2026-07-13 14:44:27 -0400
2391,11517,1293,occupied,"{""source_relationship"":""occupied_as_of_2013""}",2026-07-13 14:44:27 -0400,2026-07-22 18:36:19 -0400
2392,11517,1294,occupied,"{""source_relationship"":""occupied_as_of_2013""}",2026-07-13 14:44:27 -0400,2026-07-22 18:36:20 -0400
2394,11518,1295,operated_at,{},2026-07-13 14:44:30 -0400,2026-07-13 14:44:30 -0400
2395,11518,1296,operated_at,{},2026-07-13 14:44:30 -0400,2026-07-13 14:44:30 -0400
2396,11519,14,lived_at,{},2026-07-13 14:44:33 -0400,2026-07-13 14:44:33 -0400
2400,11522,1297,operated_at,{},2026-07-13 14:44:41 -0400,2026-07-13 14:44:41 -0400
2401,11522,1298,operated_at,{},2026-07-13 14:44:41 -0400,2026-07-13 14:44:41 -0400
2402,11522,1299,operated_at,{},2026-07-13 14:44:41 -0400,2026-07-13 14:44:41 -0400
2403,11523,1300,operated_at,"{""source_relationship"":""historically_operated_at""}",2026-07-13 14:44:44 -0400,2026-07-22 18:36:24 -0400
2404,11523,1301,occupied,{},2026-07-13 14:44:44 -0400,2026-07-13 14:44:44 -0400
2406,11524,1302,occupied,{},2026-07-13 14:44:47 -0400,2026-07-13 14:44:47 -0400
2409,11525,712,operated_at,{},2026-07-13 14:44:50 -0400,2026-07-13 14:44:50 -0400
2410,11525,1303,operated_at,{},2026-07-13 14:44:50 -0400,2026-07-13 14:44:50 -0400
2412,11526,1304,historically_used,{},2026-07-13 14:44:54 -0400,2026-07-13 14:44:54 -0400
2413,11526,1305,operated_at,{},2026-07-13 14:44:54 -0400,2026-07-13 14:44:54 -0400
2414,11526,1306,operated_at,{},2026-07-13 14:44:54 -0400,2026-07-13 14:44:54 -0400
2415,11527,1307,lived_at,{},2026-07-13 14:44:59 -0400,2026-07-13 14:44:59 -0400
2416,11527,1308,lived_at,{},2026-07-13 14:44:59 -0400,2026-07-13 14:44:59 -0400
2417,11527,1309,operated_at,{},2026-07-13 14:44:59 -0400,2026-07-13 14:44:59 -0400
2420,11528,1310,operated_at,{},2026-07-13 14:45:02 -0400,2026-07-13 14:45:02 -0400
2421,11529,1311,operated_at,"{""source_relationship"":""historically_operated_at""}",2026-07-13 14:45:05 -0400,2026-07-22 18:36:24 -0400
2423,11529,1312,operated_at,{},2026-07-13 14:45:05 -0400,2026-07-13 14:45:05 -0400
2425,11530,1313,related_to,"{""source_relationship"":""uses_adjacent_parking_lot""}",2026-07-13 14:45:07 -0400,2026-07-22 18:38:48 -0400
2427,11531,1314,operated_at,"{""source_relationship"":""historically_operated_at""}",2026-07-13 14:45:11 -0400,2026-07-22 18:36:24 -0400
2428,11531,1315,operated_at,{},2026-07-13 14:45:11 -0400,2026-07-13 14:45:11 -0400
2429,11532,1316,operated_at,"{""source_relationship"":""historically_operated_at""}",2026-07-13 14:45:14 -0400,2026-07-22 18:36:25 -0400
2430,11532,1317,operated_at,{},2026-07-13 14:45:14 -0400,2026-07-13 14:45:14 -0400
2433,11533,1318,occupied,{},2026-07-13 14:45:17 -0400,2026-07-13 14:45:17 -0400
2435,11534,1319,historically_used,{},2026-07-13 14:45:20 -0400,2026-07-13 14:45:20 -0400
2436,11534,1320,occupied,"{""source_relationship"":""occupied_as_of_2013""}",2026-07-13 14:45:20 -0400,2026-07-22 18:36:20 -0400
2437,11535,1321,operated_at,{},2026-07-13 14:45:22 -0400,2026-07-13 14:45:22 -0400
2440,11536,1322,operated_at,"{""source_relationship"":""historically_operated_at""}",2026-07-13 14:45:26 -0400,2026-07-22 18:36:25 -0400
2441,11536,1323,operated_at,{},2026-07-13 14:45:26 -0400,2026-07-13 14:45:26 -0400
2442,11536,1324,operated_at,{},2026-07-13 14:45:26 -0400,2026-07-13 14:45:26 -0400
2443,11537,1325,operated_at,{},2026-07-13 14:45:29 -0400,2026-07-13 14:45:29 -0400
2444,11538,614,operated_at,{},2026-07-13 14:45:31 -0400,2026-07-13 14:45:31 -0400
2445,11791,578,trustee_of,"{""source_relationship"":""acted_as_trustee""}",2026-07-13 16:43:24 -0400,2026-07-22 18:36:30 -0400
2446,11791,37,purchased,"{""source_relationship"":""received_deed""}",2026-07-13 16:43:24 -0400,2026-07-22 18:38:17 -0400
2447,11792,37,mentioned_in,{},2026-07-13 16:43:25 -0400,2026-07-13 16:43:25 -0400
2448,11793,579,party_to_suit,"{""source_relationship"":""filed_lien_against""}",2026-07-13 16:43:25 -0400,2026-07-22 18:38:51 -0400
2449,11793,37,party_to_suit,"{""source_relationship"":""named_as_defendant""}",2026-07-13 16:43:25 -0400,2026-07-22 18:40:12 -0400
2450,11793,580,party_to_suit,"{""source_relationship"":""named_as_defendant""}",2026-07-13 16:43:25 -0400,2026-07-22 18:40:12 -0400
2451,11795,1326,operated_at,"{""source_relationship"":""operated""}",2026-07-13 16:43:25 -0400,2026-07-22 18:34:21 -0400
2452,11795,91,mentioned_in,{},2026-07-13 16:43:25 -0400,2026-07-13 16:43:25 -0400
2453,11794,44,mentioned_in,{},2026-07-13 16:43:25 -0400,2026-07-13 16:43:25 -0400
2454,11794,1327,mentioned_in,{},2026-07-13 16:43:25 -0400,2026-07-13 16:43:25 -0400
2455,11796,1326,depicted_in,"{""source_relationship"":""mapped_at""}",2026-07-13 16:43:25 -0400,2026-07-22 18:33:56 -0400
2456,11797,44,worked_at,{},2026-07-13 16:43:25 -0400,2026-07-13 16:43:25 -0400
2457,11797,1328,worked_at,"{""source_relationship"":""employed""}",2026-07-13 16:43:25 -0400,2026-07-22 18:34:54 -0400
2458,11798,44,mentioned_in,{},2026-07-13 16:43:25 -0400,2026-07-13 16:43:25 -0400
2459,11799,44,founded,{},2026-07-13 16:43:25 -0400,2026-07-13 16:43:25 -0400
2460,11799,24,operated_at,"{""source_relationship"":""operated""}",2026-07-13 16:43:25 -0400,2026-07-22 18:34:21 -0400
2461,11799,91,mentioned_in,{},2026-07-13 16:43:25 -0400,2026-07-13 16:43:25 -0400
2462,11816,30,founded,{},2026-07-13 16:43:25 -0400,2026-07-13 16:43:25 -0400
2463,11816,1329,founded,{},2026-07-13 16:43:25 -0400,2026-07-13 16:43:25 -0400
2464,11800,44,mentioned_in,{},2026-07-13 16:43:25 -0400,2026-07-13 16:43:25 -0400
2465,11801,1326,listed_in,"{""source_relationship"":""listed_at""}",2026-07-13 16:43:25 -0400,2026-07-22 18:33:57 -0400
2466,11802,52,advertised_in,"{""source_relationship"":""advertised_business_at""}",2026-07-13 16:43:25 -0400,2026-07-22 18:34:13 -0400
2467,11886,1330,built,"{""source_relationship"":""built_near""}",2026-07-13 16:43:25 -0400,2026-07-22 18:35:06 -0400
2468,11803,44,operated_at,"{""source_relationship"":""operated""}",2026-07-13 16:43:25 -0400,2026-07-22 18:34:21 -0400
2469,11804,44,operated_at,"{""source_relationship"":""operated""}",2026-07-13 16:43:25 -0400,2026-07-22 18:34:21 -0400
2470,11805,1331,trustee_of,"{""source_relationship"":""acted_as_trustee""}",2026-07-13 16:43:25 -0400,2026-07-22 18:36:30 -0400
2471,11805,37,mentioned_in,{},2026-07-13 16:43:25 -0400,2026-07-13 16:43:25 -0400
2472,11806,44,operated_at,"{""source_relationship"":""operated""}",2026-07-13 16:43:25 -0400,2026-07-22 18:34:21 -0400
2473,11808,1332,listed_in,"{""source_relationship"":""listed_at""}",2026-07-13 16:43:25 -0400,2026-07-22 18:33:58 -0400
2474,11809,730,operated_at,"{""source_relationship"":""operated""}",2026-07-13 16:43:25 -0400,2026-07-22 18:34:21 -0400
2475,11809,1333,operated_at,"{""source_relationship"":""operated""}",2026-07-13 16:43:26 -0400,2026-07-22 18:34:22 -0400
2476,11809,1334,operated_at,"{""source_relationship"":""operated""}",2026-07-13 16:43:26 -0400,2026-07-22 18:34:22 -0400
2477,11884,1335,mentioned_in,{},2026-07-13 16:43:26 -0400,2026-07-13 16:43:26 -0400
2478,11884,1336,mentioned_in,{},2026-07-13 16:43:26 -0400,2026-07-13 16:43:26 -0400
2479,11810,1337,operated_at,{},2026-07-13 16:43:26 -0400,2026-07-13 16:43:26 -0400
2480,11885,1336,authored,"{""source_relationship"":""published_notice""}",2026-07-13 16:43:26 -0400,2026-07-22 18:38:02 -0400
2481,11885,1335,subject_of,"{""source_relationship"":""memorialized""}",2026-07-13 16:43:26 -0400,2026-07-22 18:37:01 -0400
2482,11887,1338,built,"{""source_relationship"":""built_adjacent""}",2026-07-13 16:43:26 -0400,2026-07-22 19:11:36 -0400
2483,11811,1337,operated_at,{},2026-07-13 16:43:26 -0400,2026-07-13 16:43:26 -0400
2484,11812,25,applied_for,"{""source_relationship"":""applied_for_permit""}",2026-07-13 16:43:26 -0400,2026-07-22 18:34:52 -0400
2485,11815,1339,mentioned_in,"{""source_relationship"":""mentioned_as_possible_designer""}",2026-07-13 16:43:26 -0400,2026-07-22 18:35:06 -0400
2486,11815,30,built,"{""source_relationship"":""constructed""}",2026-07-13 16:43:26 -0400,2026-07-22 18:37:33 -0400
2487,11813,1340,leased,{},2026-07-13 16:43:26 -0400,2026-07-13 16:43:26 -0400
2488,11813,25,owned,{},2026-07-13 16:43:26 -0400,2026-07-13 16:43:26 -0400
2489,11813,1001,brokered,{},2026-07-13 16:43:26 -0400,2026-07-13 16:43:26 -0400
2490,11813,30,contracted_to_construct,{},2026-07-13 16:43:26 -0400,2026-07-13 16:43:26 -0400
2491,11814,1340,leased,{},2026-07-13 16:43:26 -0400,2026-07-13 16:43:26 -0400
2492,11814,1001,brokered,{},2026-07-13 16:43:26 -0400,2026-07-13 16:43:26 -0400
2493,11818,1340,operated_at,{},2026-07-13 16:43:26 -0400,2026-07-13 16:43:26 -0400
2494,11819,1340,operated_at,{},2026-07-13 16:43:26 -0400,2026-07-13 16:43:26 -0400
2495,11820,1340,operated_at,{},2026-07-13 16:43:26 -0400,2026-07-13 16:43:26 -0400
2496,11821,1340,operated_at,{},2026-07-13 16:43:26 -0400,2026-07-13 16:43:26 -0400
2497,11822,1340,operated_at,{},2026-07-13 16:43:26 -0400,2026-07-13 16:43:26 -0400
2498,11866,1341,led,"{""source_relationship"":""headed""}",2026-07-13 16:43:26 -0400,2026-07-22 18:33:43 -0400
2499,11866,30,owned,{},2026-07-13 16:43:26 -0400,2026-07-13 16:43:26 -0400
2500,11823,1340,brokered,"{""source_relationship"":""went_bankrupt_at""}",2026-07-13 16:43:26 -0400,2026-07-22 18:36:29 -0400
2501,11824,1342,purchased,"{""source_relationship"":""purchased_stock_from""}",2026-07-13 16:43:26 -0400,2026-07-22 18:34:45 -0400
2502,11824,1340,sold,"{""source_relationship"":""sold_bankrupt_stock""}",2026-07-13 16:43:26 -0400,2026-07-22 19:11:25 -0400
2503,11825,1343,advertised_in,"{""source_relationship"":""advertised_trustees_sale""}",2026-07-13 16:43:26 -0400,2026-07-22 19:11:30 -0400
2504,11826,581,purchased,"{""source_relationship"":""purchased_at_auction""}",2026-07-13 16:43:58 -0400,2026-07-22 19:11:26 -0400
2505,11826,1343,brokered,"{""source_relationship"":""conducted_auction""}",2026-07-13 16:43:58 -0400,2026-07-22 18:34:46 -0400
2506,11827,582,advertised_in,"{""source_relationship"":""brokered_advertisement""}",2026-07-13 16:43:58 -0400,2026-07-22 19:11:28 -0400
2507,11828,30,purchased,{},2026-07-13 16:43:58 -0400,2026-07-13 16:43:58 -0400
2508,11829,30,leased,"{""source_relationship"":""leased_property""}",2026-07-13 16:43:58 -0400,2026-07-22 18:36:17 -0400
2509,11829,17,leased,"{""source_relationship"":""leased_at""}",2026-07-13 16:43:58 -0400,2026-07-22 18:35:05 -0400
2510,11829,582,brokered,"{""source_relationship"":""brokered_lease""}",2026-07-13 16:43:58 -0400,2026-07-22 18:40:08 -0400
2511,11830,17,operated_at,{},2026-07-13 16:43:58 -0400,2026-07-13 16:43:58 -0400
2512,11830,1344,related_to,"{""source_relationship"":""associated_with""}",2026-07-13 16:43:58 -0400,2026-07-22 18:38:44 -0400
2513,11831,17,advertised_in,"{""source_relationship"":""advertised_at""}",2026-07-13 16:43:58 -0400,2026-07-22 18:36:38 -0400
2514,11832,17,operated_at,{},2026-07-13 16:43:58 -0400,2026-07-13 16:43:58 -0400
2515,11832,1345,authorized_dealer,{},2026-07-13 16:43:58 -0400,2026-07-13 16:43:58 -0400
2516,11833,17,operated_at,{},2026-07-13 16:43:58 -0400,2026-07-13 16:43:58 -0400
2517,11833,583,operated_at,"{""source_relationship"":""managed_at""}",2026-07-13 16:43:58 -0400,2026-07-22 18:35:01 -0400
2518,11834,17,operated_at,{},2026-07-13 16:43:58 -0400,2026-07-13 16:43:58 -0400
2519,11835,43,operated_at,{},2026-07-13 16:43:58 -0400,2026-07-13 16:43:58 -0400
2520,11837,1346,brokered,"{""source_relationship"":""conducted_auction_at""}",2026-07-13 16:43:58 -0400,2026-07-22 18:35:10 -0400
2521,11837,1343,brokered,"{""source_relationship"":""conducted_auction""}",2026-07-13 16:43:58 -0400,2026-07-22 18:34:46 -0400
2522,11836,43,operated_at,{},2026-07-13 16:43:58 -0400,2026-07-13 16:43:58 -0400
2523,11836,1347,operated_at,"{""source_relationship"":""managed_at""}",2026-07-13 16:43:58 -0400,2026-07-22 18:35:01 -0400
2524,11838,1348,operated_at,{},2026-07-13 16:43:58 -0400,2026-07-13 16:43:58 -0400
2525,11864,25,sold,"{""source_relationship"":""deeded_property""}",2026-07-13 16:43:58 -0400,2026-07-22 18:35:08 -0400
2526,11864,1349,sold,"{""source_relationship"":""deeded_property""}",2026-07-13 16:43:58 -0400,2026-07-22 18:35:08 -0400
2527,11864,1350,sold,"{""source_relationship"":""deeded_property""}",2026-07-13 16:43:58 -0400,2026-07-22 18:35:08 -0400
2528,11864,1351,sold,"{""source_relationship"":""deeded_property""}",2026-07-13 16:43:58 -0400,2026-07-22 18:35:09 -0400
2529,11864,30,purchased,"{""source_relationship"":""received_deed""}",2026-07-13 16:43:58 -0400,2026-07-22 18:38:17 -0400
2530,11839,1348,operated_at,{},2026-07-13 16:43:58 -0400,2026-07-13 16:43:58 -0400
2531,11840,1348,operated_at,{},2026-07-13 16:43:58 -0400,2026-07-13 16:43:58 -0400
2532,11867,1352,member_of,"{""source_relationship"":""joined""}",2026-07-13 16:43:58 -0400,2026-07-22 18:34:43 -0400
2533,11867,30,operated_at,"{""source_relationship"":""operated""}",2026-07-13 16:43:58 -0400,2026-07-22 18:34:22 -0400
2534,11865,30,sold,"{""source_relationship"":""transferred_property""}",2026-07-13 16:43:58 -0400,2026-07-22 18:33:52 -0400
2535,11865,1353,purchased,"{""source_relationship"":""received_property""}",2026-07-13 16:43:58 -0400,2026-07-22 18:36:15 -0400
2536,11841,1348,operated_at,{},2026-07-13 16:43:59 -0400,2026-07-13 16:43:59 -0400
2537,11842,1348,operated_at,{},2026-07-13 16:43:59 -0400,2026-07-13 16:43:59 -0400
2538,11843,1348,operated_at,{},2026-07-13 16:43:59 -0400,2026-07-13 16:43:59 -0400
2539,11843,1354,related_to,"{""source_relationship"":""associated_with""}",2026-07-13 16:43:59 -0400,2026-07-22 18:38:44 -0400
2540,11844,1348,operated_at,{},2026-07-13 16:43:59 -0400,2026-07-13 16:43:59 -0400
2541,11845,1348,operated_at,{},2026-07-13 16:43:59 -0400,2026-07-13 16:43:59 -0400
2542,11847,1355,worked_at,{},2026-07-13 16:43:59 -0400,2026-07-13 16:43:59 -0400
2543,11847,1356,owned,{},2026-07-13 16:43:59 -0400,2026-07-13 16:43:59 -0400
2544,11847,29,operated_at,{},2026-07-13 16:43:59 -0400,2026-07-13 16:43:59 -0400
2545,11846,29,operated_at,{},2026-07-13 16:43:59 -0400,2026-07-13 16:43:59 -0400
2546,11846,1356,owned,{},2026-07-13 16:43:59 -0400,2026-07-13 16:43:59 -0400
2547,11848,29,operated_at,{},2026-07-13 16:43:59 -0400,2026-07-13 16:43:59 -0400
2548,11849,29,operated_at,{},2026-07-13 16:43:59 -0400,2026-07-13 16:43:59 -0400
2549,11850,29,advertised_in,"{""source_relationship"":""advertised_at""}",2026-07-13 16:43:59 -0400,2026-07-22 18:36:38 -0400
2550,11851,29,operated_at,{},2026-07-13 16:43:59 -0400,2026-07-13 16:43:59 -0400
2551,11852,29,operated_at,{},2026-07-13 16:43:59 -0400,2026-07-13 16:43:59 -0400
2552,11853,29,brokered,"{""source_relationship"":""liquidated_at""}",2026-07-13 16:43:59 -0400,2026-07-22 18:33:50 -0400
2553,11854,1355,mentioned_in,{},2026-07-13 16:43:59 -0400,2026-07-13 16:43:59 -0400
2554,11854,1356,mentioned_in,{},2026-07-13 16:43:59 -0400,2026-07-13 16:43:59 -0400
2555,11854,1357,mentioned_in,{},2026-07-13 16:43:59 -0400,2026-07-13 16:43:59 -0400
2556,11855,1356,mentioned_in,{},2026-07-13 16:43:59 -0400,2026-07-13 16:43:59 -0400
2557,11855,1358,worked_at,"{""source_relationship"":""employed""}",2026-07-13 16:43:59 -0400,2026-07-22 18:34:54 -0400
2558,11856,1356,worked_at,{},2026-07-13 16:43:59 -0400,2026-07-13 16:43:59 -0400
2559,11856,1359,worked_at,"{""source_relationship"":""employed""}",2026-07-13 16:43:59 -0400,2026-07-22 18:34:54 -0400
2560,11859,1360,conducted_sale_at,{},2026-07-13 16:43:59 -0400,2026-07-13 16:43:59 -0400
2561,11861,1360,operated_at,{},2026-07-13 16:43:59 -0400,2026-07-13 16:43:59 -0400
2562,11857,1356,operated_at,"{""source_relationship"":""operated_as_realtor""}",2026-07-13 16:43:59 -0400,2026-07-22 18:34:08 -0400
2563,11858,1356,owned,{},2026-07-13 16:43:59 -0400,2026-07-13 16:43:59 -0400
2564,11858,29,operated_at,{},2026-07-13 16:43:59 -0400,2026-07-13 16:43:59 -0400
2565,11868,1352,operated_at,"{""source_relationship"":""closed""}",2026-07-13 16:43:59 -0400,2026-07-22 18:34:53 -0400
2566,11868,30,operated_at,"{""source_relationship"":""closed""}",2026-07-13 16:43:59 -0400,2026-07-22 18:34:53 -0400
2567,11862,1360,advertised_in,"{""source_relationship"":""advertised_at""}",2026-07-13 16:44:22 -0400,2026-07-22 18:36:38 -0400
2568,11862,6,property_address,{},2026-07-13 16:44:22 -0400,2026-07-13 16:44:22 -0400
2569,11870,32,sold,"{""source_relationship"":""conveyed_from""}",2026-07-13 16:44:22 -0400,2026-07-22 18:34:37 -0400
2570,11870,1353,sold,"{""source_relationship"":""conveyed_to""}",2026-07-13 16:44:22 -0400,2026-07-22 18:33:48 -0400
2571,11871,32,party_to_deed,{},2026-07-13 16:44:22 -0400,2026-07-13 16:44:22 -0400
2572,11871,1353,party_to_deed,{},2026-07-13 16:44:22 -0400,2026-07-13 16:44:22 -0400
2573,11871,25,leased,"{""source_relationship"":""originator_of_extinguished_ground_rent""}",2026-07-13 16:44:22 -0400,2026-07-22 18:36:51 -0400
2574,11872,1353,sold,{},2026-07-13 16:44:22 -0400,2026-07-13 16:44:22 -0400
2575,11872,1361,purchased,{},2026-07-13 16:44:22 -0400,2026-07-13 16:44:22 -0400
2576,11872,1362,purchased,{},2026-07-13 16:44:22 -0400,2026-07-13 16:44:22 -0400
2577,11872,1363,owned,"{""source_relationship"":""held_deed_of_trust""}",2026-07-13 16:44:22 -0400,2026-07-22 18:37:34 -0400
2578,11863,1360,advertised_in,"{""source_relationship"":""advertised_at""}",2026-07-13 16:44:22 -0400,2026-07-22 18:36:38 -0400
2579,11875,1360,departed_from,{},2026-07-13 16:44:22 -0400,2026-07-13 16:44:22 -0400
2580,11875,1364,operated_at,{},2026-07-13 16:44:22 -0400,2026-07-13 16:44:22 -0400
2581,11875,1365,contact_for,{},2026-07-13 16:44:22 -0400,2026-07-13 16:44:22 -0400
2582,11874,1366,executed_deed_of_trust,{},2026-07-13 16:44:22 -0400,2026-07-13 16:44:22 -0400
2583,11874,1367,executed_deed_of_trust,{},2026-07-13 16:44:22 -0400,2026-07-13 16:44:22 -0400
2584,11874,1368,owned,"{""source_relationship"":""held_deed_of_trust""}",2026-07-13 16:44:22 -0400,2026-07-22 18:37:34 -0400
2585,11874,1364,related_to,"{""source_relationship"":""associated_with_ownership""}",2026-07-13 16:44:22 -0400,2026-07-22 19:11:37 -0400
2586,11873,1361,sold,{},2026-07-13 16:44:22 -0400,2026-07-13 16:44:22 -0400
2587,11873,1362,sold,{},2026-07-13 16:44:22 -0400,2026-07-13 16:44:22 -0400
2588,11873,1366,purchased,{},2026-07-13 16:44:22 -0400,2026-07-13 16:44:22 -0400
2589,11873,1367,purchased,{},2026-07-13 16:44:22 -0400,2026-07-13 16:44:22 -0400
2590,11878,1369,subject_of,"{""source_relationship"":""obituary_subject""}",2026-07-13 16:44:22 -0400,2026-07-22 18:37:28 -0400
2591,11878,1356,mentioned_in,{},2026-07-13 16:44:22 -0400,2026-07-13 16:44:22 -0400
2592,11878,1370,mentioned_in,{},2026-07-13 16:44:22 -0400,2026-07-13 16:44:22 -0400
2593,11878,1355,mentioned_in,{},2026-07-13 16:44:22 -0400,2026-07-13 16:44:22 -0400
2594,11878,410,mentioned_in,{},2026-07-13 16:44:22 -0400,2026-07-13 16:44:22 -0400
2595,11876,832,issued_satisfaction,{},2026-07-13 16:44:22 -0400,2026-07-13 16:44:22 -0400
2596,11876,1368,lent_to,"{""source_relationship"":""predecessor_lender""}",2026-07-13 16:44:22 -0400,2026-07-22 18:36:13 -0400
2597,11876,1366,discharged_deed_of_trust,{},2026-07-13 16:44:22 -0400,2026-07-13 16:44:22 -0400
2598,11876,1367,discharged_deed_of_trust,{},2026-07-13 16:44:22 -0400,2026-07-13 16:44:22 -0400
2599,11869,1352,subject_of,"{""source_relationship"":""obituary_subject""}",2026-07-13 16:44:22 -0400,2026-07-22 18:37:28 -0400
2600,11869,30,led,{},2026-07-13 16:44:22 -0400,2026-07-13 16:44:22 -0400
2601,11877,570,mentioned_in,{},2026-07-13 16:44:22 -0400,2026-07-13 16:44:22 -0400
2602,11877,1364,visible_at,{},2026-07-13 16:44:22 -0400,2026-07-13 16:44:22 -0400
2603,11877,1371,authored,{},2026-07-13 16:44:22 -0400,2026-07-13 16:44:22 -0400
2604,11877,1372,depicted_in,"{""source_relationship"":""photographed""}",2026-07-13 16:44:23 -0400,2026-07-22 18:34:29 -0400
2605,11880,1373,subject_of,"{""source_relationship"":""obituary_subject""}",2026-07-13 16:44:23 -0400,2026-07-22 18:37:29 -0400
2606,11880,1356,worked_at,"{""source_relationship"":""employed_subject""}",2026-07-13 16:44:23 -0400,2026-07-22 19:11:34 -0400
2607,11880,1168,interred_at,"{""source_relationship"":""interment_site""}",2026-07-13 16:44:23 -0400,2026-07-22 18:37:33 -0400
2608,11879,1373,recalled_in_comment,{},2026-07-13 16:44:23 -0400,2026-07-13 16:44:23 -0400
2609,11879,1355,authored,"{""source_relationship"":""authored_comment""}",2026-07-13 16:44:23 -0400,2026-07-22 18:34:50 -0400
2610,11879,1356,mentioned_in,{},2026-07-13 16:44:23 -0400,2026-07-13 16:44:23 -0400
2612,11882,1366,sold,{},2026-07-13 16:44:23 -0400,2026-07-13 16:44:23 -0400
2613,11882,1367,sold,{},2026-07-13 16:44:23 -0400,2026-07-13 16:44:23 -0400
2614,11882,6,purchased,{},2026-07-13 16:44:23 -0400,2026-07-13 16:44:23 -0400
2615,11883,6,executed_indemnity_deed_of_trust,{},2026-07-13 16:44:23 -0400,2026-07-13 16:44:23 -0400
2616,11883,1374,borrowed_from,"{""source_relationship"":""borrower""}",2026-07-13 16:44:23 -0400,2026-07-22 18:37:31 -0400
2617,11554,1375,mentioned_in,{},2026-07-13 16:44:52 -0400,2026-07-13 16:44:52 -0400
2618,11555,1375,purchased,"{""source_relationship"":""received_land_assignment""}",2026-07-13 16:44:52 -0400,2026-07-22 18:37:42 -0400
2619,11556,1375,granted_tract,{},2026-07-13 16:44:52 -0400,2026-07-13 16:44:52 -0400
2620,11556,1376,granted_tract,{},2026-07-13 16:44:52 -0400,2026-07-13 16:44:52 -0400
2621,11556,1377,issued_land_grant,{},2026-07-13 16:44:52 -0400,2026-07-13 16:44:52 -0400
2622,11557,1378,built,"{""source_relationship"":""constructed_residence_on""}",2026-07-13 16:44:52 -0400,2026-07-22 19:11:37 -0400
2623,11558,1379,documented_in_estate_inventory,{},2026-07-13 16:44:52 -0400,2026-07-13 16:44:52 -0400
2624,11559,1380,executed_indenture,{},2026-07-13 16:44:52 -0400,2026-07-13 16:44:52 -0400
2625,11559,1381,enslaved,"{""source_relationship"":""conveyed_as_enslaved""}",2026-07-13 16:44:52 -0400,2026-07-22 19:11:28 -0400
2626,11560,1382,advertised_in,"{""source_relationship"":""placed_advertisement""}",2026-07-13 16:44:52 -0400,2026-07-22 18:34:43 -0400
2627,11560,1383,escaped_from,{},2026-07-13 16:44:52 -0400,2026-07-13 16:44:52 -0400
2628,11562,1384,built,"{""source_relationship"":""built_estate_on""}",2026-07-13 16:44:52 -0400,2026-07-22 18:38:36 -0400
2629,11563,1384,built,"{""source_relationship"":""built_road""}",2026-07-13 16:44:52 -0400,2026-07-22 18:34:41 -0400
2630,11564,1384,formed_partnership,{},2026-07-13 16:44:52 -0400,2026-07-13 16:44:52 -0400
2631,11564,1385,formed_partnership_with,{},2026-07-13 16:44:52 -0400,2026-07-13 16:44:52 -0400
2632,11566,1385,enslaved,"{""source_relationship"":""documented_as_enslaver""}",2026-07-13 16:44:52 -0400,2026-07-22 18:33:51 -0400
2633,11567,1384,mentioned_in,"{""source_relationship"":""mentioned_in_household_account""}",2026-07-13 16:44:52 -0400,2026-07-22 19:11:38 -0400
2634,11568,1384,led,"{""source_relationship"":""led_cavalry_unit_at""}",2026-07-13 16:44:52 -0400,2026-07-22 19:11:27 -0400
2635,11568,1386,site_of_action,{},2026-07-13 16:44:52 -0400,2026-07-13 16:44:52 -0400
2636,11569,1384,foreclosed_on,"{""source_relationship"":""subject_of_foreclosure""}",2026-07-13 16:44:52 -0400,2026-07-22 19:11:36 -0400
2637,11571,1384,died_at,"{""source_relationship"":""died_owner_of""}",2026-07-13 16:44:52 -0400,2026-07-22 18:36:50 -0400
2638,11572,1385,party_to_suit,"{""source_relationship"":""heirs_brought_suit_over""}",2026-07-13 16:44:52 -0400,2026-07-22 18:38:59 -0400
2639,11572,1384,party_to_suit,"{""source_relationship"":""estate_subject_of_suit""}",2026-07-13 16:44:52 -0400,2026-07-22 18:40:01 -0400
2640,11573,1385,active_in,{},2026-07-13 16:44:52 -0400,2026-07-13 16:44:52 -0400
2641,11573,1387,member_of,"{""source_relationship"":""joined_by""}",2026-07-13 16:44:52 -0400,2026-07-22 18:38:03 -0400
2642,11574,1109,manumitted,{},2026-07-13 16:44:52 -0400,2026-07-13 16:44:52 -0400
2643,11575,1388,served_as_tax_collector,{},2026-07-13 16:44:52 -0400,2026-07-13 16:44:52 -0400
2644,11576,1389,manumitted,{},2026-07-13 16:44:52 -0400,2026-07-13 16:44:52 -0400
2645,11577,1382,enslaved,"{""source_relationship"":""documented_as_enslavers""}",2026-07-13 16:44:52 -0400,2026-07-22 18:36:53 -0400
2646,11578,1388,served_as_mayor_while_owning,{},2026-07-13 16:44:52 -0400,2026-07-13 16:44:52 -0400
2647,11579,1390,died_at,"{""source_relationship"":""escaped_from_and_died""}",2026-07-13 16:44:52 -0400,2026-07-22 18:33:56 -0400
2648,11580,1388,signed_ordinance,{},2026-07-13 16:44:53 -0400,2026-07-13 16:44:53 -0400
2649,11581,1388,mentioned_in,{},2026-07-13 16:44:53 -0400,2026-07-13 16:44:53 -0400
2650,11581,1391,mentioned_in,{},2026-07-13 16:44:53 -0400,2026-07-13 16:44:53 -0400
2651,11582,1388,executed_will,{},2026-07-13 16:44:53 -0400,2026-07-13 16:44:53 -0400
2652,11583,1388,died_at,"{""source_relationship"":""died_testate""}",2026-07-13 16:44:53 -0400,2026-07-22 18:35:11 -0400
2653,11583,1391,trustee_of,"{""source_relationship"":""appointed_trustee_of_estate""}",2026-07-13 16:44:53 -0400,2026-07-22 18:35:00 -0400
2654,11584,1388,depicted_in,"{""source_relationship"":""named_estate_labeled_on_map""}",2026-07-13 16:44:53 -0400,2026-07-22 19:11:34 -0400
2655,11585,1388,holdings_condemned,{},2026-07-13 16:44:53 -0400,2026-07-13 16:44:53 -0400
2656,11585,1391,holdings_condemned,{},2026-07-13 16:44:53 -0400,2026-07-13 16:44:53 -0400
2657,11586,1388,depicted_in,"{""source_relationship"":""mansion_depicted_in_painting""}",2026-07-13 16:44:53 -0400,2026-07-22 18:37:43 -0400
2658,11587,1392,operated_at,"{""source_relationship"":""operated_shop_destroyed_by_fire""}",2026-07-13 16:44:53 -0400,2026-07-22 18:35:07 -0400
2659,11588,1393,leased,"{""source_relationship"":""leased_lot""}",2026-07-13 16:44:53 -0400,2026-07-22 18:34:43 -0400
2660,11589,1388,estate_lands_annexed,{},2026-07-13 16:44:53 -0400,2026-07-13 16:44:53 -0400
2661,11589,1391,estate_lands_annexed,{},2026-07-13 16:44:53 -0400,2026-07-13 16:44:53 -0400
2662,11590,1394,died_at,"{""source_relationship"":""died_member_of_estate_family""}",2026-07-13 16:44:53 -0400,2026-07-22 19:11:25 -0400
2663,11591,1393,party_to_suit,"{""source_relationship"":""party_to_boundary_suit""}",2026-07-13 16:44:53 -0400,2026-07-22 18:35:03 -0400
2664,11592,1393,estate_placed_under_trusteeship,{},2026-07-13 16:44:53 -0400,2026-07-13 16:44:53 -0400
2665,11592,1391,trustee_of,"{""source_relationship"":""appointed_trustee_by_chancery""}",2026-07-13 16:44:53 -0400,2026-07-22 18:37:39 -0400
2666,11593,1391,trustee_of,"{""source_relationship"":""conducted_estate_sales_as_trustee""}",2026-07-13 16:44:53 -0400,2026-07-22 18:37:30 -0400
2667,11593,1393,sold,"{""source_relationship"":""estate_parcels_sold""}",2026-07-13 16:44:53 -0400,2026-07-22 18:37:01 -0400
2668,11593,1395,purchased,"{""source_relationship"":""purchased_parcel""}",2026-07-13 16:44:53 -0400,2026-07-22 18:35:02 -0400
2669,11594,1396,organized,{},2026-07-13 16:45:27 -0400,2026-07-13 16:45:27 -0400
2670,11595,1397,party_to_suit,"{""source_relationship"":""subject_of_injunction_dispute""}",2026-07-13 16:45:27 -0400,2026-07-22 18:40:07 -0400
2671,11596,1391,owned,{},2026-07-13 16:45:27 -0400,2026-07-13 16:45:27 -0400
2672,11597,1398,played_for,"{""source_relationship"":""arrived_in_baltimore_as_player""}",2026-07-13 16:45:27 -0400,2026-07-22 18:36:49 -0400
2673,11598,1393,governed_restriction_at,{},2026-07-13 16:45:27 -0400,2026-07-13 16:45:27 -0400
2674,11598,1391,governed_restriction_at,{},2026-07-13 16:45:28 -0400,2026-07-13 16:45:28 -0400
2675,11598,1395,governed_restriction_at,{},2026-07-13 16:45:28 -0400,2026-07-13 16:45:28 -0400
2676,11598,1397,mentioned_in,{},2026-07-13 16:45:28 -0400,2026-07-13 16:45:28 -0400
2677,11599,1399,died_at,"{""source_relationship"":""died""}",2026-07-13 16:45:28 -0400,2026-07-22 18:37:40 -0400
2678,11599,1393,mentioned_in,{},2026-07-13 16:45:28 -0400,2026-07-13 16:45:28 -0400
2679,11599,1391,mentioned_in,{},2026-07-13 16:45:28 -0400,2026-07-13 16:45:28 -0400
2680,11600,1400,party_to_conveyance,{},2026-07-13 16:45:28 -0400,2026-07-13 16:45:28 -0400
2681,11600,1401,party_to_conveyance,{},2026-07-13 16:45:28 -0400,2026-07-13 16:45:28 -0400
2682,11600,1393,mentioned_in,{},2026-07-13 16:45:28 -0400,2026-07-13 16:45:28 -0400
2683,11600,1391,mentioned_in,{},2026-07-13 16:45:28 -0400,2026-07-13 16:45:28 -0400
2684,11601,1397,sold,{},2026-07-13 16:45:28 -0400,2026-07-13 16:45:28 -0400
2685,11602,1393,sold,{},2026-07-13 16:45:28 -0400,2026-07-13 16:45:28 -0400
2686,11602,1402,purchased,{},2026-07-13 16:45:28 -0400,2026-07-13 16:45:28 -0400
2687,11603,1402,sold,{},2026-07-13 16:45:28 -0400,2026-07-13 16:45:28 -0400
2688,11603,1403,purchased,{},2026-07-13 16:45:28 -0400,2026-07-13 16:45:28 -0400
2689,11604,1403,resold_surrounding_lots,{},2026-07-13 16:45:28 -0400,2026-07-13 16:45:28 -0400
2690,11605,1403,sold,"{""source_relationship"":""sold_partial_interest""}",2026-07-13 16:45:28 -0400,2026-07-22 18:37:27 -0400
2691,11605,1404,purchased,"{""source_relationship"":""purchased_partial_interest""}",2026-07-13 16:45:28 -0400,2026-07-22 18:36:56 -0400
2692,11606,1403,purchased,"{""source_relationship"":""repurchased_interest_from""}",2026-07-13 16:45:28 -0400,2026-07-22 18:33:51 -0400
2693,11606,1404,sold,"{""source_relationship"":""sold_interest_to""}",2026-07-13 16:45:28 -0400,2026-07-22 18:38:35 -0400
2694,11607,1398,purchased,{},2026-07-13 16:45:28 -0400,2026-07-13 16:45:28 -0400
2695,11607,1403,sold,{},2026-07-13 16:45:28 -0400,2026-07-13 16:45:28 -0400
2696,11607,1405,subject_of,"{""source_relationship"":""subject_of_sale""}",2026-07-13 16:45:28 -0400,2026-07-22 18:37:43 -0400
2697,11608,1391,mentioned_in,{},2026-07-13 16:45:28 -0400,2026-07-13 16:45:28 -0400
2698,11609,1403,negotiated_with_boston_interests,{},2026-07-13 16:45:28 -0400,2026-07-13 16:45:28 -0400
2699,11610,1406,precursor_discussion_for,{},2026-07-13 16:45:28 -0400,2026-07-13 16:45:28 -0400
2700,11611,1407,perpetrator_of,"{""source_relationship"":""arrested_at""}",2026-07-13 16:45:28 -0400,2026-07-22 18:37:46 -0400
2701,11612,1407,designed,{},2026-07-13 16:45:28 -0400,2026-07-13 16:45:28 -0400
2702,11613,1403,performed_at,"{""source_relationship"":""toured""}",2026-07-13 16:45:28 -0400,2026-07-22 18:36:51 -0400
2703,11614,1406,operated_at,"{""source_relationship"":""opened""}",2026-07-13 16:45:28 -0400,2026-07-22 18:36:44 -0400
2704,11614,1408,played_at,{},2026-07-13 16:45:28 -0400,2026-07-13 16:45:28 -0400
2705,11614,1409,authored,"{""source_relationship"":""published_retrospective_on""}",2026-07-13 16:45:28 -0400,2026-07-22 18:37:39 -0400
2706,11615,1398,sold,"{""source_relationship"":""sold_contract""}",2026-07-13 16:45:28 -0400,2026-07-22 18:37:15 -0400
2707,11615,1410,subject_of,"{""source_relationship"":""subject_of_contract_sale""}",2026-07-13 16:45:28 -0400,2026-07-22 18:38:35 -0400
2708,11615,1411,purchased,"{""source_relationship"":""purchased_contract""}",2026-07-13 16:45:28 -0400,2026-07-22 18:37:31 -0400
2709,11615,1408,mentioned_in,{},2026-07-13 16:45:28 -0400,2026-07-13 16:45:28 -0400
2710,11616,1405,played_at,"{""source_relationship"":""played_last_home_game_at""}",2026-07-13 16:45:28 -0400,2026-07-22 18:40:17 -0400
2711,11616,1408,mentioned_in,{},2026-07-13 16:45:28 -0400,2026-07-13 16:45:28 -0400
2712,11617,1408,played_at,{},2026-07-13 16:45:28 -0400,2026-07-13 16:45:28 -0400
2713,11617,1412,collapsed,{},2026-07-13 16:45:28 -0400,2026-07-13 16:45:28 -0400
2714,11618,1406,depicted_in,"{""source_relationship"":""depicted_in_map""}",2026-07-13 16:45:28 -0400,2026-07-22 18:35:03 -0400
2715,11619,1408,party_to_suit,"{""source_relationship"":""named_lead_plaintiff_in""}",2026-07-13 16:45:29 -0400,2026-07-22 18:40:02 -0400
2716,11619,1412,mentioned_in,{},2026-07-13 16:45:29 -0400,2026-07-13 16:45:29 -0400
2717,11620,1413,competed_at,"{""source_relationship"":""fought_at""}",2026-07-13 16:45:29 -0400,2026-07-22 18:38:36 -0400
2718,11620,1414,competed_at,"{""source_relationship"":""fought_at""}",2026-07-13 16:45:29 -0400,2026-07-22 18:38:36 -0400
2719,11620,1406,hosted,"{""source_relationship"":""hosted_boxing""}",2026-07-13 16:45:29 -0400,2026-07-22 19:11:24 -0400
2720,11621,1415,sent_telegram_regarding,{},2026-07-13 16:45:29 -0400,2026-07-13 16:45:29 -0400
2721,11621,1412,subject_of,"{""source_relationship"":""subject_of_communication""}",2026-07-13 16:45:29 -0400,2026-07-22 18:34:31 -0400
2722,11622,1403,member_of,"{""source_relationship"":""joined_park_board""}",2026-07-13 16:45:29 -0400,2026-07-22 18:33:45 -0400
2723,11623,1398,purchased,{},2026-07-13 16:45:29 -0400,2026-07-13 16:45:29 -0400
2724,11623,1412,mentioned_in,{},2026-07-13 16:45:29 -0400,2026-07-13 16:45:29 -0400
2725,11623,68,renamed_to,{},2026-07-13 16:45:29 -0400,2026-07-22 17:54:36 -0400
2726,11624,1398,founded,"{""source_relationship"":""incorporated""}",2026-07-13 16:45:29 -0400,2026-07-22 18:34:49 -0400
2727,11624,1416,founded,"{""source_relationship"":""incorporated_to_hold_title""}",2026-07-13 16:45:29 -0400,2026-07-22 18:38:02 -0400
2728,11625,1398,hosted,"{""source_relationship"":""owned_venue_for""}",2026-07-13 16:45:29 -0400,2026-07-22 18:40:09 -0400
2729,11626,1417,competed_at,"{""source_relationship"":""fought_at""}",2026-07-13 16:45:29 -0400,2026-07-22 18:38:36 -0400
2730,11626,1418,competed_at,"{""source_relationship"":""fought_at""}",2026-07-13 16:45:29 -0400,2026-07-22 18:38:37 -0400
2731,11627,1419,competed_at,"{""source_relationship"":""fought_at""}",2026-07-13 16:45:29 -0400,2026-07-22 18:38:37 -0400
2732,11627,1420,competed_at,"{""source_relationship"":""fought_at""}",2026-07-13 16:45:29 -0400,2026-07-22 18:38:37 -0400
2733,11628,1421,competed_at,"{""source_relationship"":""fought_at""}",2026-07-13 16:45:29 -0400,2026-07-22 18:38:37 -0400
2734,11628,1422,competed_at,"{""source_relationship"":""fought_at""}",2026-07-13 16:45:29 -0400,2026-07-22 18:38:37 -0400
2735,11629,1408,party_to_suit,"{""source_relationship"":""filed_antitrust_suit""}",2026-07-13 16:45:29 -0400,2026-07-22 18:37:16 -0400
2736,11630,1419,competed_at,"{""source_relationship"":""fought_at""}",2026-07-13 16:45:29 -0400,2026-07-22 18:38:37 -0400
2737,11630,1423,competed_at,"{""source_relationship"":""fought_at""}",2026-07-13 16:45:29 -0400,2026-07-22 18:38:38 -0400
2738,11631,1424,applied_for,"{""source_relationship"":""proposed_bout_at""}",2026-07-13 16:45:29 -0400,2026-07-22 19:11:29 -0400
2739,11631,1425,applied_for,"{""source_relationship"":""proposed_bout_at""}",2026-07-13 16:45:29 -0400,2026-07-22 19:11:29 -0400
2740,11632,1426,failed_to_appear_at,{},2026-07-13 16:45:29 -0400,2026-07-13 16:45:29 -0400
2741,11632,1423,scheduled_to_fight_at,{},2026-07-13 16:45:29 -0400,2026-07-13 16:45:29 -0400
2742,11632,1427,hosted,"{""source_relationship"":""beneficiary_of_event_at""}",2026-07-13 16:45:29 -0400,2026-07-22 18:37:43 -0400
2743,11633,1411,performed_at,"{""source_relationship"":""performed_exhibition_at""}",2026-07-13 16:45:29 -0400,2026-07-22 18:38:34 -0400
2744,11634,1405,played_at,{},2026-07-13 16:45:55 -0400,2026-07-13 16:45:55 -0400
2745,11634,1396,operated_at,"{""source_relationship"":""operated""}",2026-07-13 16:45:55 -0400,2026-07-22 18:34:22 -0400
2746,11635,1403,party_to_suit,"{""source_relationship"":""testified_in""}",2026-07-13 16:45:55 -0400,2026-07-22 18:37:56 -0400
2747,11635,1412,mentioned_in,{},2026-07-13 16:45:55 -0400,2026-07-13 16:45:55 -0400
2748,11636,1410,played_at,{},2026-07-13 16:45:55 -0400,2026-07-13 16:45:55 -0400
2749,11636,1411,played_at,{},2026-07-13 16:45:55 -0400,2026-07-13 16:45:55 -0400
2750,11637,1410,played_at,{},2026-07-13 16:45:55 -0400,2026-07-13 16:45:55 -0400
2751,11637,1411,played_at,{},2026-07-13 16:45:55 -0400,2026-07-13 16:45:55 -0400
2752,11639,1428,performed_at,{},2026-07-13 16:45:55 -0400,2026-07-13 16:45:55 -0400
2753,11639,1429,performed_at,{},2026-07-13 16:45:55 -0400,2026-07-13 16:45:55 -0400
2754,11642,1430,played_at,{},2026-07-13 16:45:55 -0400,2026-07-13 16:45:55 -0400
2755,11642,1431,played_at,{},2026-07-13 16:45:55 -0400,2026-07-13 16:45:55 -0400
2756,11643,1432,performed_at,{},2026-07-13 16:45:55 -0400,2026-07-13 16:45:55 -0400
2757,11643,1433,performed_at,{},2026-07-13 16:45:55 -0400,2026-07-13 16:45:55 -0400
2758,11644,1410,played_at,{},2026-07-13 16:45:55 -0400,2026-07-13 16:45:55 -0400
2759,11644,1431,played_at,{},2026-07-13 16:45:55 -0400,2026-07-13 16:45:55 -0400
2760,11646,1434,played_at,{},2026-07-13 16:45:55 -0400,2026-07-13 16:45:55 -0400
2761,11646,1405,played_at,{},2026-07-13 16:45:55 -0400,2026-07-13 16:45:55 -0400
2762,11646,1435,purchased,"{""source_relationship"":""purchased_player_from""}",2026-07-13 16:45:55 -0400,2026-07-22 19:11:26 -0400
2763,11645,1412,mentioned_in,{},2026-07-13 16:45:55 -0400,2026-07-13 16:45:55 -0400
2764,11647,1413,performed_at,{},2026-07-13 16:45:55 -0400,2026-07-13 16:45:55 -0400
2765,11647,1436,performed_at,{},2026-07-13 16:45:55 -0400,2026-07-13 16:45:55 -0400
2766,11647,1437,performed_at,{},2026-07-13 16:45:55 -0400,2026-07-13 16:45:55 -0400
2767,11647,1438,performed_at,{},2026-07-13 16:45:55 -0400,2026-07-13 16:45:55 -0400
2768,11649,1439,performed_at,{},2026-07-13 16:45:55 -0400,2026-07-13 16:45:55 -0400
2769,11650,1410,played_at,{},2026-07-13 16:45:55 -0400,2026-07-13 16:45:55 -0400
2770,11651,1440,played_at,{},2026-07-13 16:45:55 -0400,2026-07-13 16:45:55 -0400
2771,11651,1441,played_at,{},2026-07-13 16:45:55 -0400,2026-07-13 16:45:55 -0400
2772,11653,1442,performed_at,{},2026-07-13 16:45:55 -0400,2026-07-13 16:45:55 -0400
2773,11653,1443,performed_at,{},2026-07-13 16:45:55 -0400,2026-07-13 16:45:55 -0400
2774,11653,1398,mentioned_in,{},2026-07-13 16:45:55 -0400,2026-07-13 16:45:55 -0400
2775,11653,1444,worked_at,{},2026-07-13 16:45:56 -0400,2026-07-13 16:45:56 -0400
2776,11655,1445,played_at,{},2026-07-13 16:45:56 -0400,2026-07-13 16:45:56 -0400
2777,11656,1416,owned,{},2026-07-13 16:45:56 -0400,2026-07-13 16:45:56 -0400
2778,11657,1412,mentioned_in,{},2026-07-13 16:45:56 -0400,2026-07-13 16:45:56 -0400
2779,11657,1408,mentioned_in,{},2026-07-13 16:45:56 -0400,2026-07-13 16:45:56 -0400
2780,11658,1416,mentioned_in,{},2026-07-13 16:45:56 -0400,2026-07-13 16:45:56 -0400
2781,11659,1410,played_at,{},2026-07-13 16:45:56 -0400,2026-07-13 16:45:56 -0400
2782,11660,1446,authored,"{""source_relationship"":""wrote_about""}",2026-07-13 16:45:56 -0400,2026-07-22 18:37:07 -0400
2783,11661,1133,played_at,{},2026-07-13 16:45:56 -0400,2026-07-13 16:45:56 -0400
2784,11661,1435,played_at,{},2026-07-13 16:45:56 -0400,2026-07-13 16:45:56 -0400
2785,11663,1447,played_at,{},2026-07-13 16:45:56 -0400,2026-07-13 16:45:56 -0400
2786,11663,1405,played_at,{},2026-07-13 16:45:56 -0400,2026-07-13 16:45:56 -0400
2787,11665,1398,owned,{},2026-07-13 16:45:56 -0400,2026-07-13 16:45:56 -0400
2788,11667,1448,applied_for,"{""source_relationship"":""proposed_development_at""}",2026-07-13 16:45:56 -0400,2026-07-22 18:38:40 -0400
2789,11667,1449,applied_for,"{""source_relationship"":""proposed_development_at""}",2026-07-13 16:45:56 -0400,2026-07-22 18:38:40 -0400
2790,11668,1450,authored,"{""source_relationship"":""wrote_about""}",2026-07-13 16:45:56 -0400,2026-07-22 18:37:07 -0400
2791,11668,1451,mentioned_in,{},2026-07-13 16:45:56 -0400,2026-07-13 16:45:56 -0400
2792,11669,1410,played_at,{},2026-07-13 16:45:56 -0400,2026-07-13 16:45:56 -0400
2793,11670,1452,operated_at,{},2026-07-13 16:45:56 -0400,2026-07-13 16:45:56 -0400
2794,11670,1405,played_at,{},2026-07-13 16:45:56 -0400,2026-07-13 16:45:56 -0400
2795,11671,1410,played_at,{},2026-07-13 16:45:56 -0400,2026-07-13 16:45:56 -0400
2796,11675,1453,launched_boycott_campaign_against,{},2026-07-13 16:46:23 -0400,2026-07-13 16:46:23 -0400
2797,11675,1454,subject_of,"{""source_relationship"":""subject_of_boycott""}",2026-07-13 16:46:23 -0400,2026-07-22 18:34:37 -0400
2798,11676,1455,defended_segregated_seating_policy_at,{},2026-07-13 16:46:23 -0400,2026-07-13 16:46:23 -0400
2799,11677,1456,hosted,"{""source_relationship"":""sponsored_event_at""}",2026-07-13 16:46:23 -0400,2026-07-22 18:38:51 -0400
2800,11678,1457,fined_for_conduct_at,{},2026-07-13 16:46:23 -0400,2026-07-13 16:46:23 -0400
2801,11679,1458,operated_at,"{""source_relationship"":""operated_boxing_series_at""}",2026-07-13 16:46:23 -0400,2026-07-22 19:11:28 -0400
2802,11680,1459,competed_at,"{""source_relationship"":""headlined_boxing_card_at""}",2026-07-13 16:46:23 -0400,2026-07-22 18:35:05 -0400
2803,11680,1458,competed_at,"{""source_relationship"":""staged_boxing_card_at""}",2026-07-13 16:46:23 -0400,2026-07-22 18:37:21 -0400
2804,11682,1460,played_at,"{""source_relationship"":""played_baseball_at""}",2026-07-13 16:46:23 -0400,2026-07-22 18:38:48 -0400
2805,11683,1461,competed_at,"{""source_relationship"":""staged_boxing_card_at""}",2026-07-13 16:46:23 -0400,2026-07-22 18:37:21 -0400
2806,11685,1416,arranged_access_for_negro_national_league_at,{},2026-07-13 16:46:23 -0400,2026-07-13 16:46:23 -0400
2807,11685,1462,leased,"{""source_relationship"":""gained_tenancy_at""}",2026-07-13 16:46:23 -0400,2026-07-22 18:36:17 -0400
2808,11686,142,depicted_in,"{""source_relationship"":""graded_ballpark_blocks_in_map_of""}",2026-07-13 16:46:23 -0400,2026-07-22 18:36:34 -0400
2809,11687,1462,made_home_debut_at,{},2026-07-13 16:46:24 -0400,2026-07-13 16:46:24 -0400
2810,11687,1463,played_at,{},2026-07-13 16:46:24 -0400,2026-07-13 16:46:24 -0400
2811,11687,1464,played_at,{},2026-07-13 16:46:24 -0400,2026-07-13 16:46:24 -0400
2812,11688,1465,played_at,{},2026-07-13 16:46:24 -0400,2026-07-13 16:46:24 -0400
2813,11688,1466,played_at,{},2026-07-13 16:46:24 -0400,2026-07-13 16:46:24 -0400
2814,11689,1462,played_at,"{""source_relationship"":""played_night_game_at""}",2026-07-13 16:46:24 -0400,2026-07-22 18:40:18 -0400
2815,11690,1467,played_at,"{""source_relationship"":""played_playoff_game_at""}",2026-07-13 16:46:24 -0400,2026-07-22 18:40:01 -0400
2816,11690,1468,played_at,"{""source_relationship"":""played_playoff_game_at""}",2026-07-13 16:46:24 -0400,2026-07-22 18:40:01 -0400
2817,11691,1462,split_schedule_between_oriole_park_and,{},2026-07-13 16:46:24 -0400,2026-07-13 16:46:24 -0400
2818,11692,1469,hosted,"{""source_relationship"":""held_event_at""}",2026-07-13 16:46:24 -0400,2026-07-22 18:40:06 -0400
2819,11693,1470,organized_exhibition_at,{},2026-07-13 16:46:24 -0400,2026-07-13 16:46:24 -0400
2820,11693,1471,played_at,"{""source_relationship"":""played_exhibition_at""}",2026-07-13 16:46:24 -0400,2026-07-22 18:37:00 -0400
2821,11694,1462,announced_as_primary_home,{},2026-07-13 16:46:24 -0400,2026-07-13 16:46:24 -0400
2822,11695,1462,hosted,"{""source_relationship"":""hosted_home_opener_at""}",2026-07-13 16:46:24 -0400,2026-07-22 18:37:55 -0400
2823,11695,1467,played_at,{},2026-07-13 16:46:24 -0400,2026-07-13 16:46:24 -0400
2824,11695,1472,played_at,{},2026-07-13 16:46:24 -0400,2026-07-13 16:46:24 -0400
2825,11695,1473,played_at,{},2026-07-13 16:46:24 -0400,2026-07-13 16:46:24 -0400
2826,11696,1474,played_at,{},2026-07-13 16:46:24 -0400,2026-07-13 16:46:24 -0400
2827,11696,1475,played_at,{},2026-07-13 16:46:24 -0400,2026-07-13 16:46:24 -0400
2828,11697,1462,played_at,"{""source_relationship"":""played_forfeited_game_at""}",2026-07-13 16:46:24 -0400,2026-07-22 18:40:08 -0400
2829,11698,1462,played_at,{},2026-07-13 16:46:24 -0400,2026-07-13 16:46:24 -0400
2830,11700,1462,played_at,"{""source_relationship"":""played_doubleheader_at""}",2026-07-13 16:46:24 -0400,2026-07-22 18:37:41 -0400
2831,11700,1476,played_at,{},2026-07-13 16:46:24 -0400,2026-07-13 16:46:24 -0400
2832,11701,1477,subject_of,"{""source_relationship"":""subject_of_financial_inquiry_connected_to""}",2026-07-13 16:46:24 -0400,2026-07-22 18:36:16 -0400
2833,11702,1462,competed_at,"{""source_relationship"":""won_championship_series_at""}",2026-07-13 16:46:24 -0400,2026-07-22 18:37:37 -0400
2834,11702,1467,played_at,"{""source_relationship"":""played_championship_series_at""}",2026-07-13 16:46:24 -0400,2026-07-22 18:39:58 -0400
2835,11702,1472,competed_at,"{""source_relationship"":""homered_at""}",2026-07-13 16:46:24 -0400,2026-07-22 18:38:14 -0400
2836,11703,1462,competed_at,"{""source_relationship"":""clinched_pennant_at""}",2026-07-13 16:46:24 -0400,2026-07-22 18:36:28 -0400
2837,11703,1478,played_at,{},2026-07-13 16:46:24 -0400,2026-07-13 16:46:24 -0400
2838,11707,1477,advertised_in,"{""source_relationship"":""advertised_lending_services_near""}",2026-07-13 16:46:24 -0400,2026-07-22 18:36:15 -0400
2839,11709,1479,played_at,{},2026-07-13 16:46:24 -0400,2026-07-13 16:46:24 -0400
2840,11709,1462,played_at,"{""source_relationship"":""played_doubleheader_at""}",2026-07-13 16:46:24 -0400,2026-07-22 18:37:41 -0400
2841,11710,1462,played_at,{},2026-07-13 16:46:24 -0400,2026-07-13 16:46:24 -0400
2842,11712,219,competed_at,"{""source_relationship"":""signed_bout_contract_for""}",2026-07-13 16:46:24 -0400,2026-07-22 18:37:41 -0400
2843,11712,1480,competed_at,"{""source_relationship"":""signed_bout_contract_for""}",2026-07-13 16:46:24 -0400,2026-07-22 18:37:41 -0400
2844,11713,219,competed_at,"{""source_relationship"":""won_bout_at""}",2026-07-13 16:46:24 -0400,2026-07-22 18:36:45 -0400
2845,11713,1480,competed_at,"{""source_relationship"":""fought_at""}",2026-07-13 16:46:24 -0400,2026-07-22 18:38:38 -0400
2846,11714,1462,completed_home_winning_streak_at,{},2026-07-13 16:46:49 -0400,2026-07-13 16:46:49 -0400
2847,11715,1481,played_at,{},2026-07-13 16:46:49 -0400,2026-07-13 16:46:49 -0400
2848,11715,1474,played_at,{},2026-07-13 16:46:49 -0400,2026-07-13 16:46:49 -0400
2849,11715,1479,played_at,{},2026-07-13 16:46:49 -0400,2026-07-13 16:46:49 -0400
2850,11716,1478,played_at,{},2026-07-13 16:46:49 -0400,2026-07-13 16:46:49 -0400
2851,11716,1462,played_at,{},2026-07-13 16:46:49 -0400,2026-07-13 16:46:49 -0400
2852,11717,1462,played_at,{},2026-07-13 16:46:49 -0400,2026-07-13 16:46:49 -0400
2853,11717,1482,played_at,{},2026-07-13 16:46:49 -0400,2026-07-13 16:46:49 -0400
2854,11718,1462,played_at,{},2026-07-13 16:46:49 -0400,2026-07-13 16:46:49 -0400
2855,11718,1479,played_at,{},2026-07-13 16:46:49 -0400,2026-07-13 16:46:49 -0400
2856,11720,1462,relocated_from,{},2026-07-13 16:46:49 -0400,2026-07-13 16:46:49 -0400
2857,11721,1405,played_at,{},2026-07-13 16:46:49 -0400,2026-07-13 16:46:49 -0400
2858,11721,1483,played_at,{},2026-07-13 16:46:49 -0400,2026-07-13 16:46:49 -0400
2859,11722,219,competed_at,"{""source_relationship"":""fought_at""}",2026-07-13 16:46:49 -0400,2026-07-22 18:38:38 -0400
2860,11722,1484,competed_at,"{""source_relationship"":""fought_at""}",2026-07-13 16:46:49 -0400,2026-07-22 18:38:38 -0400
2861,11723,219,mentioned_in,{},2026-07-13 16:46:49 -0400,2026-07-13 16:46:49 -0400
2862,11724,1485,trustee_of,"{""source_relationship"":""trustee_of_estate_holding""}",2026-07-13 16:46:49 -0400,2026-07-22 18:38:04 -0400
2863,11724,1398,mentioned_in,{},2026-07-13 16:46:49 -0400,2026-07-13 16:46:49 -0400
2864,11725,1405,scheduled_season_at,{},2026-07-13 16:46:49 -0400,2026-07-13 16:46:49 -0400
2865,11726,1486,competed_at,"{""source_relationship"":""fought_at""}",2026-07-13 16:46:49 -0400,2026-07-22 18:38:38 -0400
2866,11727,1487,appeared_at,{},2026-07-13 16:46:49 -0400,2026-07-13 16:46:49 -0400
2867,11728,1486,competed_at,"{""source_relationship"":""fought_at""}",2026-07-13 16:46:49 -0400,2026-07-22 18:38:39 -0400
2868,11728,1488,competed_at,"{""source_relationship"":""fought_at""}",2026-07-13 16:46:49 -0400,2026-07-22 18:38:39 -0400
2869,11730,1489,competed_at,"{""source_relationship"":""won_championship_at""}",2026-07-13 16:46:49 -0400,2026-07-22 18:34:30 -0400
2870,11731,1405,competed_at,"{""source_relationship"":""won_championship_while_displaced_from""}",2026-07-13 16:46:49 -0400,2026-07-22 18:37:53 -0400
2871,11732,1490,played_at,{},2026-07-13 16:46:49 -0400,2026-07-13 16:46:49 -0400
2872,11732,1405,played_at,{},2026-07-13 16:46:49 -0400,2026-07-13 16:46:49 -0400
2873,11733,1491,complained_about,{},2026-07-13 16:46:49 -0400,2026-07-13 16:46:49 -0400
2874,11734,1492,party_to_suit,"{""source_relationship"":""filed_suit_regarding""}",2026-07-13 16:46:49 -0400,2026-07-22 18:37:20 -0400
2875,11736,1493,competed_at,"{""source_relationship"":""fought_at""}",2026-07-13 16:46:50 -0400,2026-07-22 18:38:39 -0400
2876,11736,1488,competed_at,"{""source_relationship"":""fought_at""}",2026-07-13 16:46:50 -0400,2026-07-22 18:38:39 -0400
2877,11737,1494,played_at,{},2026-07-13 16:46:50 -0400,2026-07-13 16:46:50 -0400
2878,11737,1495,played_at,{},2026-07-13 16:46:50 -0400,2026-07-13 16:46:50 -0400
2879,11738,1398,mentioned_in,{},2026-07-13 16:46:50 -0400,2026-07-13 16:46:50 -0400
2880,11740,1405,relocated_from,{},2026-07-13 16:46:50 -0400,2026-07-13 16:46:50 -0400
2881,11740,1496,mentioned_in,"{""source_relationship"":""reported_on""}",2026-07-13 16:46:50 -0400,2026-07-22 18:37:35 -0400
2882,11741,1405,relocated_to,{},2026-07-13 16:46:50 -0400,2026-07-13 16:46:50 -0400
2883,11742,1487,criticized_in,{},2026-07-13 16:46:50 -0400,2026-07-13 16:46:50 -0400
2884,11745,1405,played_at,{},2026-07-13 16:46:50 -0400,2026-07-13 16:46:50 -0400
2885,11746,1497,played_at,{},2026-07-13 16:46:50 -0400,2026-07-13 16:46:50 -0400
2886,11746,1483,played_at,{},2026-07-13 16:46:50 -0400,2026-07-13 16:46:50 -0400
2887,11748,1498,built,"{""source_relationship"":""built_on""}",2026-07-13 16:46:50 -0400,2026-07-22 18:37:33 -0400
2888,11749,1499,applied_for,"{""source_relationship"":""sought_rezoning_of""}",2026-07-13 16:46:50 -0400,2026-07-22 18:37:19 -0400
2889,11750,1477,mentioned_in,{},2026-07-13 16:46:50 -0400,2026-07-13 16:46:50 -0400
2890,11751,1499,applied_for,"{""source_relationship"":""sought_rezoning_of""}",2026-07-13 16:46:50 -0400,2026-07-22 18:37:19 -0400
2891,11752,1500,applied_for,"{""source_relationship"":""supported_rezoning_of""}",2026-07-13 16:46:50 -0400,2026-07-22 18:34:46 -0400
2892,11752,1499,applied_for,"{""source_relationship"":""sought_rezoning_of""}",2026-07-13 16:46:50 -0400,2026-07-22 18:37:19 -0400
2893,11754,1499,applied_for,"{""source_relationship"":""withdrew_rezoning_bid_for""}",2026-07-13 16:48:41 -0400,2026-07-22 18:36:54 -0400
2894,11755,1405,relocated_to_baltimore_as,{},2026-07-13 16:48:41 -0400,2026-07-13 16:48:41 -0400
2895,11755,1052,mentioned_in,{},2026-07-13 16:48:41 -0400,2026-07-13 16:48:41 -0400
2896,11756,1501,contracted_to_build_plant_at,{},2026-07-13 16:48:42 -0400,2026-07-13 16:48:42 -0400
2897,11757,1409,mentioned_in,"{""source_relationship"":""reported_on""}",2026-07-13 16:48:42 -0400,2026-07-22 18:37:35 -0400
2898,11758,1501,built,"{""source_relationship"":""constructed_plant_at""}",2026-07-13 16:48:42 -0400,2026-07-22 18:36:51 -0400
2899,11759,1501,relocated_bottling_operations_to,{},2026-07-13 16:48:42 -0400,2026-07-13 16:48:42 -0400
2900,11760,1501,advertised_in,"{""source_relationship"":""advertised_at""}",2026-07-13 16:48:42 -0400,2026-07-22 18:36:38 -0400
2901,11761,1501,operated_at,"{""source_relationship"":""operated_plant_at""}",2026-07-13 16:48:42 -0400,2026-07-22 18:34:57 -0400
2902,11763,1501,operated_at,"{""source_relationship"":""operated_plant_at""}",2026-07-13 16:48:42 -0400,2026-07-22 18:34:57 -0400
2903,11764,1502,operated_at,{},2026-07-13 16:48:42 -0400,2026-07-13 16:48:42 -0400
2904,11765,1416,dissolved,{},2026-07-13 16:48:42 -0400,2026-07-13 16:48:42 -0400
2905,11766,1503,campaigned_for_induction_of,{},2026-07-13 16:48:42 -0400,2026-07-13 16:48:42 -0400
2906,11766,1403,subject_of,"{""source_relationship"":""subject_of_induction_campaign""}",2026-07-13 16:48:42 -0400,2026-07-22 18:36:46 -0400
2907,11766,1504,mentioned_in,{},2026-07-13 16:48:42 -0400,2026-07-13 16:48:42 -0400
2908,11767,1505,authored,"{""source_relationship"":""authored_retrospective_about""}",2026-07-13 16:48:42 -0400,2026-07-22 18:37:54 -0400
2909,11767,1506,authored,"{""source_relationship"":""published_retrospective_in""}",2026-07-13 16:48:42 -0400,2026-07-22 18:34:13 -0400
2910,11768,1403,inducted_into,{},2026-07-13 16:48:42 -0400,2026-07-13 16:48:42 -0400
2911,11768,1504,inducted_into,{},2026-07-13 16:48:42 -0400,2026-07-13 16:48:42 -0400
2912,11769,1502,sold,"{""source_relationship"":""sold_parcel""}",2026-07-13 16:48:42 -0400,2026-07-22 18:37:16 -0400
2913,11769,1507,purchased,"{""source_relationship"":""purchased_parcel""}",2026-07-13 16:48:42 -0400,2026-07-22 18:35:02 -0400
2914,11770,1507,sold,"{""source_relationship"":""sold_parcel""}",2026-07-13 16:48:42 -0400,2026-07-22 18:37:16 -0400
2915,11770,1508,purchased,"{""source_relationship"":""purchased_parcel""}",2026-07-13 16:48:42 -0400,2026-07-22 18:35:02 -0400
2916,11771,1509,founded,"{""source_relationship"":""founded_and_began_operating_at""}",2026-07-13 16:48:42 -0400,2026-07-22 19:11:33 -0400
2917,11772,1386,subject_of,"{""source_relationship"":""commemorated_at""}",2026-07-13 16:48:42 -0400,2026-07-22 18:37:35 -0400
2918,11772,1510,recognized_for_role_in,{},2026-07-13 16:48:42 -0400,2026-07-13 16:48:42 -0400
2921,11774,1509,purchased,"{""source_relationship"":""received_award_at""}",2026-07-13 16:48:42 -0400,2026-07-22 18:36:35 -0400
2922,11775,1512,purchased,"{""source_relationship"":""acquired_title_to""}",2026-07-13 16:48:42 -0400,2026-07-22 18:36:13 -0400
2923,11775,1509,operated_at,"{""source_relationship"":""operating_entity_for""}",2026-07-13 16:48:42 -0400,2026-07-22 18:34:55 -0400
2924,11776,1509,borrowed_from,"{""source_relationship"":""received_loan_for""}",2026-07-13 16:48:43 -0400,2026-07-22 19:11:30 -0400
2925,11776,1513,lent_to,"{""source_relationship"":""issued_loan_for""}",2026-07-13 16:48:43 -0400,2026-07-22 18:35:09 -0400
2926,11777,1514,conducted_survey_at,{},2026-07-13 16:48:43 -0400,2026-07-13 16:48:43 -0400
2927,11777,1515,designed,"{""source_relationship"":""surveyed""}",2026-07-13 16:48:43 -0400,2026-07-22 18:37:00 -0400
2928,11778,1498,purchased,"{""source_relationship"":""acquired_south_parcel_of""}",2026-07-13 16:48:43 -0400,2026-07-22 18:34:59 -0400
2929,11779,1516,disputed_usage_rights_with,{},2026-07-13 16:48:43 -0400,2026-07-13 16:48:43 -0400
2930,11779,1509,disputed_usage_rights_with,{},2026-07-13 16:48:43 -0400,2026-07-13 16:48:43 -0400
2931,11780,1517,leased,"{""source_relationship"":""organized_as_tenant_at""}",2026-07-13 16:48:43 -0400,2026-07-22 18:34:06 -0400
2932,11781,1518,operated_at,"{""source_relationship"":""opened_at""}",2026-07-13 16:48:43 -0400,2026-07-22 18:34:12 -0400
2933,11781,1509,leased,"{""source_relationship"":""hosted_tenant_at""}",2026-07-13 16:48:43 -0400,2026-07-22 19:11:27 -0400
2934,11782,1462,recognized_as_major_league_at,{},2026-07-13 16:48:43 -0400,2026-07-13 16:48:43 -0400
2935,11782,1519,recognized_negro_leagues,{},2026-07-13 16:48:43 -0400,2026-07-13 16:48:43 -0400
2936,11783,1518,operated_at,"{""source_relationship"":""closed_at""}",2026-07-13 16:48:43 -0400,2026-07-22 18:38:41 -0400
2937,11783,1509,leased,"{""source_relationship"":""hosted_tenant_at""}",2026-07-13 16:48:43 -0400,2026-07-22 19:11:27 -0400
2938,11784,1520,operated_at,"{""source_relationship"":""opened_at""}",2026-07-13 16:48:43 -0400,2026-07-22 18:34:12 -0400
2939,11784,1509,leased,"{""source_relationship"":""hosted_tenant_at""}",2026-07-13 16:48:43 -0400,2026-07-22 19:11:27 -0400
2940,11785,1517,listed_in,"{""source_relationship"":""registered_tradename_at""}",2026-07-13 16:48:43 -0400,2026-07-22 18:37:55 -0400
2941,11786,1462,statistics_integrated_into_record_at,{},2026-07-13 16:48:43 -0400,2026-07-13 16:48:43 -0400
2942,11786,1519,integrated_negro_leagues_statistics,{},2026-07-13 16:48:43 -0400,2026-07-13 16:48:43 -0400
2943,11787,1520,operated_at,"{""source_relationship"":""operates_at""}",2026-07-13 16:48:43 -0400,2026-07-22 18:36:55 -0400
2944,11788,1517,announced_operations_at,{},2026-07-13 16:48:43 -0400,2026-07-13 16:48:43 -0400
2945,11789,1517,restructured,{},2026-07-13 16:48:43 -0400,2026-07-13 16:48:43 -0400
2946,11790,1512,owned,"{""source_relationship"":""holds_brewery_parcel_of""}",2026-07-13 16:48:43 -0400,2026-07-22 18:36:34 -0400
2947,11790,1498,owned,"{""source_relationship"":""holds_south_parcel_of""}",2026-07-13 16:48:43 -0400,2026-07-22 18:38:45 -0400
2948,11790,1509,operated_at,"{""source_relationship"":""operates_at""}",2026-07-13 16:48:43 -0400,2026-07-22 18:36:55 -0400
2949,11888,1521,lived_at,{},2026-07-13 17:16:19 -0400,2026-07-13 17:16:19 -0400
2950,11888,1522,lived_at,{},2026-07-13 17:16:19 -0400,2026-07-13 17:16:19 -0400
2951,11888,1523,lived_at,{},2026-07-13 17:16:19 -0400,2026-07-13 17:16:19 -0400
2952,11888,1075,lived_at,{},2026-07-13 17:16:19 -0400,2026-07-13 17:16:19 -0400
2953,11888,1524,lived_at,{},2026-07-13 17:16:19 -0400,2026-07-13 17:16:19 -0400
2954,11888,1525,lived_at,"{""source_relationship"":""lodged_at""}",2026-07-13 17:16:19 -0400,2026-07-22 18:36:43 -0400
2955,11889,1076,lived_at,{},2026-07-13 17:16:19 -0400,2026-07-13 17:16:19 -0400
2956,11889,1077,operated_at,"{""source_relationship"":""operated""}",2026-07-13 17:16:19 -0400,2026-07-22 18:34:22 -0400
2957,11889,1078,operated_at,"{""source_relationship"":""operated""}",2026-07-13 17:16:19 -0400,2026-07-22 18:34:22 -0400
2958,11890,1409,mentioned_in,{},2026-07-13 17:16:19 -0400,2026-07-13 17:16:19 -0400
2959,11890,1077,mentioned_in,{},2026-07-13 17:16:19 -0400,2026-07-13 17:16:19 -0400
2960,11892,1223,operated_at,"{""source_relationship"":""operated_nearby""}",2026-07-13 17:16:19 -0400,2026-07-22 18:34:11 -0400
2961,11892,620,operated_at,"{""source_relationship"":""operated_nearby""}",2026-07-13 17:16:19 -0400,2026-07-22 18:34:11 -0400
2962,11892,1077,operated_at,"{""source_relationship"":""operated""}",2026-07-13 17:16:19 -0400,2026-07-22 18:34:23 -0400
2963,11891,1077,victim_of,"{""source_relationship"":""victim_at""}",2026-07-13 17:16:19 -0400,2026-07-22 18:34:50 -0400
2964,11893,1077,died_at,{},2026-07-13 17:16:20 -0400,2026-07-13 17:16:20 -0400
2965,11893,1078,mentioned_in,{},2026-07-13 17:16:20 -0400,2026-07-13 17:16:20 -0400
2966,11893,1526,hosted,"{""source_relationship"":""provided_funeral_services""}",2026-07-13 17:16:20 -0400,2026-07-22 18:34:53 -0400
2967,11893,1527,hosted,"{""source_relationship"":""hosted_funeral_mass""}",2026-07-13 17:16:20 -0400,2026-07-22 18:36:21 -0400
2968,11893,1528,interred_at,"{""source_relationship"":""interment_site""}",2026-07-13 17:16:20 -0400,2026-07-22 18:37:33 -0400
2969,11893,1529,membership,{},2026-07-13 17:16:20 -0400,2026-07-13 17:16:20 -0400
2970,11894,1078,died_at,{},2026-07-13 17:16:20 -0400,2026-07-13 17:16:20 -0400
2971,11894,1528,interred_at,"{""source_relationship"":""interment_site""}",2026-07-13 17:16:20 -0400,2026-07-22 18:37:33 -0400
2972,11895,1079,sold,{},2026-07-13 17:16:20 -0400,2026-07-13 17:16:20 -0400
2973,11895,1080,purchased,{},2026-07-13 17:16:20 -0400,2026-07-13 17:16:20 -0400
2974,11896,1081,purchased,{},2026-07-13 17:16:20 -0400,2026-07-13 17:16:20 -0400
2975,11896,313,purchased,{},2026-07-13 17:16:20 -0400,2026-07-13 17:16:20 -0400
2976,11897,1,purchased,{},2026-07-13 17:16:20 -0400,2026-07-13 17:16:20 -0400
2977,11897,1530,sold,{},2026-07-13 17:16:20 -0400,2026-07-13 17:16:20 -0400
2978,11898,1531,operated_at,"{""source_relationship"":""operated_tailor_shop_at""}",2026-07-13 18:22:45 -0400,2026-07-22 18:34:41 -0400
2979,11898,1532,founded,"{""source_relationship"":""founded_by_subject""}",2026-07-13 18:22:45 -0400,2026-07-22 19:11:35 -0400
2980,11898,1533,lived_at,{},2026-07-13 18:22:45 -0400,2026-07-13 18:22:45 -0400
2981,11899,1067,operated_at,"{""source_relationship"":""operated_confectionery_at""}",2026-07-13 18:22:46 -0400,2026-07-22 18:38:49 -0400
2982,11899,1534,operated_at,"{""source_relationship"":""operated_bakery_at""}",2026-07-13 18:22:46 -0400,2026-07-22 18:34:10 -0400
2983,11900,1534,listed_in,"{""source_relationship"":""listed_at_address_as_wwi_serviceman""}",2026-07-13 18:22:46 -0400,2026-07-22 18:37:14 -0400
2984,11900,1506,authored,"{""source_relationship"":""published_roster_mentioning""}",2026-07-13 18:22:46 -0400,2026-07-22 18:37:19 -0400
2985,11901,1534,vacated,{},2026-07-13 18:22:46 -0400,2026-07-13 18:22:46 -0400
2986,11901,1067,vacated,{},2026-07-13 18:22:46 -0400,2026-07-13 18:22:46 -0400
2987,11902,1535,lived_at,"{""source_relationship"":""resided_at""}",2026-07-13 18:22:46 -0400,2026-07-22 18:36:58 -0400
2988,11902,1536,lived_at,"{""source_relationship"":""boarded_at""}",2026-07-13 18:22:46 -0400,2026-07-22 18:38:10 -0400
2989,11903,1537,lived_at,"{""source_relationship"":""resided_at""}",2026-07-13 18:22:46 -0400,2026-07-22 18:36:59 -0400
2990,11903,1538,lived_at,"{""source_relationship"":""resided_at""}",2026-07-13 18:22:46 -0400,2026-07-22 18:36:59 -0400
2991,11903,1539,lived_at,"{""source_relationship"":""resided_at""}",2026-07-13 18:22:46 -0400,2026-07-22 18:36:59 -0400
2992,11903,1540,advertised_in,"{""source_relationship"":""advertised_hauling_service_at""}",2026-07-13 18:22:46 -0400,2026-07-22 18:34:06 -0400
2993,11903,1506,advertised_in,"{""source_relationship"":""published_advertisement_for""}",2026-07-13 18:22:46 -0400,2026-07-22 19:11:26 -0400
2994,11904,1068,owned,"{""source_relationship"":""previously_owned""}",2026-07-13 18:22:47 -0400,2026-07-22 18:36:21 -0400
2995,11904,311,owned,"{""source_relationship"":""previously_owned""}",2026-07-13 18:22:47 -0400,2026-07-22 18:36:21 -0400
2996,11904,1069,purchased,"{""source_relationship"":""acquired""}",2026-07-13 18:22:47 -0400,2026-07-22 18:37:13 -0400
2997,11905,1071,purchased,"{""source_relationship"":""acquired""}",2026-07-13 18:22:47 -0400,2026-07-22 18:37:13 -0400
2998,11905,1072,purchased,"{""source_relationship"":""acquired""}",2026-07-13 18:22:47 -0400,2026-07-22 18:37:13 -0400
2999,11905,1541,sold,"{""source_relationship"":""conveyed_as_director_of_finance""}",2026-07-13 18:22:47 -0400,2026-07-22 18:34:30 -0400
3000,11906,313,purchased,"{""source_relationship"":""acquired""}",2026-07-13 18:22:47 -0400,2026-07-22 18:37:13 -0400
3001,11906,1072,sold,"{""source_relationship"":""conveyed_via_receivership""}",2026-07-13 18:22:47 -0400,2026-07-22 18:34:59 -0400
3002,11907,1,purchased,"{""source_relationship"":""acquired""}",2026-07-13 18:22:47 -0400,2026-07-22 18:37:13 -0400
3003,11908,1076,owned,"{""source_relationship"":""exited_ownership_of""}",2026-07-13 19:17:55 -0400,2026-07-22 18:34:12 -0400
3004,11908,307,sold,"{""source_relationship"":""conveyed""}",2026-07-13 19:17:55 -0400,2026-07-22 18:38:08 -0400
3005,11908,309,purchased,"{""source_relationship"":""acquired""}",2026-07-13 19:17:55 -0400,2026-07-22 18:37:13 -0400
3006,11910,1076,purchased,"{""source_relationship"":""acquired_property""}",2026-07-13 19:23:17 -0400,2026-07-22 18:33:46 -0400
3007,11910,1542,sold,"{""source_relationship"":""sold_property""}",2026-07-13 19:23:17 -0400,2026-07-22 18:37:46 -0400
3008,11909,1076,leased,"{""source_relationship"":""owned_leasehold_at""}",2026-07-13 19:23:21 -0400,2026-07-22 19:11:35 -0400
3009,11909,1078,leased,"{""source_relationship"":""acquired_leasehold_life_estate_at""}",2026-07-13 19:23:21 -0400,2026-07-22 18:40:03 -0400
3010,11909,1543,leased,"{""source_relationship"":""remainder_beneficiary_of_leasehold""}",2026-07-13 19:23:21 -0400,2026-07-22 18:37:39 -0400
3011,11909,1068,leased,"{""source_relationship"":""created_ground_rent_fee""}",2026-07-13 19:23:21 -0400,2026-07-22 18:37:36 -0400
3012,11909,1544,sold,"{""source_relationship"":""conveyed_leasehold_to_pietrina""}",2026-07-13 19:23:21 -0400,2026-07-22 19:11:37 -0400
3013,17821,1547,built,{},2026-07-14 15:56:27 -0400,2026-07-14 15:56:27 -0400
3014,17821,1574,subject_of,{},2026-07-14 15:56:28 -0400,2026-07-14 15:56:28 -0400
3015,17821,1308,lived_at,{},2026-07-14 15:56:28 -0400,2026-07-14 15:56:28 -0400
3016,17822,1547,lived_at,{},2026-07-14 15:56:28 -0400,2026-07-14 15:56:28 -0400
3017,17822,1555,lived_at,"{""source_relationship"":""boarded_at""}",2026-07-14 15:56:28 -0400,2026-07-22 18:38:11 -0400
3018,17822,1557,owned,"{""source_relationship"":""officemate_of_owner""}",2026-07-14 15:56:28 -0400,2026-07-22 18:35:09 -0400
3019,17823,1547,lived_at,"{""source_relationship"":""former_resident""}",2026-07-14 15:56:28 -0400,2026-07-22 18:35:06 -0400
3020,17823,1574,subject_of,{},2026-07-14 15:56:29 -0400,2026-07-14 15:56:29 -0400
3021,17824,1563,operated_at,"{""source_relationship"":""operated""}",2026-07-14 15:56:29 -0400,2026-07-22 18:34:23 -0400
3022,17825,1562,operated_at,"{""source_relationship"":""operated""}",2026-07-14 15:56:29 -0400,2026-07-22 18:34:23 -0400
3023,17825,1565,operated_at,"{""source_relationship"":""operated""}",2026-07-14 15:56:29 -0400,2026-07-22 18:34:23 -0400
3024,17826,1562,operated_at,"{""source_relationship"":""operated""}",2026-07-14 15:56:29 -0400,2026-07-22 18:34:23 -0400
3025,17826,1566,worked_at,{},2026-07-14 15:56:29 -0400,2026-07-14 15:56:29 -0400
3026,17826,1565,worked_at,{},2026-07-14 15:56:30 -0400,2026-07-14 15:56:30 -0400
3027,17826,1563,operated_at,"{""source_relationship"":""operated""}",2026-07-14 15:56:30 -0400,2026-07-22 18:34:23 -0400
3028,17827,1564,operated_at,"{""source_relationship"":""operated""}",2026-07-14 15:56:30 -0400,2026-07-22 18:34:24 -0400
3029,17829,1555,lived_at,"{""source_relationship"":""boarded_at""}",2026-07-14 15:56:30 -0400,2026-07-22 18:38:11 -0400
3030,17830,1547,subject_of,{},2026-07-14 15:56:30 -0400,2026-07-14 15:56:30 -0400
3031,17830,1550,subject_of,"{""source_relationship"":""widow_of_subject""}",2026-07-14 15:56:30 -0400,2026-07-22 18:33:47 -0400
3032,17830,1554,subject_of,"{""source_relationship"":""survivor_of_subject""}",2026-07-14 15:56:31 -0400,2026-07-22 18:36:28 -0400
3033,17831,1545,built,{},2026-07-14 15:56:31 -0400,2026-07-14 15:56:31 -0400
3034,17831,1546,lived_at,{},2026-07-14 15:56:31 -0400,2026-07-14 15:56:31 -0400
3035,17831,1308,lived_at,{},2026-07-14 15:56:31 -0400,2026-07-14 15:56:31 -0400
3036,17832,1545,subject_of,{},2026-07-14 15:56:31 -0400,2026-07-14 15:56:31 -0400
3037,17833,1546,subject_of,{},2026-07-14 15:56:31 -0400,2026-07-14 15:56:31 -0400
3038,17834,1552,built,{},2026-07-14 15:56:32 -0400,2026-07-14 15:56:32 -0400
3039,17834,1553,built,{},2026-07-14 15:56:32 -0400,2026-07-14 15:56:32 -0400
3040,17834,1308,lived_at,{},2026-07-14 15:56:32 -0400,2026-07-14 15:56:32 -0400
3041,17835,1552,lived_at,{},2026-07-14 15:56:32 -0400,2026-07-14 15:56:32 -0400
3042,17835,1553,lived_at,{},2026-07-14 15:56:32 -0400,2026-07-14 15:56:32 -0400
3043,17836,1553,died_at,{},2026-07-14 15:56:33 -0400,2026-07-14 15:56:33 -0400
3044,17837,1552,died_at,{},2026-07-14 15:56:33 -0400,2026-07-14 15:56:33 -0400
3045,17839,1552,subject_of,"{""source_relationship"":""memorialized""}",2026-07-14 15:56:33 -0400,2026-07-22 18:37:02 -0400
3046,17839,1553,subject_of,"{""source_relationship"":""memorialized""}",2026-07-14 15:56:33 -0400,2026-07-22 18:37:02 -0400
3047,17839,1571,memorial_at,{},2026-07-14 15:56:33 -0400,2026-07-14 15:56:33 -0400
3048,17840,1307,built,{},2026-07-14 15:56:33 -0400,2026-07-14 15:56:33 -0400
3049,17840,1308,lived_at,{},2026-07-14 15:56:34 -0400,2026-07-14 15:56:34 -0400
3050,17841,1551,lived_at,"{""source_relationship"":""possibly_boarded_at""}",2026-07-14 15:56:34 -0400,2026-07-22 18:37:27 -0400
3051,17842,1307,died_at,{},2026-07-14 15:56:34 -0400,2026-07-14 15:56:34 -0400
3052,17844,1551,subject_of,{},2026-07-14 15:56:34 -0400,2026-07-14 15:56:34 -0400
3053,17844,1307,subject_of,"{""source_relationship"":""widow_of_subject""}",2026-07-14 15:56:34 -0400,2026-07-22 18:33:47 -0400
3054,17845,1569,subject_of,{},2026-07-14 15:56:35 -0400,2026-07-14 15:56:35 -0400
3055,17845,1545,owned,"{""source_relationship"":""former_landowner""}",2026-07-14 15:56:35 -0400,2026-07-22 18:33:58 -0400
3056,17846,1567,met_at,{},2026-07-14 15:56:35 -0400,2026-07-14 15:56:35 -0400
3057,17846,1568,met_at,{},2026-07-14 15:56:35 -0400,2026-07-14 15:56:35 -0400
3058,17846,1550,led,"{""source_relationship"":""officer_of_lodge""}",2026-07-14 15:56:35 -0400,2026-07-22 18:36:45 -0400
3059,17846,1569,subject_of,{},2026-07-14 15:56:35 -0400,2026-07-14 15:56:35 -0400
3060,17847,1559,officed_at,{},2026-07-14 15:56:36 -0400,2026-07-14 15:56:36 -0400
3061,17847,1558,officed_at,{},2026-07-14 15:56:36 -0400,2026-07-14 15:56:36 -0400
3062,17848,485,subject_of,{},2026-07-14 15:56:36 -0400,2026-07-14 15:56:36 -0400
3063,17849,485,subject_of,{},2026-07-14 15:56:36 -0400,2026-07-14 15:56:36 -0400
3064,17850,485,subject_of,{},2026-07-14 15:56:36 -0400,2026-07-14 15:56:36 -0400
3065,17851,485,subject_of,{},2026-07-14 15:56:36 -0400,2026-07-14 15:56:36 -0400
3066,17852,485,subject_of,{},2026-07-14 15:56:37 -0400,2026-07-14 15:56:37 -0400
3067,17853,1570,subject_of,{},2026-07-14 15:56:37 -0400,2026-07-14 15:56:37 -0400
3068,17854,1291,operated_at,"{""source_relationship"":""operated""}",2026-07-14 15:56:37 -0400,2026-07-22 18:34:24 -0400
3069,17855,1547,owned,{},2026-07-14 15:56:37 -0400,2026-07-14 15:56:37 -0400
3070,17855,1553,owned,{},2026-07-14 15:56:37 -0400,2026-07-14 15:56:37 -0400
3071,17855,1558,owned,{},2026-07-14 15:56:37 -0400,2026-07-14 15:56:37 -0400
3072,17855,1561,owned,{},2026-07-14 15:56:38 -0400,2026-07-14 15:56:38 -0400
3073,17855,1570,owned,{},2026-07-14 15:56:38 -0400,2026-07-14 15:56:38 -0400
3074,17856,1547,married,{},2026-07-14 15:56:38 -0400,2026-07-14 15:56:38 -0400
3075,17856,1548,married,{},2026-07-14 15:56:38 -0400,2026-07-14 15:56:38 -0400
3076,17856,1575,subject_of,{},2026-07-14 15:56:38 -0400,2026-07-14 15:56:38 -0400
3077,17857,1549,subject_of,{},2026-07-14 15:56:39 -0400,2026-07-14 15:56:39 -0400
3078,17858,1548,subject_of,{},2026-07-14 15:56:39 -0400,2026-07-14 15:56:39 -0400
3079,17859,1161,operated_at,"{""source_relationship"":""operated""}",2026-07-14 15:56:39 -0400,2026-07-22 18:34:24 -0400
3080,17860,1547,authored,"{""source_relationship"":""published""}",2026-07-14 15:56:39 -0400,2026-07-22 18:37:35 -0400
3081,17860,1573,subject_of,{},2026-07-14 15:56:39 -0400,2026-07-14 15:56:39 -0400
3082,17861,1572,subject_of,{},2026-07-14 15:56:39 -0400,2026-07-14 15:56:39 -0400
3083,17861,486,authored,"{""source_relationship"":""wrote_about""}",2026-07-14 15:56:40 -0400,2026-07-22 18:37:07 -0400
3084,17862,14,lived_at,{},2026-07-14 15:56:40 -0400,2026-07-14 15:56:40 -0400
3085,17862,1560,lived_at,{},2026-07-14 15:56:40 -0400,2026-07-14 15:56:40 -0400
3086,17862,1561,lived_at,{},2026-07-14 15:56:40 -0400,2026-07-14 15:56:40 -0400
3087,17863,1575,lived_at,{},2026-07-14 15:56:40 -0400,2026-07-14 15:56:40 -0400
3088,17864,1556,built,"{""source_relationship"":""developed""}",2026-07-14 15:56:41 -0400,2026-07-22 18:38:02 -0400
3089,17864,1558,built,"{""source_relationship"":""developed""}",2026-07-14 15:56:41 -0400,2026-07-22 18:38:02 -0400
3090,17865,1556,owned,"{""source_relationship"":""described_as_landowner""}",2026-07-14 16:14:04 -0400,2026-07-22 19:11:31 -0400
3091,17865,1388,lived_at,"{""source_relationship"":""described_as_resident""}",2026-07-14 16:14:04 -0400,2026-07-22 19:11:30 -0400
3092,17865,1576,owned,"{""source_relationship"":""described_as_landowner""}",2026-07-14 16:14:04 -0400,2026-07-22 19:11:31 -0400
3093,17865,1577,operated_at,"{""source_relationship"":""operated""}",2026-07-14 16:14:04 -0400,2026-07-22 18:34:24 -0400
3094,17865,1578,lived_at,"{""source_relationship"":""described_as_resident""}",2026-07-14 16:14:04 -0400,2026-07-22 19:11:30 -0400
3095,17865,1580,subject_of,{},2026-07-14 16:14:05 -0400,2026-07-14 16:14:05 -0400
3096,17865,1571,subject_of,{},2026-07-14 16:14:05 -0400,2026-07-14 16:14:05 -0400
3097,17865,1581,mentioned_in,"{""source_relationship"":""described""}",2026-07-14 16:14:05 -0400,2026-07-22 18:35:12 -0400
3098,17865,1582,mentioned_in,"{""source_relationship"":""described""}",2026-07-14 16:14:05 -0400,2026-07-22 18:35:12 -0400
3099,17865,1583,subject_of,{},2026-07-14 16:14:05 -0400,2026-07-14 16:14:05 -0400
3100,17866,1547,party_to_suit,"{""source_relationship"":""litigant""}",2026-07-14 16:14:06 -0400,2026-07-22 18:36:55 -0400
3101,17867,1547,built,{},2026-07-14 16:14:06 -0400,2026-07-14 16:14:06 -0400
3102,17868,1547,expert_witness,{},2026-07-14 16:14:06 -0400,2026-07-14 16:14:06 -0400
3103,17868,1557,expert_witness,{},2026-07-14 16:14:06 -0400,2026-07-14 16:14:06 -0400
3104,17869,1308,traded_land,{},2026-07-14 16:14:06 -0400,2026-07-14 16:14:06 -0400
3105,17869,1550,traded_land,{},2026-07-14 16:14:07 -0400,2026-07-14 16:14:07 -0400
3106,17869,1554,traded_land,{},2026-07-14 16:14:07 -0400,2026-07-14 16:14:07 -0400
3107,17869,1585,traded_land,{},2026-07-14 16:14:07 -0400,2026-07-14 16:14:07 -0400
3108,17870,1161,operated_at,"{""source_relationship"":""operated""}",2026-07-14 16:14:07 -0400,2026-07-22 18:34:24 -0400
3109,17871,1584,subject_of,{},2026-07-14 16:14:07 -0400,2026-07-14 16:14:07 -0400
3110,17871,1161,party_to_suit,"{""source_relationship"":""defendant""}",2026-07-14 16:14:08 -0400,2026-07-22 18:34:25 -0400
3111,17872,1547,sold,"{""source_relationship"":""grantor""}",2026-07-14 16:14:08 -0400,2026-07-22 18:38:17 -0400
3112,17872,1307,sold,"{""source_relationship"":""grantor""}",2026-07-14 16:14:08 -0400,2026-07-22 18:38:18 -0400
3113,17872,1552,purchased,"{""source_relationship"":""grantee""}",2026-07-14 16:14:08 -0400,2026-07-22 18:35:19 -0400
3114,17872,1553,purchased,"{""source_relationship"":""grantee""}",2026-07-14 16:14:08 -0400,2026-07-22 18:35:19 -0400
3115,17873,1307,subject_of,{},2026-07-14 16:14:09 -0400,2026-07-14 16:14:09 -0400
3116,17874,1569,subject_of,{},2026-07-14 16:14:09 -0400,2026-07-14 16:14:09 -0400
3117,17874,1579,operated_at,"{""source_relationship"":""operated_line""}",2026-07-14 16:14:09 -0400,2026-07-22 18:37:39 -0400
3118,17875,1562,operated_at,"{""source_relationship"":""operated""}",2026-07-14 16:14:09 -0400,2026-07-22 18:34:25 -0400
3119,17876,1553,sold,"{""source_relationship"":""grantor""}",2026-07-14 16:14:09 -0400,2026-07-22 18:38:18 -0400
3120,17877,1384,built,{},2026-07-14 16:30:05 -0400,2026-07-14 16:30:05 -0400
3121,17877,1587,subject_of,{},2026-07-14 16:30:06 -0400,2026-07-14 16:30:06 -0400
3122,17877,1586,built,"{""source_relationship"":""descendant_of_builder""}",2026-07-14 16:30:06 -0400,2026-07-22 18:37:31 -0400
3123,17878,1388,lived_at,{},2026-07-14 16:30:06 -0400,2026-07-14 16:30:06 -0400
3124,17878,1587,subject_of,{},2026-07-14 16:30:06 -0400,2026-07-14 16:30:06 -0400
3125,17879,1291,operated_at,"{""source_relationship"":""operated""}",2026-07-14 16:30:06 -0400,2026-07-22 18:34:25 -0400
3126,17879,1587,subject_of,{},2026-07-14 16:30:06 -0400,2026-07-14 16:30:06 -0400
3127,17880,1587,subject_of,{},2026-07-14 16:30:07 -0400,2026-07-14 16:30:07 -0400
3128,17881,1590,built,{},2026-07-14 17:24:09 -0400,2026-07-14 17:24:09 -0400
3129,17881,1591,designed,{},2026-07-14 17:24:10 -0400,2026-07-14 17:24:10 -0400
3130,17881,1578,led,"{""source_relationship"":""commissioner""}",2026-07-14 17:24:10 -0400,2026-07-22 18:37:56 -0400
3131,17881,1594,led,"{""source_relationship"":""commanded""}",2026-07-14 17:24:10 -0400,2026-07-22 18:35:03 -0400
3132,17882,1589,stationed_at,{},2026-07-14 17:24:10 -0400,2026-07-14 17:24:10 -0400
3133,17882,1592,worked_at,{},2026-07-14 17:24:10 -0400,2026-07-14 17:24:10 -0400
3134,17883,1589,stationed_at,{},2026-07-14 17:24:11 -0400,2026-07-14 17:24:11 -0400
3135,17883,1161,temporary_host,{},2026-07-14 17:24:11 -0400,2026-07-14 17:24:11 -0400
3136,17884,1588,stationed_at,{},2026-07-14 17:24:11 -0400,2026-07-14 17:24:11 -0400
3137,17884,318,worked_at,{},2026-07-14 17:24:11 -0400,2026-07-14 17:24:11 -0400
3138,17884,1593,worked_at,{},2026-07-14 17:24:11 -0400,2026-07-14 17:24:11 -0400
3139,17885,1589,subject_of,{},2026-07-14 17:24:12 -0400,2026-07-14 17:24:12 -0400
3140,17886,1588,stationed_at,{},2026-07-14 17:24:12 -0400,2026-07-14 17:24:12 -0400
3141,17886,1589,stationed_at,{},2026-07-14 17:24:12 -0400,2026-07-14 17:24:12 -0400
3142,17887,1588,stationed_at,{},2026-07-14 17:24:12 -0400,2026-07-14 17:24:12 -0400
3143,17888,1577,subject_of,{},2026-07-14 17:24:12 -0400,2026-07-14 17:24:12 -0400
3144,17892,1595,lived_at,{},2026-07-14 21:42:06 -0400,2026-07-14 21:42:06 -0400
3145,17893,1596,lived_at,{},2026-07-14 21:42:06 -0400,2026-07-14 21:42:06 -0400
3146,17894,1600,operated_at,"{""source_relationship"":""managed""}",2026-07-14 21:42:06 -0400,2026-07-22 18:34:44 -0400
3147,17895,1600,sold,{},2026-07-14 21:42:07 -0400,2026-07-14 21:42:07 -0400
3148,17896,1601,listed_in,"{""source_relationship"":""listed""}",2026-07-14 21:42:07 -0400,2026-07-22 18:34:39 -0400
3149,17898,1597,leased,"{""source_relationship"":""created_ground_rent""}",2026-07-14 21:42:07 -0400,2026-07-22 18:36:54 -0400
3150,17898,1598,leased,{},2026-07-14 21:42:07 -0400,2026-07-14 21:42:07 -0400
3151,17898,1599,leased,"{""source_relationship"":""assigned_leasehold""}",2026-07-14 21:42:07 -0400,2026-07-22 18:38:02 -0400
3152,17899,1599,sold,"{""source_relationship"":""grantor""}",2026-07-14 21:42:07 -0400,2026-07-22 18:38:18 -0400
3153,17899,275,purchased,"{""source_relationship"":""grantee""}",2026-07-14 21:42:08 -0400,2026-07-22 18:35:20 -0400
3154,17900,1597,sold,"{""source_relationship"":""grantor""}",2026-07-14 21:42:08 -0400,2026-07-22 18:38:18 -0400
3155,17900,1598,purchased,"{""source_relationship"":""grantee""}",2026-07-14 21:42:08 -0400,2026-07-22 18:35:20 -0400
3156,17901,275,owned,"{""source_relationship"":""condemned_owner""}",2026-07-14 21:42:08 -0400,2026-07-22 18:36:50 -0400
3157,17904,1602,based_at,{},2026-07-14 21:51:12 -0400,2026-07-14 21:51:12 -0400
3158,17904,1598,lived_at,{},2026-07-14 21:51:12 -0400,2026-07-14 21:51:12 -0400
3159,17906,1603,died_at,{},2026-07-14 21:51:12 -0400,2026-07-14 21:51:12 -0400
3160,17907,1604,lived_at,{},2026-07-14 21:51:13 -0400,2026-07-14 21:51:13 -0400
3161,17909,1605,represented,"{""source_relationship"":""attorney_for_owners""}",2026-07-14 21:51:13 -0400,2026-07-22 19:11:31 -0400
3162,17910,1599,operated_at,"{""source_relationship"":""operated""}",2026-07-14 21:51:13 -0400,2026-07-22 18:34:25 -0400
3163,17911,275,owned,"{""source_relationship"":""delinquent_owner""}",2026-07-14 21:51:13 -0400,2026-07-22 18:36:35 -0400
3164,17912,275,owned,"{""source_relationship"":""delinquent_owner""}",2026-07-14 21:51:13 -0400,2026-07-22 18:36:36 -0400
3165,17914,290,lived_at,{},2026-07-14 22:05:49 -0400,2026-07-14 22:05:49 -0400
3166,17917,1607,hired_from,{},2026-07-14 22:05:49 -0400,2026-07-14 22:05:49 -0400
3167,17917,1687,operated_at,"{""source_relationship"":""proprietor""}",2026-07-14 22:05:49 -0400,2026-07-22 18:34:07 -0400
3168,17918,1687,advertised_in,"{""source_relationship"":""advertiser_probable_match""}",2026-07-14 22:05:49 -0400,2026-07-22 19:11:36 -0400
3169,17919,1607,hired_from,{},2026-07-14 22:05:49 -0400,2026-07-14 22:05:49 -0400
3170,17920,1612,reachable_at,{},2026-07-14 22:05:49 -0400,2026-07-14 22:05:49 -0400
3171,17921,1613,lived_at,{},2026-07-14 22:05:50 -0400,2026-07-14 22:05:50 -0400
3172,17922,1610,booked_from,{},2026-07-14 22:05:50 -0400,2026-07-14 22:05:50 -0400
3173,17922,1611,operated_at,"{""source_relationship"":""managed_from""}",2026-07-14 22:05:50 -0400,2026-07-22 18:38:53 -0400
3174,17924,1609,lived_at,{},2026-07-14 22:05:50 -0400,2026-07-14 22:05:50 -0400
3175,17926,1599,lived_at,{},2026-07-14 22:05:50 -0400,2026-07-14 22:05:50 -0400
3176,17926,1609,lived_at,{},2026-07-14 22:05:50 -0400,2026-07-14 22:05:50 -0400
3177,17927,1599,served_from,{},2026-07-14 22:05:51 -0400,2026-07-14 22:05:51 -0400
3178,17928,1599,served_from,{},2026-07-14 22:05:51 -0400,2026-07-14 22:05:51 -0400
3179,17928,1609,lived_at,{},2026-07-14 22:05:51 -0400,2026-07-14 22:05:51 -0400
3180,17929,1687,died_at,"{""source_relationship"":""died""}",2026-07-14 22:05:51 -0400,2026-07-22 18:37:40 -0400
3181,17929,1607,operated_at,{},2026-07-14 22:05:51 -0400,2026-07-14 22:05:51 -0400
3182,17929,1688,survived,{},2026-07-14 22:05:51 -0400,2026-07-22 17:54:41 -0400
3183,17929,1609,survived,{},2026-07-14 22:05:52 -0400,2026-07-14 22:05:52 -0400
3184,17930,1616,died_at,{},2026-07-14 23:28:18 -0400,2026-07-14 23:28:18 -0400
3185,17930,1617,died_at,"{""source_relationship"":""grandfather_of_deceased""}",2026-07-14 23:28:18 -0400,2026-07-22 18:38:36 -0400
3186,17931,1614,operated_at,{},2026-07-14 23:28:18 -0400,2026-07-14 23:28:18 -0400
3187,17933,1618,lived_at,{},2026-07-14 23:28:19 -0400,2026-07-14 23:28:19 -0400
3188,17935,1614,driver,{},2026-07-14 23:28:19 -0400,2026-07-14 23:28:19 -0400
3189,17936,1614,driver,{},2026-07-14 23:28:19 -0400,2026-07-14 23:28:19 -0400
3190,17936,1615,victim_of,"{""source_relationship"":""injured""}",2026-07-14 23:28:19 -0400,2026-07-22 18:34:25 -0400
3191,17937,1614,party_to_suit,"{""source_relationship"":""judgment_against""}",2026-07-14 23:28:19 -0400,2026-07-22 18:33:59 -0400
3192,17937,1619,party_to_suit,"{""source_relationship"":""plaintiff""}",2026-07-14 23:28:20 -0400,2026-07-22 18:34:00 -0400
3193,17938,1615,listed_in,"{""source_relationship"":""child_listed""}",2026-07-14 23:28:20 -0400,2026-07-22 18:36:26 -0400
3194,17944,1620,brokered,"{""source_relationship"":""listing_broker""}",2026-07-14 23:28:20 -0400,2026-07-22 18:35:05 -0400
3195,17945,1621,lived_at,{},2026-07-14 23:28:20 -0400,2026-07-14 23:28:20 -0400
3196,17950,1622,operated_at,{},2026-07-14 23:28:20 -0400,2026-07-14 23:28:20 -0400
3197,17949,1623,died_at,{},2026-07-14 23:28:21 -0400,2026-07-14 23:28:21 -0400
3198,17951,1624,died_at,{},2026-07-14 23:28:21 -0400,2026-07-14 23:28:21 -0400
3199,17952,1625,lived_at,{},2026-07-14 23:28:21 -0400,2026-07-14 23:28:21 -0400
3200,17953,1609,sold,"{""source_relationship"":""grantor""}",2026-07-14 23:28:21 -0400,2026-07-22 18:38:18 -0400
3201,17953,1626,sold,"{""source_relationship"":""grantor""}",2026-07-14 23:28:21 -0400,2026-07-22 18:38:18 -0400
3202,17953,1599,lent_to,"{""source_relationship"":""mortgagee""}",2026-07-14 23:28:21 -0400,2026-07-22 18:34:00 -0400
3203,17953,275,purchased,"{""source_relationship"":""grantee""}",2026-07-14 23:28:22 -0400,2026-07-22 18:35:20 -0400
3204,17954,275,owned,"{""source_relationship"":""condemned_owner""}",2026-07-14 23:28:22 -0400,2026-07-22 18:36:50 -0400
3205,17930,485,hosted,"{""source_relationship"":""funeral_at""}",2026-07-14 23:28:22 -0400,2026-07-22 18:38:17 -0400
3206,17956,1627,sold,"{""source_relationship"":""grantor""}",2026-07-14 23:53:58 -0400,2026-07-22 18:38:19 -0400
3207,17956,1628,owned,"{""source_relationship"":""owner_family""}",2026-07-14 23:53:58 -0400,2026-07-22 18:37:01 -0400
3208,17956,1688,purchased,"{""source_relationship"":""grantee""}",2026-07-14 23:53:58 -0400,2026-07-22 18:35:20 -0400
3209,17956,1609,purchased,"{""source_relationship"":""grantee""}",2026-07-14 23:53:58 -0400,2026-07-22 18:35:20 -0400
3210,17956,1626,purchased,"{""source_relationship"":""grantee""}",2026-07-14 23:53:59 -0400,2026-07-22 18:35:20 -0400
3211,17958,1627,sold,"{""source_relationship"":""grantor""}",2026-07-14 23:53:59 -0400,2026-07-22 18:38:19 -0400
3212,17958,1688,purchased,"{""source_relationship"":""grantee""}",2026-07-14 23:53:59 -0400,2026-07-22 18:35:21 -0400
3213,17958,1609,purchased,"{""source_relationship"":""grantee""}",2026-07-14 23:54:00 -0400,2026-07-22 18:35:21 -0400
3214,17958,1626,purchased,"{""source_relationship"":""grantee""}",2026-07-14 23:54:00 -0400,2026-07-22 18:35:21 -0400
3215,17957,1609,sold,"{""source_relationship"":""grantor""}",2026-07-14 23:54:00 -0400,2026-07-22 18:38:19 -0400
3216,17957,1626,sold,"{""source_relationship"":""grantor""}",2026-07-14 23:54:01 -0400,2026-07-22 18:38:19 -0400
3217,17957,275,purchased,"{""source_relationship"":""grantee""}",2026-07-14 23:54:01 -0400,2026-07-22 18:35:21 -0400
3218,17957,1599,lent_to,"{""source_relationship"":""mortgagee""}",2026-07-14 23:54:01 -0400,2026-07-22 18:34:01 -0400
3219,17955,275,borrowed_from,"{""source_relationship"":""mortgagor""}",2026-07-14 23:54:01 -0400,2026-07-22 18:34:32 -0400
3220,17955,1599,lent_to,"{""source_relationship"":""mortgagee""}",2026-07-14 23:54:01 -0400,2026-07-22 18:34:01 -0400
3221,17959,1629,owner_seller,{},2026-07-15 00:14:18 -0400,2026-07-15 00:14:18 -0400
3222,17960,1630,brokered,"{""source_relationship"":""listing_broker""}",2026-07-15 00:14:18 -0400,2026-07-22 18:35:06 -0400
3223,17962,1631,died_at,{},2026-07-15 00:14:18 -0400,2026-07-15 00:14:18 -0400
3224,17965,1632,lived_at,"{""source_relationship"":""former_resident""}",2026-07-15 00:14:18 -0400,2026-07-22 18:35:07 -0400
3225,17964,1633,operated_at,{},2026-07-15 00:14:18 -0400,2026-07-15 00:14:18 -0400
3226,17966,1634,operated_at,{},2026-07-15 00:14:19 -0400,2026-07-15 00:14:19 -0400
3227,17967,1635,operated_at,{},2026-07-15 00:14:19 -0400,2026-07-15 00:14:19 -0400
3228,17969,1636,lived_at,{},2026-07-15 00:14:19 -0400,2026-07-15 00:14:19 -0400
3229,17968,1624,died_at,{},2026-07-15 00:14:19 -0400,2026-07-15 00:14:19 -0400
3230,17970,275,owned,"{""source_relationship"":""delinquent_owner""}",2026-07-15 00:14:19 -0400,2026-07-22 18:36:36 -0400
3231,17971,275,owned,"{""source_relationship"":""delinquent_owner""}",2026-07-15 00:14:19 -0400,2026-07-22 18:36:36 -0400
3232,17972,1614,married_from,{},2026-07-15 00:41:25 -0400,2026-07-15 00:41:25 -0400
3233,17972,1637,bride,{},2026-07-15 00:41:25 -0400,2026-07-15 00:41:25 -0400
3234,17973,1614,owned,"{""source_relationship"":""owner""}",2026-07-15 00:41:25 -0400,2026-07-22 18:34:47 -0400
3235,17974,1614,purchased,"{""source_relationship"":""buyer""}",2026-07-15 00:41:25 -0400,2026-07-22 18:37:22 -0400
3236,17975,1614,purchased,"{""source_relationship"":""buyer""}",2026-07-15 00:41:25 -0400,2026-07-22 18:37:22 -0400
3237,17976,1614,party_to_suit,"{""source_relationship"":""judgment_against""}",2026-07-15 00:41:26 -0400,2026-07-22 18:33:59 -0400
3238,17977,1614,grantor_grantee,{},2026-07-15 00:41:26 -0400,2026-07-15 00:41:26 -0400
3239,17978,1614,grantor_grantee,{},2026-07-15 00:41:26 -0400,2026-07-15 00:41:26 -0400
3240,17979,1615,hosted,"{""source_relationship"":""guests""}",2026-07-15 00:41:26 -0400,2026-07-22 18:37:46 -0400
3241,17980,1614,investor,{},2026-07-15 00:41:26 -0400,2026-07-15 00:41:26 -0400
3242,17981,1614,party_to_suit,"{""source_relationship"":""defendant""}",2026-07-15 00:41:27 -0400,2026-07-22 18:34:26 -0400
3243,17982,1614,sold,"{""source_relationship"":""seller""}",2026-07-15 00:41:27 -0400,2026-07-22 18:33:40 -0400
3245,17983,1614,perpetrator_of,"{""source_relationship"":""raided""}",2026-07-15 00:41:27 -0400,2026-07-22 18:34:43 -0400
3246,17984,1614,trustee_of,"{""source_relationship"":""straw_grantee""}",2026-07-15 00:41:27 -0400,2026-07-22 18:40:11 -0400
3247,17984,1643,purchased,"{""source_relationship"":""grantee""}",2026-07-15 00:41:28 -0400,2026-07-22 18:35:21 -0400
3248,17984,1644,sold,"{""source_relationship"":""grantor""}",2026-07-15 00:41:28 -0400,2026-07-22 18:38:19 -0400
3249,17985,1638,bride,{},2026-07-15 00:41:28 -0400,2026-07-15 00:41:28 -0400
3250,17985,1615,family_of_bride,{},2026-07-15 00:41:28 -0400,2026-07-15 00:41:28 -0400
3251,17986,1639,bride,{},2026-07-15 00:41:28 -0400,2026-07-15 00:41:28 -0400
3252,17986,1644,family_of_groom,{},2026-07-15 00:41:29 -0400,2026-07-15 00:41:29 -0400
3253,17987,1637,died_at,"{""source_relationship"":""deceased""}",2026-07-15 00:41:29 -0400,2026-07-22 18:35:12 -0400
3254,17987,1614,widower,{},2026-07-15 00:41:29 -0400,2026-07-15 00:41:29 -0400
3255,17988,1614,died_at,"{""source_relationship"":""deceased""}",2026-07-15 00:41:29 -0400,2026-07-22 18:35:13 -0400
3256,17990,1614,purchased,"{""source_relationship"":""buyer""}",2026-07-15 00:41:29 -0400,2026-07-22 18:37:22 -0400
3257,17991,1614,sold,"{""source_relationship"":""seller""}",2026-07-15 00:41:29 -0400,2026-07-22 18:33:40 -0400
3258,17991,1641,purchased,"{""source_relationship"":""buyer""}",2026-07-15 00:41:30 -0400,2026-07-22 18:37:23 -0400
3259,17992,1614,purchased,"{""source_relationship"":""buyer""}",2026-07-15 00:41:30 -0400,2026-07-22 18:37:23 -0400
3260,17993,1614,party_to_suit,"{""source_relationship"":""petitioner""}",2026-07-15 00:41:30 -0400,2026-07-22 18:35:04 -0400
3261,17994,1614,sold,"{""source_relationship"":""seller""}",2026-07-15 00:41:30 -0400,2026-07-22 18:33:40 -0400
3262,17994,1642,purchased,"{""source_relationship"":""buyer""}",2026-07-15 00:41:30 -0400,2026-07-22 18:37:23 -0400
3263,17991,1598,family_arrives,{},2026-07-15 00:41:31 -0400,2026-07-15 00:41:31 -0400
3264,17995,1640,grantor_grantee,{},2026-07-15 00:57:57 -0400,2026-07-15 00:57:57 -0400
3265,17996,1640,died_at,"{""source_relationship"":""deceased_candidate""}",2026-07-15 00:57:57 -0400,2026-07-22 18:36:22 -0400
3266,17996,1645,trustee_of,"{""source_relationship"":""executrix""}",2026-07-15 00:57:58 -0400,2026-07-22 18:34:34 -0400
3267,17997,1640,identity_file,{},2026-07-15 00:57:58 -0400,2026-07-15 00:57:58 -0400
3268,17998,1646,operated_at,{},2026-07-15 01:07:21 -0400,2026-07-15 01:07:21 -0400
3269,17998,1647,located_in,{},2026-07-15 01:07:21 -0400,2026-07-15 01:07:21 -0400
3270,17999,1648,operated_at,{},2026-07-15 01:07:21 -0400,2026-07-15 01:07:21 -0400
3271,18000,1648,headquartered_at,{},2026-07-15 01:07:21 -0400,2026-07-15 01:07:21 -0400
3272,18001,1649,depicted_in,"{""source_relationship"":""filmed_at""}",2026-07-15 01:13:47 -0400,2026-07-22 18:33:56 -0400
3273,18001,1650,set_at,{},2026-07-15 01:13:48 -0400,2026-07-15 01:13:48 -0400
3274,18001,1651,performed_at,"{""source_relationship"":""performed_role""}",2026-07-15 01:13:48 -0400,2026-07-22 18:38:50 -0400
3275,18002,1039,owner_seller,{},2026-07-15 01:13:48 -0400,2026-07-15 01:13:48 -0400
3276,18002,1650,fame_source,{},2026-07-15 01:13:48 -0400,2026-07-15 01:13:48 -0400
3277,5118,1652,owned,"{""source_relationship"":""prior_owner_recited""}",2026-07-15 01:23:30 -0400,2026-07-22 18:34:53 -0400
3278,5118,1653,estate,{},2026-07-15 01:23:30 -0400,2026-07-15 01:23:30 -0400
3280,5120,1034,sold,"{""source_relationship"":""seller""}",2026-07-15 01:23:31 -0400,2026-07-22 18:33:41 -0400
3281,5120,1654,purchased,"{""source_relationship"":""buyer""}",2026-07-15 01:23:31 -0400,2026-07-22 18:37:23 -0400
3282,5121,1654,sold,"{""source_relationship"":""seller""}",2026-07-15 01:23:31 -0400,2026-07-22 18:33:41 -0400
3283,5121,1655,purchased,"{""source_relationship"":""buyer""}",2026-07-15 01:23:32 -0400,2026-07-22 18:37:23 -0400
3284,5122,1655,sold,"{""source_relationship"":""grantor""}",2026-07-15 01:23:32 -0400,2026-07-22 18:38:20 -0400
3286,5123,1039,sold,"{""source_relationship"":""seller""}",2026-07-15 01:23:32 -0400,2026-07-22 18:33:41 -0400
3288,5123,1656,purchased,"{""source_relationship"":""buyer""}",2026-07-15 01:23:33 -0400,2026-07-22 18:37:24 -0400
3292,5124,1040,sold,"{""source_relationship"":""seller""}",2026-07-15 01:23:34 -0400,2026-07-22 18:33:41 -0400
3293,5124,1656,owned,"{""source_relationship"":""sole_owner""}",2026-07-15 01:23:34 -0400,2026-07-22 18:37:14 -0400
3294,18006,1652,died_at,"{""source_relationship"":""deceased""}",2026-07-15 01:30:02 -0400,2026-07-22 18:35:13 -0400
3295,18006,1658,widow,{},2026-07-15 01:30:02 -0400,2026-07-15 01:30:02 -0400
3296,18007,1660,died_at,"{""source_relationship"":""deceased""}",2026-07-15 01:30:02 -0400,2026-07-22 18:35:13 -0400
3297,18008,1659,died_at,"{""source_relationship"":""deceased""}",2026-07-15 01:30:02 -0400,2026-07-22 18:35:13 -0400
3298,18008,1652,died_at,"{""source_relationship"":""father_of_deceased""}",2026-07-15 01:30:02 -0400,2026-07-22 18:34:41 -0400
3299,18008,1633,led,"{""source_relationship"":""principal_of""}",2026-07-15 01:30:03 -0400,2026-07-22 18:37:27 -0400
3300,18009,1661,operated_at,"{""source_relationship"":""operates_at""}",2026-07-15 01:30:03 -0400,2026-07-22 18:36:55 -0400
3301,18009,1656,operated_at,"{""source_relationship"":""proprietor""}",2026-07-15 01:30:03 -0400,2026-07-22 18:34:07 -0400
3302,18010,1662,revival_of,{},2026-07-15 01:37:54 -0400,2026-07-15 01:37:54 -0400
3303,18010,1663,depicted_in,"{""source_relationship"":""depicts""}",2026-07-15 01:37:55 -0400,2026-07-22 18:37:14 -0400
3304,18011,1664,depicted_in,"{""source_relationship"":""depicts""}",2026-07-15 01:37:55 -0400,2026-07-22 18:37:14 -0400
3305,18013,1665,declarant,{},2026-07-15 01:37:55 -0400,2026-07-15 01:37:55 -0400
3306,18013,666,husband,{},2026-07-15 01:37:55 -0400,2026-07-15 01:37:55 -0400
3307,18014,1666,operated_at,{},2026-07-15 01:41:19 -0400,2026-07-15 01:41:19 -0400
3308,18015,1667,operated_at,{},2026-07-15 01:41:19 -0400,2026-07-15 01:41:19 -0400
3309,18016,750,depicted_in,"{""source_relationship"":""depicts""}",2026-07-15 01:45:20 -0400,2026-07-22 18:37:14 -0400
3310,18016,1669,across_street,{},2026-07-15 01:45:21 -0400,2026-07-15 01:45:21 -0400
3311,18016,1670,across_street,{},2026-07-15 01:45:21 -0400,2026-07-15 01:45:21 -0400
3312,18017,672,depicted_in,"{""source_relationship"":""depicts""}",2026-07-15 01:45:21 -0400,2026-07-22 18:37:15 -0400
3313,18017,1672,related_to,"{""source_relationship"":""adjacent""}",2026-07-15 01:45:21 -0400,2026-07-22 18:36:49 -0400
3314,18018,1673,operated_at,{},2026-07-15 01:55:10 -0400,2026-07-15 01:55:10 -0400
3315,18019,1673,hosted,"{""source_relationship"":""venue""}",2026-07-15 01:55:10 -0400,2026-07-22 18:35:11 -0400
3316,18020,1673,played_for,"{""source_relationship"":""team_sponsor""}",2026-07-15 01:55:11 -0400,2026-07-22 18:36:35 -0400
3317,18021,1673,patron_collective,{},2026-07-15 01:55:11 -0400,2026-07-15 01:55:11 -0400
3318,18022,1673,subject_of,"{""source_relationship"":""immortalized""}",2026-07-15 01:55:11 -0400,2026-07-22 18:37:20 -0400
3319,18022,1674,listed_in,"{""source_relationship"":""recorded_tribute""}",2026-07-15 01:55:11 -0400,2026-07-22 18:36:52 -0400
3320,18022,1675,label,{},2026-07-15 01:55:11 -0400,2026-07-15 01:55:11 -0400
3321,18023,1676,advertised_in,"{""source_relationship"":""advertiser""}",2026-07-15 01:55:11 -0400,2026-07-22 18:37:17 -0400
3322,18024,1677,played_for,"{""source_relationship"":""team""}",2026-07-15 01:55:12 -0400,2026-07-22 18:36:45 -0400
3323,18026,1678,operated_at,{},2026-07-15 01:55:12 -0400,2026-07-15 01:55:12 -0400
3324,18027,646,operated_at,{},2026-07-15 01:55:12 -0400,2026-07-22 18:00:26 -0400
3325,18025,87,operated_at,{},2026-07-15 01:55:12 -0400,2026-07-22 17:54:37 -0400
3326,18028,1682,operated_at,"{""source_relationship"":""proprietor""}",2026-07-15 01:58:17 -0400,2026-07-22 18:34:07 -0400
3327,18028,1683,operated_at,{},2026-07-15 01:58:17 -0400,2026-07-15 01:58:17 -0400
3328,18029,1680,purchased,"{""source_relationship"":""buyer""}",2026-07-15 01:58:17 -0400,2026-07-22 18:37:24 -0400
3329,18029,1681,founded,"{""source_relationship"":""cofounder""}",2026-07-15 01:58:17 -0400,2026-07-22 18:36:21 -0400
3330,18030,1680,purchased,"{""source_relationship"":""buyer""}",2026-07-15 01:58:17 -0400,2026-07-22 18:37:24 -0400
3331,18030,1684,supporter,{},2026-07-15 01:58:18 -0400,2026-07-15 01:58:18 -0400
3332,18022,1685,producer,{},2026-07-15 02:18:43 -0400,2026-07-15 02:18:43 -0400
3333,18032,98,operated_at,{},2026-07-15 02:21:40 -0400,2026-07-22 18:00:27 -0400
3334,18033,1645,sold,"{""source_relationship"":""grantor""}",2026-07-15 03:03:14 -0400,2026-07-22 18:38:20 -0400
3335,18033,1687,purchased,"{""source_relationship"":""grantee""}",2026-07-15 03:03:14 -0400,2026-07-22 18:35:22 -0400
3336,18033,1688,purchased,"{""source_relationship"":""grantee""}",2026-07-15 03:03:14 -0400,2026-07-22 18:35:22 -0400
3337,18033,1640,trustee_of,"{""source_relationship"":""testator""}",2026-07-15 03:03:14 -0400,2026-07-22 18:36:18 -0400
3338,18033,1696,represented,"{""source_relationship"":""notary""}",2026-07-15 03:03:15 -0400,2026-07-22 18:36:52 -0400
3339,18034,1699,lent_to,"{""source_relationship"":""mortgagee""}",2026-07-15 03:03:15 -0400,2026-07-22 18:34:01 -0400
3340,18034,1687,borrowed_from,"{""source_relationship"":""mortgagor""}",2026-07-15 03:03:15 -0400,2026-07-22 18:34:32 -0400
3341,18034,1688,borrowed_from,"{""source_relationship"":""mortgagor""}",2026-07-15 03:03:15 -0400,2026-07-22 18:34:32 -0400
3342,18034,1696,represented,"{""source_relationship"":""attorney""}",2026-07-15 03:03:15 -0400,2026-07-22 18:37:29 -0400
3343,18034,1697,prior_assignor_319_e_27th,{},2026-07-15 03:03:15 -0400,2026-07-15 03:03:15 -0400
3344,18035,1694,leased,"{""source_relationship"":""lessor""}",2026-07-15 03:03:16 -0400,2026-07-22 18:38:46 -0400
3345,18035,1695,leased,"{""source_relationship"":""lessee""}",2026-07-15 03:03:16 -0400,2026-07-22 18:38:50 -0400
3346,18036,1694,sold,"{""source_relationship"":""grantor""}",2026-07-15 03:03:16 -0400,2026-07-22 18:38:20 -0400
3347,18036,1701,purchased,"{""source_relationship"":""grantee""}",2026-07-15 03:03:16 -0400,2026-07-22 18:35:22 -0400
3348,18037,290,assignor,{},2026-07-15 03:03:16 -0400,2026-07-15 03:03:16 -0400
3349,18037,1689,assignor,{},2026-07-15 03:03:16 -0400,2026-07-15 03:03:16 -0400
3350,18037,1687,assignee,{},2026-07-15 03:03:17 -0400,2026-07-15 03:03:17 -0400
3351,18037,1688,assignee,{},2026-07-15 03:03:17 -0400,2026-07-15 03:03:17 -0400
3352,18037,1693,prior_assignor,{},2026-07-15 03:03:17 -0400,2026-07-15 03:03:17 -0400
3353,18038,1690,lent_to,"{""source_relationship"":""mortgagee""}",2026-07-15 03:03:17 -0400,2026-07-22 18:34:01 -0400
3354,18038,1691,represented,"{""source_relationship"":""attorney""}",2026-07-15 03:03:17 -0400,2026-07-22 18:37:29 -0400
3355,18038,1692,witness,{},2026-07-15 03:03:18 -0400,2026-07-15 03:03:18 -0400
3356,18039,290,lent_to,"{""source_relationship"":""mortgagee""}",2026-07-15 03:03:18 -0400,2026-07-22 18:34:01 -0400
3357,18039,1689,lent_to,"{""source_relationship"":""mortgagee""}",2026-07-15 03:03:18 -0400,2026-07-22 18:34:02 -0400
3358,18040,1701,sold,"{""source_relationship"":""grantor""}",2026-07-15 03:03:18 -0400,2026-07-22 18:38:20 -0400
3359,18040,1687,purchased,"{""source_relationship"":""grantee""}",2026-07-15 03:03:18 -0400,2026-07-22 18:35:22 -0400
3360,18040,1688,purchased,"{""source_relationship"":""grantee""}",2026-07-15 03:03:19 -0400,2026-07-22 18:35:22 -0400
3361,18041,1700,lent_to,"{""source_relationship"":""mortgagee""}",2026-07-15 03:03:19 -0400,2026-07-22 18:34:02 -0400
3362,17956,1627,trustee_of,"{""source_relationship"":""straw_party""}",2026-07-15 03:03:19 -0400,2026-07-22 18:37:57 -0400
3363,17956,1688,grantor_grantee,{},2026-07-15 03:03:19 -0400,2026-07-15 03:03:19 -0400
3364,17956,273,leased,"{""source_relationship"":""joint_tenant""}",2026-07-15 03:03:19 -0400,2026-07-22 18:34:55 -0400
3365,17956,1698,leased,"{""source_relationship"":""joint_tenant""}",2026-07-15 03:03:20 -0400,2026-07-22 18:34:55 -0400
3366,17956,1687,owned,"{""source_relationship"":""deceased_prior_owner""}",2026-07-15 03:03:20 -0400,2026-07-22 18:40:02 -0400
3367,17958,1627,trustee_of,"{""source_relationship"":""straw_party""}",2026-07-15 03:03:20 -0400,2026-07-22 18:37:57 -0400
3368,17958,1688,grantor_grantee,{},2026-07-15 03:03:20 -0400,2026-07-15 03:03:20 -0400
3369,17958,273,leased,"{""source_relationship"":""joint_tenant""}",2026-07-15 03:03:20 -0400,2026-07-22 18:34:56 -0400
3370,17958,1698,leased,"{""source_relationship"":""joint_tenant""}",2026-07-15 03:03:21 -0400,2026-07-22 18:34:56 -0400
3371,17958,1687,owned,"{""source_relationship"":""deceased_prior_owner""}",2026-07-15 03:03:21 -0400,2026-07-22 18:40:02 -0400
3372,18042,1652,sold,"{""source_relationship"":""grantor""}",2026-07-15 03:19:50 -0400,2026-07-22 18:38:20 -0400
3373,18042,1658,sold,"{""source_relationship"":""grantor""}",2026-07-15 03:19:50 -0400,2026-07-22 18:38:20 -0400
3374,18042,1702,purchased,"{""source_relationship"":""grantee""}",2026-07-15 03:19:50 -0400,2026-07-22 18:35:22 -0400
3375,18042,1043,purchased,"{""source_relationship"":""grantee""}",2026-07-15 03:19:50 -0400,2026-07-22 18:35:23 -0400
3376,18042,1653,purchased,"{""source_relationship"":""grantee_family""}",2026-07-15 03:19:50 -0400,2026-07-22 18:34:28 -0400
3377,18043,1703,lent_to,"{""source_relationship"":""mortgagee""}",2026-07-15 03:19:51 -0400,2026-07-22 18:34:02 -0400
3378,18043,1702,borrowed_from,"{""source_relationship"":""mortgagor""}",2026-07-15 03:19:51 -0400,2026-07-22 18:34:32 -0400
3379,18043,1043,borrowed_from,"{""source_relationship"":""mortgagor""}",2026-07-15 03:19:51 -0400,2026-07-22 18:34:32 -0400
3380,18044,1706,sold,"{""source_relationship"":""grantor""}",2026-07-15 03:19:51 -0400,2026-07-22 18:38:21 -0400
3381,18044,1707,sold,"{""source_relationship"":""grantor""}",2026-07-15 03:19:51 -0400,2026-07-22 18:38:21 -0400
3382,18044,1652,purchased,"{""source_relationship"":""grantee""}",2026-07-15 03:19:51 -0400,2026-07-22 18:35:23 -0400
3383,18044,1658,purchased,"{""source_relationship"":""grantee""}",2026-07-15 03:19:52 -0400,2026-07-22 18:35:23 -0400
3384,18044,1708,owned,"{""source_relationship"":""prior_owner""}",2026-07-15 03:19:52 -0400,2026-07-22 18:34:42 -0400
3385,18044,1705,lent_to,"{""source_relationship"":""prior_mortgagee_released""}",2026-07-15 03:19:52 -0400,2026-07-22 18:33:52 -0400
3386,18045,1704,lent_to,"{""source_relationship"":""mortgagee""}",2026-07-15 03:19:52 -0400,2026-07-22 18:34:02 -0400
3387,18045,1652,borrowed_from,"{""source_relationship"":""mortgagor""}",2026-07-15 03:19:52 -0400,2026-07-22 18:34:32 -0400
3388,18045,1658,borrowed_from,"{""source_relationship"":""mortgagor""}",2026-07-15 03:19:52 -0400,2026-07-22 18:34:33 -0400
3389,18046,1641,sold,"{""source_relationship"":""grantor""}",2026-07-15 03:19:52 -0400,2026-07-22 18:38:21 -0400
3390,18046,1599,purchased,"{""source_relationship"":""grantee""}",2026-07-15 03:19:53 -0400,2026-07-22 18:35:23 -0400
3391,18046,1609,purchased,"{""source_relationship"":""grantee""}",2026-07-15 03:19:53 -0400,2026-07-22 18:35:23 -0400
3392,18004,152,sold,"{""source_relationship"":""grantor""}",2026-07-15 03:19:53 -0400,2026-07-22 18:38:21 -0400
3393,18004,1709,owned,"{""source_relationship"":""prior_owner""}",2026-07-15 03:19:53 -0400,2026-07-22 18:34:42 -0400
3394,18004,1040,purchased,"{""source_relationship"":""grantee""}",2026-07-15 03:19:53 -0400,2026-07-22 18:35:24 -0400
3395,18004,1656,purchased,"{""source_relationship"":""grantee""}",2026-07-15 03:19:53 -0400,2026-07-22 18:35:24 -0400
3396,18051,1710,sold,"{""source_relationship"":""grantor""}",2026-07-15 05:06:21 -0400,2026-07-22 18:38:21 -0400
3397,18051,1694,purchased,"{""source_relationship"":""grantee""}",2026-07-15 05:06:21 -0400,2026-07-22 18:35:24 -0400
3398,18057,1710,sold,"{""source_relationship"":""grantor""}",2026-07-15 05:06:22 -0400,2026-07-22 18:38:22 -0400
3399,18057,1694,purchased,"{""source_relationship"":""grantee""}",2026-07-15 05:06:22 -0400,2026-07-22 18:35:24 -0400
3400,18060,1710,sold,"{""source_relationship"":""grantor""}",2026-07-15 05:06:22 -0400,2026-07-22 18:38:22 -0400
3401,18060,1694,purchased,"{""source_relationship"":""grantee""}",2026-07-15 05:06:22 -0400,2026-07-22 18:35:24 -0400
3402,18068,1710,sold,"{""source_relationship"":""grantor""}",2026-07-15 05:06:22 -0400,2026-07-22 18:38:22 -0400
3403,18068,1694,purchased,"{""source_relationship"":""grantee""}",2026-07-15 05:06:22 -0400,2026-07-22 18:35:24 -0400
3404,18052,1694,leased,"{""source_relationship"":""lessor""}",2026-07-15 05:06:23 -0400,2026-07-22 18:38:46 -0400
3405,18052,1695,leased,"{""source_relationship"":""lessee_builder""}",2026-07-15 05:06:23 -0400,2026-07-22 18:36:39 -0400
3406,18054,1694,sold,"{""source_relationship"":""grantor""}",2026-07-15 05:06:23 -0400,2026-07-22 18:38:22 -0400
3407,18054,1712,purchased,"{""source_relationship"":""grantee""}",2026-07-15 05:06:23 -0400,2026-07-22 18:35:24 -0400
3408,18061,1694,leased,"{""source_relationship"":""lessor""}",2026-07-15 05:06:23 -0400,2026-07-22 18:38:46 -0400
3409,18061,1695,leased,"{""source_relationship"":""lessee_builder""}",2026-07-15 05:06:23 -0400,2026-07-22 18:36:39 -0400
3410,18062,1694,sold,"{""source_relationship"":""grantor""}",2026-07-15 05:06:24 -0400,2026-07-22 18:38:22 -0400
3411,18062,1712,purchased,"{""source_relationship"":""grantee""}",2026-07-15 05:06:24 -0400,2026-07-22 18:35:25 -0400
3412,18069,1694,leased,"{""source_relationship"":""lessor""}",2026-07-15 05:06:24 -0400,2026-07-22 18:38:46 -0400
3413,18069,1695,leased,"{""source_relationship"":""lessee_builder""}",2026-07-15 05:06:24 -0400,2026-07-22 18:36:39 -0400
3414,18070,1694,sold,"{""source_relationship"":""grantor""}",2026-07-15 05:06:24 -0400,2026-07-22 18:38:22 -0400
3415,18070,1712,purchased,"{""source_relationship"":""grantee""}",2026-07-15 05:06:24 -0400,2026-07-22 18:35:25 -0400
3416,18053,1695,borrowed_from,"{""source_relationship"":""mortgagor""}",2026-07-15 05:06:25 -0400,2026-07-22 18:34:33 -0400
3417,18053,1711,lent_to,"{""source_relationship"":""creditor""}",2026-07-15 05:06:25 -0400,2026-07-22 18:35:01 -0400
3418,18055,1712,sold,"{""source_relationship"":""grantor""}",2026-07-15 05:06:25 -0400,2026-07-22 18:38:23 -0400
3419,18055,1614,purchased,"{""source_relationship"":""grantee""}",2026-07-15 05:06:25 -0400,2026-07-22 18:35:25 -0400
3420,18056,1614,sold,"{""source_relationship"":""grantor""}",2026-07-15 05:06:25 -0400,2026-07-22 18:38:23 -0400
3421,18056,1637,purchased,"{""source_relationship"":""grantee""}",2026-07-15 05:06:26 -0400,2026-07-22 18:35:25 -0400
3422,18058,290,sold,"{""source_relationship"":""grantor""}",2026-07-15 05:06:26 -0400,2026-07-22 18:38:23 -0400
3423,18058,291,purchased,"{""source_relationship"":""grantee""}",2026-07-15 05:06:26 -0400,2026-07-22 18:35:25 -0400
3424,18059,1614,sold,"{""source_relationship"":""grantor""}",2026-07-15 05:06:26 -0400,2026-07-22 18:38:23 -0400
3425,18059,290,purchased,"{""source_relationship"":""grantee""}",2026-07-15 05:06:26 -0400,2026-07-22 18:35:25 -0400
3426,18063,1614,sold,"{""source_relationship"":""grantor""}",2026-07-15 05:06:26 -0400,2026-07-22 18:38:23 -0400
3427,18063,1637,sold,"{""source_relationship"":""grantor""}",2026-07-15 05:06:27 -0400,2026-07-22 18:38:24 -0400
3428,18063,1641,purchased,"{""source_relationship"":""grantee""}",2026-07-15 05:06:27 -0400,2026-07-22 18:35:26 -0400
3429,18063,1717,purchased,"{""source_relationship"":""grantee""}",2026-07-15 05:06:27 -0400,2026-07-22 18:35:26 -0400
3430,18063,1720,owned,"{""source_relationship"":""prior_owner""}",2026-07-15 05:06:27 -0400,2026-07-22 18:34:42 -0400
3431,18063,1696,represented,"{""source_relationship"":""notary""}",2026-07-15 05:06:27 -0400,2026-07-22 18:36:53 -0400
3432,18064,1641,borrowed_from,"{""source_relationship"":""mortgagor""}",2026-07-15 05:06:27 -0400,2026-07-22 18:34:33 -0400
3433,18064,1717,borrowed_from,"{""source_relationship"":""mortgagor""}",2026-07-15 05:06:28 -0400,2026-07-22 18:34:33 -0400
3434,18064,1699,lent_to,"{""source_relationship"":""lender""}",2026-07-15 05:06:28 -0400,2026-07-22 18:38:59 -0400
3435,18064,1614,lent_to,"{""source_relationship"":""lender""}",2026-07-15 05:06:28 -0400,2026-07-22 18:38:59 -0400
3436,18064,1721,led,"{""source_relationship"":""officer""}",2026-07-15 05:06:28 -0400,2026-07-22 18:38:34 -0400
3437,18065,1701,sold,"{""source_relationship"":""grantor""}",2026-07-15 05:06:28 -0400,2026-07-22 18:38:24 -0400
3438,18065,1641,purchased,"{""source_relationship"":""grantee""}",2026-07-15 05:06:28 -0400,2026-07-22 18:35:26 -0400
3439,18065,1717,purchased,"{""source_relationship"":""grantee""}",2026-07-15 05:06:29 -0400,2026-07-22 18:35:26 -0400
3440,18066,1641,sold,"{""source_relationship"":""grantor""}",2026-07-15 05:06:29 -0400,2026-07-22 18:38:24 -0400
3441,18066,1717,sold,"{""source_relationship"":""grantor""}",2026-07-15 05:06:29 -0400,2026-07-22 18:38:24 -0400
3442,18066,1716,trustee_of,"{""source_relationship"":""straw_party""}",2026-07-15 05:06:29 -0400,2026-07-22 18:37:57 -0400
3443,18066,1719,trustee_of,"{""source_relationship"":""remainderman""}",2026-07-15 05:06:29 -0400,2026-07-22 18:37:26 -0400
3444,18066,297,trustee_of,"{""source_relationship"":""remainderman""}",2026-07-15 05:06:29 -0400,2026-07-22 18:37:26 -0400
3445,18066,1718,trustee_of,"{""source_relationship"":""remainderman""}",2026-07-15 05:06:30 -0400,2026-07-22 18:37:26 -0400
3446,18066,300,trustee_of,"{""source_relationship"":""remainderman""}",2026-07-15 05:06:30 -0400,2026-07-22 18:37:26 -0400
3447,18066,1605,represented,"{""source_relationship"":""notary""}",2026-07-15 05:06:30 -0400,2026-07-22 18:36:53 -0400
3448,18067,1641,sold,"{""source_relationship"":""grantor""}",2026-07-15 05:06:30 -0400,2026-07-22 18:38:24 -0400
3449,18067,1719,purchased,"{""source_relationship"":""grantee""}",2026-07-15 05:06:30 -0400,2026-07-22 18:35:26 -0400
3450,18067,297,purchased,"{""source_relationship"":""grantee""}",2026-07-15 05:06:31 -0400,2026-07-22 18:35:26 -0400
3451,18067,1716,trustee_of,"{""source_relationship"":""prior_straw""}",2026-07-15 05:06:31 -0400,2026-07-22 18:38:03 -0400
3452,18067,1605,represented,"{""source_relationship"":""notary""}",2026-07-15 05:06:31 -0400,2026-07-22 18:36:53 -0400
3453,18071,1710,sold,"{""source_relationship"":""grantor""}",2026-07-15 05:06:31 -0400,2026-07-22 18:38:24 -0400
3454,18071,1713,purchased,"{""source_relationship"":""grantee""}",2026-07-15 05:06:31 -0400,2026-07-22 18:35:27 -0400
3455,18072,1714,sold,"{""source_relationship"":""grantor""}",2026-07-15 05:06:31 -0400,2026-07-22 18:38:25 -0400
3456,18072,1715,sold,"{""source_relationship"":""grantor""}",2026-07-15 05:06:32 -0400,2026-07-22 18:38:25 -0400
3457,18072,152,purchased,"{""source_relationship"":""grantee""}",2026-07-15 05:06:32 -0400,2026-07-22 18:35:27 -0400
3458,18073,1706,borrowed_from,"{""source_relationship"":""mortgagor""}",2026-07-15 05:06:32 -0400,2026-07-22 18:34:33 -0400
3459,18073,1707,borrowed_from,"{""source_relationship"":""mortgagor""}",2026-07-15 05:06:32 -0400,2026-07-22 18:34:34 -0400
3460,18073,1705,lent_to,"{""source_relationship"":""lender""}",2026-07-15 05:06:32 -0400,2026-07-22 18:38:59 -0400
3461,18074,1710,sold,"{""source_relationship"":""grantor""}",2026-07-15 05:06:32 -0400,2026-07-22 18:38:25 -0400
3462,18074,1713,purchased,"{""source_relationship"":""grantee""}",2026-07-15 05:06:32 -0400,2026-07-22 18:35:27 -0400
3463,18075,84,sold,"{""source_relationship"":""grantor""}",2026-07-15 05:06:33 -0400,2026-07-22 18:38:25 -0400
3464,18075,1722,purchased,"{""source_relationship"":""grantee""}",2026-07-15 05:06:33 -0400,2026-07-22 18:35:27 -0400
3465,18076,152,sold,"{""source_relationship"":""grantor""}",2026-07-15 05:06:33 -0400,2026-07-22 18:38:25 -0400
3466,18076,1709,purchased,"{""source_relationship"":""grantee""}",2026-07-15 05:06:33 -0400,2026-07-22 18:35:27 -0400
3467,18076,1722,owned,"{""source_relationship"":""prior_owner""}",2026-07-15 05:06:33 -0400,2026-07-22 18:34:42 -0400
3468,17982,1645,purchased,"{""source_relationship"":""grantee""}",2026-07-15 05:06:33 -0400,2026-07-22 18:35:28 -0400
3469,17982,1640,purchased,"{""source_relationship"":""grantee""}",2026-07-15 05:06:34 -0400,2026-07-22 18:35:28 -0400
3470,18080,1680,purchased,"{""source_relationship"":""buyer""}",2026-07-15 05:51:42 -0400,2026-07-22 18:37:25 -0400
3471,18080,1724,purchased,"{""source_relationship"":""buyer""}",2026-07-15 05:51:43 -0400,2026-07-22 18:37:25 -0400
3472,18080,1725,sold,"{""source_relationship"":""seller""}",2026-07-15 05:51:43 -0400,2026-07-22 18:33:41 -0400
3473,18080,1726,signatory,{},2026-07-15 05:51:43 -0400,2026-07-15 05:51:43 -0400
3474,18080,1733,represented,"{""source_relationship"":""attorney""}",2026-07-15 05:51:43 -0400,2026-07-22 18:37:29 -0400
3475,18079,1725,purchased,"{""source_relationship"":""buyer""}",2026-07-15 05:51:43 -0400,2026-07-22 18:37:25 -0400
3476,18077,1727,sold,"{""source_relationship"":""grantor""}",2026-07-15 05:51:43 -0400,2026-07-22 18:38:26 -0400
3477,18077,1728,purchased,"{""source_relationship"":""grantee""}",2026-07-15 05:51:44 -0400,2026-07-22 18:35:28 -0400
3478,18078,1732,sold,"{""source_relationship"":""grantor""}",2026-07-15 05:51:44 -0400,2026-07-22 18:38:26 -0400
3479,18078,1730,purchased,"{""source_relationship"":""grantee""}",2026-07-15 05:51:44 -0400,2026-07-22 18:35:28 -0400
3480,18084,1724,purchased,"{""source_relationship"":""buyer""}",2026-07-15 05:51:44 -0400,2026-07-22 18:37:25 -0400
3481,18084,1682,sold,"{""source_relationship"":""seller""}",2026-07-15 05:51:44 -0400,2026-07-22 18:33:41 -0400
3482,18084,1680,purchased,"{""source_relationship"":""buyer""}",2026-07-15 05:51:44 -0400,2026-07-22 18:37:25 -0400
3483,18084,1733,represented,"{""source_relationship"":""attorney""}",2026-07-15 05:51:45 -0400,2026-07-22 18:37:29 -0400
3484,18083,1729,sold,"{""source_relationship"":""grantor""}",2026-07-15 05:51:45 -0400,2026-07-22 18:38:26 -0400
3485,18083,1682,purchased,"{""source_relationship"":""grantee""}",2026-07-15 05:51:45 -0400,2026-07-22 18:35:28 -0400
3486,18082,1730,sold,"{""source_relationship"":""grantor""}",2026-07-15 05:51:45 -0400,2026-07-22 18:38:26 -0400
3487,18082,1732,purchased,"{""source_relationship"":""grantee""}",2026-07-15 05:51:45 -0400,2026-07-22 18:35:28 -0400
3488,18081,1731,purchased,"{""source_relationship"":""grantee""}",2026-07-15 05:51:46 -0400,2026-07-22 18:35:29 -0400
3489,18085,1735,lived_at,"{""source_relationship"":""resident""}",2026-07-15 06:02:47 -0400,2026-07-22 18:35:16 -0400
3490,18086,1614,operated_at,"{""source_relationship"":""operator""}",2026-07-15 06:02:47 -0400,2026-07-22 18:37:59 -0400
3491,18086,1687,operated_at,"{""source_relationship"":""operator""}",2026-07-15 06:02:47 -0400,2026-07-22 18:37:59 -0400
3492,18086,1640,operated_at,"{""source_relationship"":""operator""}",2026-07-15 06:02:47 -0400,2026-07-22 18:37:59 -0400
3493,18087,1687,lived_at,"{""source_relationship"":""resident""}",2026-07-15 06:02:48 -0400,2026-07-22 18:35:16 -0400
3494,18087,1688,lived_at,"{""source_relationship"":""resident""}",2026-07-15 06:02:48 -0400,2026-07-22 18:35:16 -0400
3495,18087,1609,lived_at,"{""source_relationship"":""resident""}",2026-07-15 06:02:48 -0400,2026-07-22 18:35:17 -0400
3496,18088,290,operated_at,"{""source_relationship"":""operator""}",2026-07-15 06:02:48 -0400,2026-07-22 18:38:00 -0400
3497,18088,1687,operated_at,"{""source_relationship"":""operator""}",2026-07-15 06:02:48 -0400,2026-07-22 18:38:00 -0400
3498,18089,1614,operated_at,"{""source_relationship"":""operator""}",2026-07-15 06:02:49 -0400,2026-07-22 18:38:00 -0400
3499,18089,1641,operated_at,"{""source_relationship"":""operator""}",2026-07-15 06:02:49 -0400,2026-07-22 18:38:00 -0400
3500,18090,1604,lived_at,"{""source_relationship"":""resident""}",2026-07-15 06:02:49 -0400,2026-07-22 18:35:17 -0400
3501,18091,1642,lived_at,"{""source_relationship"":""resident""}",2026-07-15 06:02:49 -0400,2026-07-22 18:35:17 -0400
3502,18092,1737,operated_at,"{""source_relationship"":""operator""}",2026-07-15 06:02:49 -0400,2026-07-22 18:38:00 -0400
3503,18092,1614,operated_at,"{""source_relationship"":""operator""}",2026-07-15 06:02:50 -0400,2026-07-22 18:38:00 -0400
3504,18093,1714,operated_at,"{""source_relationship"":""operator""}",2026-07-15 06:02:50 -0400,2026-07-22 18:38:01 -0400
3505,18093,1713,operated_at,"{""source_relationship"":""operator""}",2026-07-15 06:02:50 -0400,2026-07-22 18:38:01 -0400
3506,18094,1652,lived_at,"{""source_relationship"":""resident""}",2026-07-15 06:02:50 -0400,2026-07-22 18:35:17 -0400
3507,18094,1658,lived_at,"{""source_relationship"":""resident""}",2026-07-15 06:02:51 -0400,2026-07-22 18:35:17 -0400
3508,18095,1736,operated_at,"{""source_relationship"":""operator""}",2026-07-15 06:02:51 -0400,2026-07-22 18:38:01 -0400
3509,18097,1738,led,"{""source_relationship"":""officiant""}",2026-07-15 06:38:18 -0400,2026-07-22 18:37:36 -0400
3510,18097,1739,led,"{""source_relationship"":""rector""}",2026-07-15 06:38:19 -0400,2026-07-22 18:37:20 -0400
3511,18097,1744,party_to_suit,"{""source_relationship"":""petitioner""}",2026-07-15 06:38:19 -0400,2026-07-22 18:35:04 -0400
3512,18097,487,led,"{""source_relationship"":""authority""}",2026-07-15 06:38:19 -0400,2026-07-22 18:34:38 -0400
3513,18097,1755,mother_parish,{},2026-07-15 06:38:19 -0400,2026-07-15 06:38:19 -0400
3514,18097,1754,place,{},2026-07-15 06:38:20 -0400,2026-07-15 06:38:20 -0400
3515,18098,1755,mother_parish,{},2026-07-15 06:38:20 -0400,2026-07-15 06:38:20 -0400
3516,18099,1738,led,"{""source_relationship"":""officiant""}",2026-07-15 06:38:20 -0400,2026-07-22 18:37:37 -0400
3517,18099,1748,designed,"{""source_relationship"":""architect""}",2026-07-15 06:38:20 -0400,2026-07-22 18:38:03 -0400
3518,18100,1747,benefactor,{},2026-07-15 06:38:21 -0400,2026-07-15 06:38:21 -0400
3519,18100,486,teacher,{},2026-07-15 06:38:21 -0400,2026-07-15 06:38:21 -0400
3520,18101,1751,designed,"{""source_relationship"":""architect""}",2026-07-15 06:38:21 -0400,2026-07-22 18:38:03 -0400
3521,18102,1742,led,"{""source_relationship"":""rector""}",2026-07-15 06:38:21 -0400,2026-07-22 18:37:21 -0400
3522,18102,1743,led,"{""source_relationship"":""priest_in_charge""}",2026-07-15 06:38:21 -0400,2026-07-22 18:38:01 -0400
3523,18102,1741,led,"{""source_relationship"":""rector""}",2026-07-15 06:38:22 -0400,2026-07-22 18:37:21 -0400
3524,18102,1740,led,"{""source_relationship"":""rector""}",2026-07-15 06:38:22 -0400,2026-07-22 18:37:21 -0400
3525,18103,487,led,"{""source_relationship"":""authority""}",2026-07-15 06:38:22 -0400,2026-07-22 18:34:38 -0400
3526,18104,487,led,"{""source_relationship"":""authority""}",2026-07-15 06:38:22 -0400,2026-07-22 18:34:38 -0400
3527,18105,488,purchased,"{""source_relationship"":""grantee""}",2026-07-15 06:38:23 -0400,2026-07-22 18:35:29 -0400
3528,18105,487,sold,"{""source_relationship"":""grantor""}",2026-07-15 06:38:23 -0400,2026-07-22 18:38:26 -0400
3529,18105,1756,occupied,"{""source_relationship"":""occupant""}",2026-07-15 06:38:23 -0400,2026-07-22 18:38:53 -0400
3530,18108,1738,led,"{""source_relationship"":""officiant""}",2026-07-15 06:38:23 -0400,2026-07-22 18:37:37 -0400
3531,18108,1749,designed,"{""source_relationship"":""architect""}",2026-07-15 06:38:24 -0400,2026-07-22 18:38:04 -0400
3532,18108,1746,benefactor,{},2026-07-15 06:38:24 -0400,2026-07-15 06:38:24 -0400
3533,18109,1750,designed,"{""source_relationship"":""architect""}",2026-07-15 06:38:24 -0400,2026-07-22 18:38:04 -0400
3534,18109,1746,benefactor,{},2026-07-15 06:38:24 -0400,2026-07-15 06:38:24 -0400
3535,18109,1752,built,"{""source_relationship"":""restorer""}",2026-07-15 06:38:24 -0400,2026-07-22 18:36:27 -0400
3536,18109,1741,built,"{""source_relationship"":""restorer""}",2026-07-15 06:38:25 -0400,2026-07-22 18:36:27 -0400
3537,18109,1742,built,"{""source_relationship"":""restorer""}",2026-07-15 06:38:25 -0400,2026-07-22 18:36:28 -0400
3538,18111,1745,interred_at,"{""source_relationship"":""interred""}",2026-07-15 06:38:25 -0400,2026-07-22 18:37:57 -0400
3539,18111,1744,interred_at,"{""source_relationship"":""interred""}",2026-07-15 06:38:25 -0400,2026-07-22 18:37:58 -0400
3540,18111,1753,interred_at,"{""source_relationship"":""interred""}",2026-07-15 06:38:26 -0400,2026-07-22 18:37:58 -0400
3541,18112,486,interred_at,"{""source_relationship"":""interred""}",2026-07-15 06:38:26 -0400,2026-07-22 18:37:58 -0400
3542,18114,1742,led,"{""source_relationship"":""rector""}",2026-07-15 06:38:26 -0400,2026-07-22 18:37:21 -0400
3543,18115,487,led,"{""source_relationship"":""authority""}",2026-07-15 06:38:26 -0400,2026-07-22 18:34:38 -0400
3544,18108,1757,built,"{""source_relationship"":""builder""}",2026-07-15 06:48:46 -0400,2026-07-22 18:34:03 -0400
3545,18109,1758,built,"{""source_relationship"":""builder""}",2026-07-15 06:48:46 -0400,2026-07-22 18:34:03 -0400
3546,18101,1759,built,"{""source_relationship"":""builder""}",2026-07-15 06:48:46 -0400,2026-07-22 18:34:04 -0400
3547,18116,1760,interred_at,"{""source_relationship"":""interred""}",2026-07-15 06:53:06 -0400,2026-07-22 18:37:58 -0400
3548,18116,1761,related_to,"{""source_relationship"":""context""}",2026-07-15 06:53:06 -0400,2026-07-22 18:36:43 -0400
3549,18117,1762,interred_at,"{""source_relationship"":""buried_at""}",2026-07-15 11:39:14 -0400,2026-07-22 18:38:04 -0400
3550,18118,1763,interred_at,"{""source_relationship"":""buried_at""}",2026-07-15 11:39:14 -0400,2026-07-22 18:38:05 -0400
3551,18119,1764,hosted,"{""source_relationship"":""funeral_held_from""}",2026-07-15 11:39:15 -0400,2026-07-22 18:40:00 -0400
3552,18120,1765,interred_at,"{""source_relationship"":""buried_at""}",2026-07-15 11:39:15 -0400,2026-07-22 18:38:05 -0400
3553,18121,1766,interred_at,"{""source_relationship"":""buried_at""}",2026-07-15 15:36:14 -0400,2026-07-22 18:38:05 -0400
3554,18122,1767,subject_of,{},2026-07-15 15:48:14 -0400,2026-07-15 15:48:14 -0400
3555,18123,1135,subject_of,"{""source_relationship"":""subject_of_biography""}",2026-07-15 16:48:53 -0400,2026-07-22 18:34:12 -0400
3556,18124,568,depicted_in,"{""source_relationship"":""depicted_storefront""}",2026-07-15 16:50:21 -0400,2026-07-22 18:35:10 -0400
3557,18124,1768,depicted_in,"{""source_relationship"":""adjacent_practice_depicted""}",2026-07-15 16:50:21 -0400,2026-07-22 19:11:30 -0400
3558,18125,1769,advertised_in,"{""source_relationship"":""advertised_here""}",2026-07-15 16:50:22 -0400,2026-07-22 18:34:59 -0400
3559,18126,1769,advertised_in,"{""source_relationship"":""advertised_here""}",2026-07-15 16:50:22 -0400,2026-07-22 18:34:59 -0400
3560,18127,1770,occupied,{},2026-07-15 17:36:53 -0400,2026-07-15 17:36:53 -0400
3561,18128,1771,occupied,{},2026-07-15 17:36:54 -0400,2026-07-15 17:36:54 -0400
3562,18129,1772,occupied,{},2026-07-15 17:36:54 -0400,2026-07-15 17:36:54 -0400
3563,18130,1773,occupied,{},2026-07-15 17:36:55 -0400,2026-07-15 17:36:55 -0400
3564,18131,1774,occupied,{},2026-07-15 17:36:55 -0400,2026-07-15 17:36:55 -0400
3565,18132,1775,occupied,{},2026-07-15 17:36:56 -0400,2026-07-15 17:36:56 -0400
3566,18133,1776,occupied,{},2026-07-15 17:36:56 -0400,2026-07-15 17:36:56 -0400
3567,18134,18,occupied,{},2026-07-15 17:36:57 -0400,2026-07-15 17:36:57 -0400
3568,18135,1777,owned,{},2026-07-15 17:36:57 -0400,2026-07-15 17:36:57 -0400
3569,18136,1727,owned,{},2026-07-15 17:36:58 -0400,2026-07-15 17:36:58 -0400
3570,18137,1778,owned,{},2026-07-15 17:36:58 -0400,2026-07-15 17:36:58 -0400
3571,18138,1578,owned,{},2026-07-15 17:36:59 -0400,2026-07-15 17:36:59 -0400
3572,18139,1779,owned,{},2026-07-15 17:36:59 -0400,2026-07-15 17:36:59 -0400
3573,18140,1780,owned,{},2026-07-15 17:37:00 -0400,2026-07-15 17:37:00 -0400
3574,18141,1781,owned,{},2026-07-15 17:37:01 -0400,2026-07-15 17:37:01 -0400
3575,18142,1782,occupied,{},2026-07-15 17:37:02 -0400,2026-07-15 17:37:02 -0400
3576,18143,1783,occupied,{},2026-07-15 17:37:03 -0400,2026-07-15 17:37:03 -0400
3577,18144,1784,occupied,{},2026-07-15 17:37:03 -0400,2026-07-15 17:37:03 -0400
3578,18145,1785,occupied,{},2026-07-15 17:37:04 -0400,2026-07-15 17:37:04 -0400
3579,18146,1786,owned,{},2026-07-15 17:37:04 -0400,2026-07-15 17:37:04 -0400
3580,18147,1787,located_at,{},2026-07-15 17:37:05 -0400,2026-07-15 17:37:05 -0400
3581,18148,1788,owned,{},2026-07-15 17:37:06 -0400,2026-07-15 17:37:06 -0400
3582,18149,1545,owned,{},2026-07-15 17:37:06 -0400,2026-07-15 17:37:06 -0400
3583,18150,1789,located_at,{},2026-07-15 17:37:06 -0400,2026-07-15 17:37:06 -0400
3584,18151,1790,interred_at,{},2026-07-15 18:19:00 -0400,2026-07-15 18:19:00 -0400
3585,18152,1791,interred_at,{},2026-07-15 18:19:01 -0400,2026-07-15 18:19:01 -0400
3586,18153,1792,interred_at,{},2026-07-15 18:19:02 -0400,2026-07-15 18:19:02 -0400
3587,18154,1793,interred_at,{},2026-07-15 18:19:02 -0400,2026-07-15 18:19:02 -0400
3588,18155,1794,interred_at,{},2026-07-15 18:19:03 -0400,2026-07-15 18:19:03 -0400
3589,18156,1795,interred_at,{},2026-07-15 18:19:03 -0400,2026-07-15 18:19:03 -0400
3590,18157,1796,interred_at,{},2026-07-15 18:19:04 -0400,2026-07-15 18:19:04 -0400
3591,18158,1797,interred_at,{},2026-07-15 18:19:04 -0400,2026-07-15 18:19:04 -0400
3592,18159,1798,interred_at,{},2026-07-15 18:19:05 -0400,2026-07-15 18:19:05 -0400
3593,18160,1799,interred_at,{},2026-07-15 18:19:05 -0400,2026-07-15 18:19:05 -0400
3594,18161,1763,interred_at,{},2026-07-15 18:19:06 -0400,2026-07-15 18:19:06 -0400
3595,18162,1800,interred_at,{},2026-07-15 18:19:06 -0400,2026-07-15 18:19:06 -0400
3596,18163,1801,interred_at,{},2026-07-15 18:19:07 -0400,2026-07-15 18:19:07 -0400
3597,18164,1802,interred_at,{},2026-07-15 18:19:07 -0400,2026-07-15 18:19:07 -0400
3598,18165,1803,interred_at,{},2026-07-15 18:19:08 -0400,2026-07-15 18:19:08 -0400
3599,18166,1766,interred_at,{},2026-07-15 18:19:09 -0400,2026-07-15 18:19:09 -0400
3600,18167,1804,interred_at,{},2026-07-15 18:19:09 -0400,2026-07-15 18:19:09 -0400
3601,18168,1805,interred_at,{},2026-07-15 18:19:10 -0400,2026-07-15 18:19:10 -0400
3602,18169,1806,interred_at,{},2026-07-15 18:19:10 -0400,2026-07-15 18:19:10 -0400
3603,18170,1807,interred_at,{},2026-07-15 18:19:11 -0400,2026-07-15 18:19:11 -0400
3604,18171,1808,interred_at,{},2026-07-15 18:19:11 -0400,2026-07-15 18:19:11 -0400
3605,18172,1809,interred_at,{},2026-07-15 18:19:12 -0400,2026-07-15 18:19:12 -0400
3606,18173,1810,interred_at,{},2026-07-15 18:19:12 -0400,2026-07-15 18:19:12 -0400
3607,18174,1811,interred_at,{},2026-07-15 18:19:13 -0400,2026-07-15 18:19:13 -0400
3608,18175,1812,interred_at,{},2026-07-15 18:19:14 -0400,2026-07-15 18:19:14 -0400
3609,18176,1813,interred_at,{},2026-07-15 18:19:14 -0400,2026-07-15 18:19:14 -0400
3610,18177,1814,interred_at,{},2026-07-15 18:19:15 -0400,2026-07-15 18:19:15 -0400
3611,18178,1815,interred_at,{},2026-07-15 18:19:15 -0400,2026-07-15 18:19:15 -0400
3612,18179,1816,interred_at,{},2026-07-15 18:19:16 -0400,2026-07-15 18:19:16 -0400
3613,18180,1817,interred_at,{},2026-07-15 18:19:16 -0400,2026-07-15 18:19:16 -0400
3614,18181,1818,interred_at,{},2026-07-15 18:19:17 -0400,2026-07-15 18:19:17 -0400
3615,18182,1819,interred_at,{},2026-07-15 18:19:18 -0400,2026-07-15 18:19:18 -0400
3616,18183,1820,interred_at,{},2026-07-15 18:19:18 -0400,2026-07-15 18:19:18 -0400
3617,18184,1821,interred_at,{},2026-07-15 18:19:19 -0400,2026-07-15 18:19:19 -0400
3618,18185,1822,interred_at,{},2026-07-15 18:19:19 -0400,2026-07-15 18:19:19 -0400
3619,18186,1823,interred_at,{},2026-07-15 18:19:20 -0400,2026-07-15 18:19:20 -0400
3620,18187,1824,interred_at,{},2026-07-15 18:19:20 -0400,2026-07-15 18:19:20 -0400
3621,18188,1825,interred_at,{},2026-07-15 18:19:21 -0400,2026-07-15 18:19:21 -0400
3622,18189,1826,interred_at,{},2026-07-15 18:19:21 -0400,2026-07-15 18:19:21 -0400
3623,18190,1827,interred_at,{},2026-07-15 18:19:22 -0400,2026-07-15 18:19:22 -0400
3624,18191,1828,interred_at,{},2026-07-15 18:19:23 -0400,2026-07-15 18:19:23 -0400
3625,18192,1829,interred_at,{},2026-07-15 18:19:23 -0400,2026-07-15 18:19:23 -0400
3626,18193,1830,interred_at,{},2026-07-15 18:19:24 -0400,2026-07-15 18:19:24 -0400
3627,18194,1831,interred_at,{},2026-07-15 18:19:24 -0400,2026-07-15 18:19:24 -0400
3628,18195,1832,interred_at,{},2026-07-15 18:19:25 -0400,2026-07-15 18:19:25 -0400
3629,18196,1833,interred_at,{},2026-07-15 18:19:26 -0400,2026-07-15 18:19:26 -0400
3630,18197,1834,interred_at,{},2026-07-15 18:19:26 -0400,2026-07-15 18:19:26 -0400
3631,18198,1835,interred_at,{},2026-07-15 18:19:27 -0400,2026-07-15 18:19:27 -0400
3632,18199,1836,interred_at,{},2026-07-15 18:19:27 -0400,2026-07-15 18:19:27 -0400
3633,18200,1837,interred_at,{},2026-07-15 18:19:28 -0400,2026-07-15 18:19:28 -0400
3634,18201,1838,interred_at,{},2026-07-15 18:19:28 -0400,2026-07-15 18:19:28 -0400
3635,18202,1839,interred_at,{},2026-07-15 18:19:29 -0400,2026-07-15 18:19:29 -0400
3636,18203,1767,interred_at,{},2026-07-15 18:19:29 -0400,2026-07-15 18:19:29 -0400
3637,18204,1840,interred_at,{},2026-07-15 18:19:30 -0400,2026-07-15 18:19:30 -0400
3638,18205,1841,interred_at,{},2026-07-15 18:19:30 -0400,2026-07-15 18:19:30 -0400
3639,18206,1842,interred_at,{},2026-07-15 18:19:31 -0400,2026-07-15 18:19:31 -0400
3640,18207,1843,interred_at,{},2026-07-15 18:19:32 -0400,2026-07-15 18:19:32 -0400
3641,18208,1844,interred_at,{},2026-07-15 18:19:32 -0400,2026-07-15 18:19:32 -0400
3642,18209,1845,interred_at,{},2026-07-15 18:19:33 -0400,2026-07-15 18:19:33 -0400
3643,18210,1846,interred_at,{},2026-07-15 18:19:33 -0400,2026-07-15 18:19:33 -0400
3644,18211,1847,interred_at,{},2026-07-15 18:19:34 -0400,2026-07-15 18:19:34 -0400
3645,18212,1848,interred_at,{},2026-07-15 18:19:34 -0400,2026-07-15 18:19:34 -0400
3646,18213,1849,interred_at,{},2026-07-15 18:19:35 -0400,2026-07-15 18:19:35 -0400
3647,18214,1850,interred_at,{},2026-07-15 18:19:36 -0400,2026-07-15 18:19:36 -0400
3648,18215,1851,interred_at,{},2026-07-15 18:19:36 -0400,2026-07-15 18:19:36 -0400
3649,18216,1852,interred_at,{},2026-07-15 18:19:36 -0400,2026-07-15 18:19:36 -0400
3650,18217,1853,interred_at,{},2026-07-15 18:19:37 -0400,2026-07-15 18:19:37 -0400
3651,18218,1854,interred_at,{},2026-07-15 18:19:38 -0400,2026-07-15 18:19:38 -0400
3652,18219,1855,interred_at,{},2026-07-15 18:19:38 -0400,2026-07-15 18:19:38 -0400
3653,18220,1856,interred_at,{},2026-07-15 18:19:39 -0400,2026-07-15 18:19:39 -0400
3654,18221,1857,interred_at,{},2026-07-15 18:19:39 -0400,2026-07-15 18:19:39 -0400
3655,18222,1858,interred_at,{},2026-07-15 18:19:40 -0400,2026-07-15 18:19:40 -0400
3656,18223,1859,interred_at,{},2026-07-15 18:19:40 -0400,2026-07-15 18:19:40 -0400
3657,18224,1860,interred_at,{},2026-07-15 18:19:41 -0400,2026-07-15 18:19:41 -0400
3658,18225,1861,interred_at,{},2026-07-15 18:19:41 -0400,2026-07-15 18:19:41 -0400
3659,18226,1862,interred_at,{},2026-07-15 18:19:42 -0400,2026-07-15 18:19:42 -0400
3660,18227,1863,interred_at,{},2026-07-15 18:19:43 -0400,2026-07-15 18:19:43 -0400
3661,18228,1864,interred_at,{},2026-07-15 18:19:43 -0400,2026-07-15 18:19:43 -0400
3662,18229,1865,interred_at,{},2026-07-15 18:19:44 -0400,2026-07-15 18:19:44 -0400
3663,18230,1866,interred_at,{},2026-07-15 18:19:44 -0400,2026-07-15 18:19:44 -0400
3664,18231,1867,interred_at,{},2026-07-15 18:19:45 -0400,2026-07-15 18:19:45 -0400
3665,18232,1868,interred_at,{},2026-07-15 18:19:45 -0400,2026-07-15 18:19:45 -0400
3666,18233,1869,interred_at,{},2026-07-15 18:19:46 -0400,2026-07-15 18:19:46 -0400
3667,18234,1870,interred_at,{},2026-07-15 18:19:46 -0400,2026-07-15 18:19:46 -0400
3668,18235,1871,interred_at,{},2026-07-15 18:19:47 -0400,2026-07-15 18:19:47 -0400
3669,18236,1872,interred_at,{},2026-07-15 18:19:48 -0400,2026-07-15 18:19:48 -0400
3670,18237,1873,interred_at,{},2026-07-15 18:19:48 -0400,2026-07-15 18:19:48 -0400
3671,18238,1874,interred_at,{},2026-07-15 18:19:49 -0400,2026-07-15 18:19:49 -0400
3672,18239,1875,interred_at,{},2026-07-15 18:19:49 -0400,2026-07-15 18:19:49 -0400
3673,18240,1876,interred_at,{},2026-07-15 18:19:50 -0400,2026-07-15 18:19:50 -0400
3674,18241,1877,interred_at,{},2026-07-15 18:19:50 -0400,2026-07-15 18:19:50 -0400
3675,18242,1878,interred_at,{},2026-07-15 18:19:51 -0400,2026-07-15 18:19:51 -0400
3676,18243,1879,interred_at,{},2026-07-15 18:19:51 -0400,2026-07-15 18:19:51 -0400
3677,18244,1880,interred_at,{},2026-07-15 18:19:52 -0400,2026-07-15 18:19:52 -0400
3678,18245,1881,interred_at,{},2026-07-15 18:19:52 -0400,2026-07-15 18:19:52 -0400
3679,18246,1882,interred_at,{},2026-07-15 18:19:53 -0400,2026-07-15 18:19:53 -0400
3680,18247,1883,interred_at,{},2026-07-15 18:19:54 -0400,2026-07-15 18:19:54 -0400
3681,18248,1884,interred_at,{},2026-07-15 18:19:54 -0400,2026-07-15 18:19:54 -0400
3682,18249,1885,interred_at,{},2026-07-15 18:19:55 -0400,2026-07-15 18:19:55 -0400
3683,18250,1886,interred_at,{},2026-07-15 18:19:55 -0400,2026-07-15 18:19:55 -0400
3684,18251,1887,interred_at,{},2026-07-15 18:19:56 -0400,2026-07-15 18:19:56 -0400
3685,18252,1888,interred_at,{},2026-07-15 18:19:56 -0400,2026-07-15 18:19:56 -0400
3686,18253,1889,interred_at,{},2026-07-15 18:19:57 -0400,2026-07-15 18:19:57 -0400
3687,18254,1890,interred_at,{},2026-07-15 18:19:57 -0400,2026-07-15 18:19:57 -0400
3688,18255,1891,interred_at,{},2026-07-15 18:19:58 -0400,2026-07-15 18:19:58 -0400
3689,18256,1892,interred_at,{},2026-07-15 18:19:59 -0400,2026-07-15 18:19:59 -0400
3690,18257,1893,interred_at,{},2026-07-15 18:19:59 -0400,2026-07-15 18:19:59 -0400
3691,18258,1894,interred_at,{},2026-07-15 18:20:01 -0400,2026-07-15 18:20:01 -0400
3692,18259,1895,interred_at,{},2026-07-15 18:20:02 -0400,2026-07-15 18:20:02 -0400
3693,18260,1896,interred_at,{},2026-07-15 18:20:03 -0400,2026-07-15 18:20:03 -0400
3694,18261,1897,interred_at,{},2026-07-15 18:20:03 -0400,2026-07-15 18:20:03 -0400
3695,18262,1898,interred_at,{},2026-07-15 18:20:04 -0400,2026-07-15 18:20:04 -0400
3696,18263,1899,interred_at,{},2026-07-15 18:20:04 -0400,2026-07-15 18:20:04 -0400
3697,18264,1900,interred_at,{},2026-07-15 18:20:05 -0400,2026-07-15 18:20:05 -0400
3698,18265,1901,interred_at,{},2026-07-15 18:20:05 -0400,2026-07-15 18:20:05 -0400
3699,18266,1902,interred_at,{},2026-07-15 18:20:06 -0400,2026-07-15 18:20:06 -0400
3700,18267,1903,interred_at,{},2026-07-15 18:20:06 -0400,2026-07-15 18:20:06 -0400
3701,18268,1904,interred_at,{},2026-07-15 18:20:07 -0400,2026-07-15 18:20:07 -0400
3702,18269,1905,interred_at,{},2026-07-15 18:20:08 -0400,2026-07-15 18:20:08 -0400
3703,18270,1906,interred_at,{},2026-07-15 18:20:08 -0400,2026-07-15 18:20:08 -0400
3704,18271,1907,interred_at,{},2026-07-15 18:20:09 -0400,2026-07-15 18:20:09 -0400
3705,18272,1908,interred_at,{},2026-07-15 18:20:09 -0400,2026-07-15 18:20:09 -0400
3706,18273,1909,interred_at,{},2026-07-15 18:20:10 -0400,2026-07-15 18:20:10 -0400
3707,18274,1910,interred_at,{},2026-07-15 18:20:10 -0400,2026-07-15 18:20:10 -0400
3708,18275,1911,interred_at,{},2026-07-15 18:20:11 -0400,2026-07-15 18:20:11 -0400
3709,18276,1912,interred_at,{},2026-07-15 18:20:11 -0400,2026-07-15 18:20:11 -0400
3710,18277,1913,interred_at,{},2026-07-15 18:20:12 -0400,2026-07-15 18:20:12 -0400
3711,18278,1914,interred_at,{},2026-07-15 18:20:12 -0400,2026-07-15 18:20:12 -0400
3712,18279,1915,interred_at,{},2026-07-15 18:20:13 -0400,2026-07-15 18:20:13 -0400
3713,18280,1916,interred_at,{},2026-07-15 18:20:13 -0400,2026-07-15 18:20:13 -0400
3714,18281,1917,interred_at,{},2026-07-15 18:20:14 -0400,2026-07-15 18:20:14 -0400
3715,18282,1918,interred_at,{},2026-07-15 18:20:15 -0400,2026-07-15 18:20:15 -0400
3716,18283,1765,interred_at,{},2026-07-15 18:20:15 -0400,2026-07-15 18:20:15 -0400
3717,18284,1764,interred_at,{},2026-07-15 18:20:16 -0400,2026-07-15 18:20:16 -0400
3718,18285,1919,interred_at,{},2026-07-15 18:20:16 -0400,2026-07-15 18:20:16 -0400
3719,18286,1920,interred_at,{},2026-07-15 18:20:17 -0400,2026-07-15 18:20:17 -0400
3720,18287,1921,interred_at,{},2026-07-15 18:20:17 -0400,2026-07-15 18:20:17 -0400
3721,18288,1922,interred_at,{},2026-07-15 18:20:18 -0400,2026-07-15 18:20:18 -0400
3722,18289,1923,interred_at,{},2026-07-15 18:20:19 -0400,2026-07-15 18:20:19 -0400
3723,18290,1924,interred_at,{},2026-07-15 18:20:19 -0400,2026-07-15 18:20:19 -0400
3724,18291,1925,interred_at,{},2026-07-15 18:20:20 -0400,2026-07-15 18:20:20 -0400
3725,18292,1926,interred_at,{},2026-07-15 18:20:20 -0400,2026-07-15 18:20:20 -0400
3726,18293,1927,interred_at,{},2026-07-15 18:20:21 -0400,2026-07-15 18:20:21 -0400
3727,18294,1928,interred_at,{},2026-07-15 18:20:21 -0400,2026-07-15 18:20:21 -0400
3728,18295,1929,interred_at,{},2026-07-15 18:20:22 -0400,2026-07-15 18:20:22 -0400
3729,18296,1930,interred_at,{},2026-07-15 18:20:22 -0400,2026-07-15 18:20:22 -0400
3730,18297,1931,interred_at,{},2026-07-15 18:20:23 -0400,2026-07-15 18:20:23 -0400
3731,18298,1932,interred_at,{},2026-07-15 18:20:23 -0400,2026-07-15 18:20:23 -0400
3732,18299,1933,interred_at,{},2026-07-15 18:20:24 -0400,2026-07-15 18:20:24 -0400
3733,18300,1934,interred_at,{},2026-07-15 18:20:24 -0400,2026-07-15 18:20:24 -0400
3734,18301,1935,interred_at,{},2026-07-15 18:20:25 -0400,2026-07-15 18:20:25 -0400
3735,18302,1936,interred_at,{},2026-07-15 18:20:25 -0400,2026-07-15 18:20:25 -0400
3736,18303,1937,interred_at,{},2026-07-15 18:20:26 -0400,2026-07-15 18:20:26 -0400
3737,18304,1938,interred_at,{},2026-07-15 18:20:26 -0400,2026-07-15 18:20:26 -0400
3738,18305,1939,interred_at,{},2026-07-15 18:20:27 -0400,2026-07-15 18:20:27 -0400
3739,18306,1940,interred_at,{},2026-07-15 18:20:28 -0400,2026-07-15 18:20:28 -0400
3740,18307,1941,interred_at,{},2026-07-15 18:20:28 -0400,2026-07-15 18:20:28 -0400
3741,18308,1942,interred_at,{},2026-07-15 18:20:29 -0400,2026-07-15 18:20:29 -0400
3742,18309,1943,interred_at,{},2026-07-15 18:20:29 -0400,2026-07-15 18:20:29 -0400
3743,18310,1944,interred_at,{},2026-07-15 18:20:30 -0400,2026-07-15 18:20:30 -0400
3744,18311,1945,interred_at,{},2026-07-15 18:20:30 -0400,2026-07-15 18:20:30 -0400
3745,18312,1946,interred_at,{},2026-07-15 18:20:31 -0400,2026-07-15 18:20:31 -0400
3746,18313,1947,interred_at,{},2026-07-15 18:20:31 -0400,2026-07-15 18:20:31 -0400
3747,18314,1948,interred_at,{},2026-07-15 18:20:32 -0400,2026-07-15 18:20:32 -0400
3748,18315,1949,interred_at,{},2026-07-15 18:20:32 -0400,2026-07-15 18:20:32 -0400
3749,18316,1950,interred_at,{},2026-07-15 18:20:33 -0400,2026-07-15 18:20:33 -0400
3750,18317,1951,interred_at,{},2026-07-15 18:20:33 -0400,2026-07-15 18:20:33 -0400
3751,18318,1952,interred_at,{},2026-07-15 18:20:34 -0400,2026-07-15 18:20:34 -0400
3752,18319,1953,interred_at,{},2026-07-15 18:20:34 -0400,2026-07-15 18:20:34 -0400
3753,18320,1954,interred_at,{},2026-07-15 18:20:35 -0400,2026-07-15 18:20:35 -0400
3754,18321,1955,interred_at,{},2026-07-15 18:20:35 -0400,2026-07-15 18:20:35 -0400
3755,18322,1956,interred_at,{},2026-07-15 18:20:36 -0400,2026-07-15 18:20:36 -0400
3756,18323,1957,interred_at,{},2026-07-15 18:20:36 -0400,2026-07-15 18:20:36 -0400
3757,18324,1958,interred_at,{},2026-07-15 18:20:37 -0400,2026-07-15 18:20:37 -0400
3758,18325,1959,interred_at,{},2026-07-15 18:20:37 -0400,2026-07-15 18:20:37 -0400
3759,18326,1960,interred_at,{},2026-07-15 18:20:38 -0400,2026-07-15 18:20:38 -0400
3760,18327,1961,interred_at,{},2026-07-15 18:20:38 -0400,2026-07-15 18:20:38 -0400
3761,18328,1962,interred_at,{},2026-07-15 18:20:39 -0400,2026-07-15 18:20:39 -0400
3762,18329,1963,interred_at,{},2026-07-15 18:20:39 -0400,2026-07-15 18:20:39 -0400
3763,18330,1964,interred_at,{},2026-07-15 18:20:40 -0400,2026-07-15 18:20:40 -0400
3764,18331,1965,interred_at,{},2026-07-15 18:20:40 -0400,2026-07-15 18:20:40 -0400
3765,18332,1966,interred_at,{},2026-07-15 18:20:41 -0400,2026-07-15 18:20:41 -0400
3766,18333,1967,interred_at,{},2026-07-15 18:20:42 -0400,2026-07-15 18:20:42 -0400
3767,18334,1968,interred_at,{},2026-07-15 18:20:42 -0400,2026-07-15 18:20:42 -0400
3768,18335,1969,interred_at,{},2026-07-15 18:20:43 -0400,2026-07-15 18:20:43 -0400
3769,18336,1970,interred_at,{},2026-07-15 18:20:43 -0400,2026-07-15 18:20:43 -0400
3770,18337,1971,interred_at,{},2026-07-15 18:20:44 -0400,2026-07-15 18:20:44 -0400
3771,18338,1972,interred_at,{},2026-07-15 18:20:44 -0400,2026-07-15 18:20:44 -0400
3772,18339,1973,interred_at,{},2026-07-15 18:20:45 -0400,2026-07-15 18:20:45 -0400
3773,18340,1974,interred_at,{},2026-07-15 18:20:45 -0400,2026-07-15 18:20:45 -0400
3774,18341,1975,interred_at,{},2026-07-15 18:20:46 -0400,2026-07-15 18:20:46 -0400
3775,18342,1976,interred_at,{},2026-07-15 18:20:46 -0400,2026-07-15 18:20:46 -0400
3776,18343,1977,interred_at,{},2026-07-15 18:20:47 -0400,2026-07-15 18:20:47 -0400
3777,18344,1978,interred_at,{},2026-07-15 18:20:47 -0400,2026-07-15 18:20:47 -0400
3778,18345,1979,interred_at,{},2026-07-15 18:20:48 -0400,2026-07-15 18:20:48 -0400
3779,18346,1980,interred_at,{},2026-07-15 18:20:48 -0400,2026-07-15 18:20:48 -0400
3780,18347,1981,interred_at,{},2026-07-15 18:20:49 -0400,2026-07-15 18:20:49 -0400
3781,18348,1982,interred_at,{},2026-07-15 18:20:50 -0400,2026-07-15 18:20:50 -0400
3782,18349,1983,interred_at,{},2026-07-15 18:20:50 -0400,2026-07-15 18:20:50 -0400
3783,18350,1984,interred_at,{},2026-07-15 18:20:51 -0400,2026-07-15 18:20:51 -0400
3784,18351,1986,interred_at,{},2026-07-15 18:21:37 -0400,2026-07-15 18:21:37 -0400
3785,18352,1987,interred_at,{},2026-07-15 18:21:38 -0400,2026-07-15 18:21:38 -0400
3786,18353,1988,interred_at,{},2026-07-15 18:21:38 -0400,2026-07-15 18:21:38 -0400
3787,18354,1989,interred_at,{},2026-07-15 18:21:39 -0400,2026-07-15 18:21:39 -0400
3788,18355,1990,interred_at,{},2026-07-15 18:21:40 -0400,2026-07-15 18:21:40 -0400
3789,18356,1991,interred_at,{},2026-07-15 18:21:40 -0400,2026-07-15 18:21:40 -0400
3790,18357,1992,interred_at,{},2026-07-15 18:21:41 -0400,2026-07-15 18:21:41 -0400
3791,18358,1993,interred_at,{},2026-07-15 18:21:41 -0400,2026-07-15 18:21:41 -0400
3792,18359,1994,interred_at,{},2026-07-15 18:21:42 -0400,2026-07-15 18:21:42 -0400
3793,18360,1995,interred_at,{},2026-07-15 18:21:42 -0400,2026-07-15 18:21:42 -0400
3794,18361,1996,interred_at,{},2026-07-15 18:21:43 -0400,2026-07-15 18:21:43 -0400
3795,18362,1997,interred_at,{},2026-07-15 18:21:43 -0400,2026-07-15 18:21:43 -0400
3796,18363,1998,interred_at,{},2026-07-15 18:21:44 -0400,2026-07-15 18:21:44 -0400
3797,18364,1999,interred_at,{},2026-07-15 18:21:45 -0400,2026-07-15 18:21:45 -0400
3798,18365,2000,interred_at,{},2026-07-15 18:21:45 -0400,2026-07-15 18:21:45 -0400
3799,18366,2001,interred_at,{},2026-07-15 18:21:46 -0400,2026-07-15 18:21:46 -0400
3800,18367,2002,interred_at,{},2026-07-15 18:21:46 -0400,2026-07-15 18:21:46 -0400
3801,18368,2003,interred_at,{},2026-07-15 18:21:47 -0400,2026-07-15 18:21:47 -0400
3802,18369,2004,interred_at,{},2026-07-15 18:21:47 -0400,2026-07-15 18:21:47 -0400
3803,18370,2005,interred_at,{},2026-07-15 18:21:48 -0400,2026-07-15 18:21:48 -0400
3804,18371,2006,interred_at,{},2026-07-15 18:21:48 -0400,2026-07-15 18:21:48 -0400
3805,18372,2007,interred_at,{},2026-07-15 18:21:49 -0400,2026-07-15 18:21:49 -0400
3806,18373,2008,interred_at,{},2026-07-15 18:21:50 -0400,2026-07-15 18:21:50 -0400
3807,18374,2009,interred_at,{},2026-07-15 18:21:50 -0400,2026-07-15 18:21:50 -0400
3808,18375,2010,interred_at,{},2026-07-15 18:21:51 -0400,2026-07-15 18:21:51 -0400
3809,18376,2011,interred_at,{},2026-07-15 18:21:51 -0400,2026-07-15 18:21:51 -0400
3810,18377,2012,interred_at,{},2026-07-15 18:21:52 -0400,2026-07-15 18:21:52 -0400
3811,18378,2013,interred_at,{},2026-07-15 18:21:52 -0400,2026-07-15 18:21:52 -0400
3812,18379,2014,interred_at,{},2026-07-15 18:21:53 -0400,2026-07-15 18:21:53 -0400
3813,18380,2015,interred_at,{},2026-07-15 18:21:53 -0400,2026-07-15 18:21:53 -0400
3814,18381,2016,interred_at,{},2026-07-15 18:21:54 -0400,2026-07-15 18:21:54 -0400
3815,18382,2017,interred_at,{},2026-07-15 18:21:54 -0400,2026-07-15 18:21:54 -0400
3816,18383,2018,interred_at,{},2026-07-15 18:21:55 -0400,2026-07-15 18:21:55 -0400
3817,18384,2019,interred_at,{},2026-07-15 18:21:55 -0400,2026-07-15 18:21:55 -0400
3818,18385,2020,interred_at,{},2026-07-15 18:21:56 -0400,2026-07-15 18:21:56 -0400
3819,18386,2021,interred_at,{},2026-07-15 18:21:56 -0400,2026-07-15 18:21:56 -0400
3820,18387,2022,interred_at,{},2026-07-15 18:21:57 -0400,2026-07-15 18:21:57 -0400
3821,18388,2023,interred_at,{},2026-07-15 18:21:57 -0400,2026-07-15 18:21:57 -0400
3822,18389,2024,interred_at,{},2026-07-15 18:21:58 -0400,2026-07-15 18:21:58 -0400
3823,18390,2025,interred_at,{},2026-07-15 18:21:59 -0400,2026-07-15 18:21:59 -0400
3824,18391,2026,interred_at,{},2026-07-15 18:21:59 -0400,2026-07-15 18:21:59 -0400
3825,18392,2027,interred_at,{},2026-07-15 18:22:00 -0400,2026-07-15 18:22:00 -0400
3826,18393,2028,interred_at,{},2026-07-15 18:22:01 -0400,2026-07-15 18:22:01 -0400
3827,18394,2029,interred_at,{},2026-07-15 18:22:02 -0400,2026-07-15 18:22:02 -0400
3828,18395,2030,interred_at,{},2026-07-15 18:22:03 -0400,2026-07-15 18:22:03 -0400
3829,18396,2031,interred_at,{},2026-07-15 18:22:04 -0400,2026-07-15 18:22:04 -0400
3830,18397,2032,interred_at,{},2026-07-15 18:22:04 -0400,2026-07-15 18:22:04 -0400
3831,18398,2033,interred_at,{},2026-07-15 18:22:05 -0400,2026-07-15 18:22:05 -0400
3832,18399,2034,interred_at,{},2026-07-15 18:22:05 -0400,2026-07-15 18:22:05 -0400
3833,18400,2035,interred_at,{},2026-07-15 18:22:06 -0400,2026-07-15 18:22:06 -0400
3834,18401,2036,interred_at,{},2026-07-15 18:22:07 -0400,2026-07-15 18:22:07 -0400
3835,18402,2037,interred_at,{},2026-07-15 18:22:07 -0400,2026-07-15 18:22:07 -0400
3836,18403,2038,interred_at,{},2026-07-15 18:22:08 -0400,2026-07-15 18:22:08 -0400
3837,18404,2039,interred_at,{},2026-07-15 18:22:08 -0400,2026-07-15 18:22:08 -0400
3838,18405,2040,interred_at,{},2026-07-15 18:22:09 -0400,2026-07-15 18:22:09 -0400
3839,18406,2041,interred_at,{},2026-07-15 18:22:09 -0400,2026-07-15 18:22:09 -0400
3840,18407,2042,interred_at,{},2026-07-15 18:22:10 -0400,2026-07-15 18:22:10 -0400
3841,18408,2043,interred_at,{},2026-07-15 18:22:10 -0400,2026-07-15 18:22:10 -0400
3842,18409,2044,interred_at,{},2026-07-15 18:22:11 -0400,2026-07-15 18:22:11 -0400
3843,18410,2045,interred_at,{},2026-07-15 18:22:12 -0400,2026-07-15 18:22:12 -0400
3844,18411,2046,interred_at,{},2026-07-15 18:22:12 -0400,2026-07-15 18:22:12 -0400
3845,18412,2047,interred_at,{},2026-07-15 18:22:13 -0400,2026-07-15 18:22:13 -0400
3846,18413,2048,interred_at,{},2026-07-15 18:22:13 -0400,2026-07-15 18:22:13 -0400
3847,18414,2049,interred_at,{},2026-07-15 18:22:14 -0400,2026-07-15 18:22:14 -0400
3848,18415,2050,interred_at,{},2026-07-15 18:22:14 -0400,2026-07-15 18:22:14 -0400
3849,18416,2051,interred_at,{},2026-07-15 18:22:15 -0400,2026-07-15 18:22:15 -0400
3850,18417,2052,interred_at,{},2026-07-15 18:22:15 -0400,2026-07-15 18:22:15 -0400
3851,18418,2053,interred_at,{},2026-07-15 18:22:16 -0400,2026-07-15 18:22:16 -0400
3852,18419,2054,interred_at,{},2026-07-15 18:22:16 -0400,2026-07-15 18:22:16 -0400
3853,18420,2055,interred_at,{},2026-07-15 18:22:17 -0400,2026-07-15 18:22:17 -0400
3854,18421,2056,interred_at,{},2026-07-15 18:22:18 -0400,2026-07-15 18:22:18 -0400
3855,18422,2057,interred_at,{},2026-07-15 18:22:18 -0400,2026-07-15 18:22:18 -0400
3856,18423,2058,interred_at,{},2026-07-15 18:22:19 -0400,2026-07-15 18:22:19 -0400
3857,18424,2059,interred_at,{},2026-07-15 18:22:19 -0400,2026-07-15 18:22:19 -0400
3858,18425,2060,interred_at,{},2026-07-15 18:22:20 -0400,2026-07-15 18:22:20 -0400
3859,18426,2061,interred_at,{},2026-07-15 18:22:20 -0400,2026-07-15 18:22:20 -0400
3860,18427,2062,interred_at,{},2026-07-15 18:22:21 -0400,2026-07-15 18:22:21 -0400
3861,18428,2063,interred_at,{},2026-07-15 18:22:21 -0400,2026-07-15 18:22:21 -0400
3862,18429,2064,interred_at,{},2026-07-15 18:22:22 -0400,2026-07-15 18:22:22 -0400
3863,18430,2065,interred_at,{},2026-07-15 18:22:22 -0400,2026-07-15 18:22:22 -0400
3864,18431,2066,interred_at,{},2026-07-15 18:22:23 -0400,2026-07-15 18:22:23 -0400
3865,18432,2067,interred_at,{},2026-07-15 18:22:24 -0400,2026-07-15 18:22:24 -0400
3866,18433,18,interred_at,{},2026-07-15 18:22:24 -0400,2026-07-22 17:54:46 -0400
3867,18434,2069,interred_at,{},2026-07-15 18:22:25 -0400,2026-07-15 18:22:25 -0400
3868,18435,2070,interred_at,{},2026-07-15 18:22:26 -0400,2026-07-15 18:22:26 -0400
3869,18436,2071,interred_at,{},2026-07-15 18:22:26 -0400,2026-07-15 18:22:26 -0400
3870,18437,1744,interred_at,{},2026-07-15 18:22:27 -0400,2026-07-22 17:37:36 -0400
3871,18438,2073,interred_at,{},2026-07-15 18:22:27 -0400,2026-07-15 18:22:27 -0400
3872,18439,2074,interred_at,{},2026-07-15 18:22:28 -0400,2026-07-15 18:22:28 -0400
3873,18440,2075,interred_at,{},2026-07-15 18:22:28 -0400,2026-07-15 18:22:28 -0400
3874,18441,2076,interred_at,{},2026-07-15 18:22:29 -0400,2026-07-15 18:22:29 -0400
3875,18442,2077,interred_at,{},2026-07-15 18:22:30 -0400,2026-07-15 18:22:30 -0400
3876,18443,2078,interred_at,{},2026-07-15 18:22:30 -0400,2026-07-15 18:22:30 -0400
3877,18444,2079,interred_at,{},2026-07-15 18:22:31 -0400,2026-07-15 18:22:31 -0400
3878,18445,2080,interred_at,{},2026-07-15 18:22:32 -0400,2026-07-15 18:22:32 -0400
3879,18446,2081,interred_at,{},2026-07-15 18:22:32 -0400,2026-07-15 18:22:32 -0400
3880,18447,2082,interred_at,{},2026-07-15 18:22:33 -0400,2026-07-15 18:22:33 -0400
3881,18448,2083,interred_at,{},2026-07-15 18:22:33 -0400,2026-07-15 18:22:33 -0400
3882,18449,2084,interred_at,{},2026-07-15 18:22:34 -0400,2026-07-15 18:22:34 -0400
3883,18450,2085,interred_at,{},2026-07-15 18:22:35 -0400,2026-07-15 18:22:35 -0400
3884,18451,2086,interred_at,{},2026-07-15 18:22:35 -0400,2026-07-15 18:22:35 -0400
3885,18452,2087,interred_at,{},2026-07-15 18:22:36 -0400,2026-07-15 18:22:36 -0400
3886,18453,2088,interred_at,{},2026-07-15 18:22:36 -0400,2026-07-15 18:22:36 -0400
3887,18454,2089,interred_at,{},2026-07-15 18:22:37 -0400,2026-07-15 18:22:37 -0400
3888,18455,2090,interred_at,{},2026-07-15 18:22:38 -0400,2026-07-15 18:22:38 -0400
3889,18456,2091,interred_at,{},2026-07-15 18:22:38 -0400,2026-07-15 18:22:38 -0400
3890,18457,2092,interred_at,{},2026-07-15 18:22:39 -0400,2026-07-15 18:22:39 -0400
3891,18458,2093,interred_at,{},2026-07-15 18:22:39 -0400,2026-07-15 18:22:39 -0400
3892,18459,2094,interred_at,{},2026-07-15 18:22:40 -0400,2026-07-15 18:22:40 -0400
3893,18460,2095,interred_at,{},2026-07-15 18:22:40 -0400,2026-07-15 18:22:40 -0400
3894,18461,2096,interred_at,{},2026-07-15 18:22:41 -0400,2026-07-15 18:22:41 -0400
3895,18462,2097,interred_at,{},2026-07-15 18:22:41 -0400,2026-07-15 18:22:41 -0400
3896,18463,2098,interred_at,{},2026-07-15 18:22:42 -0400,2026-07-15 18:22:42 -0400
3897,18464,2099,interred_at,{},2026-07-15 18:22:43 -0400,2026-07-15 18:22:43 -0400
3898,18465,2100,interred_at,{},2026-07-15 18:22:43 -0400,2026-07-15 18:22:43 -0400
3899,18466,2101,interred_at,{},2026-07-15 18:22:44 -0400,2026-07-15 18:22:44 -0400
3900,18467,2102,interred_at,{},2026-07-15 18:22:44 -0400,2026-07-15 18:22:44 -0400
3901,18468,2103,interred_at,{},2026-07-15 18:22:45 -0400,2026-07-15 18:22:45 -0400
3902,18469,2104,interred_at,{},2026-07-15 18:22:45 -0400,2026-07-15 18:22:45 -0400
3903,18470,2105,interred_at,{},2026-07-15 18:22:46 -0400,2026-07-15 18:22:46 -0400
3904,18471,2106,interred_at,{},2026-07-15 18:22:46 -0400,2026-07-15 18:22:46 -0400
3905,18472,2107,interred_at,{},2026-07-15 18:22:47 -0400,2026-07-15 18:22:47 -0400
3906,18473,2108,interred_at,{},2026-07-15 18:22:48 -0400,2026-07-15 18:22:48 -0400
3907,18474,2109,interred_at,{},2026-07-15 18:22:48 -0400,2026-07-15 18:22:48 -0400
3908,18475,2110,interred_at,{},2026-07-15 18:22:49 -0400,2026-07-15 18:22:49 -0400
3909,18476,2111,interred_at,{},2026-07-15 18:22:49 -0400,2026-07-15 18:22:49 -0400
3910,18477,2112,interred_at,{},2026-07-15 18:22:50 -0400,2026-07-15 18:22:50 -0400
3911,18478,2113,interred_at,{},2026-07-15 18:22:51 -0400,2026-07-15 18:22:51 -0400
3912,18479,2114,interred_at,{},2026-07-15 18:22:51 -0400,2026-07-15 18:22:51 -0400
3913,18480,2115,interred_at,{},2026-07-15 18:22:52 -0400,2026-07-15 18:22:52 -0400
3914,18481,2116,interred_at,{},2026-07-15 18:22:52 -0400,2026-07-15 18:22:52 -0400
3915,18482,2117,interred_at,{},2026-07-15 18:22:53 -0400,2026-07-15 18:22:53 -0400
3916,18483,2118,interred_at,{},2026-07-15 18:22:53 -0400,2026-07-15 18:22:53 -0400
3917,18484,2119,interred_at,{},2026-07-15 18:22:54 -0400,2026-07-15 18:22:54 -0400
3918,18485,2120,interred_at,{},2026-07-15 18:22:54 -0400,2026-07-15 18:22:54 -0400
3919,18486,2121,interred_at,{},2026-07-15 18:22:55 -0400,2026-07-15 18:22:55 -0400
3920,18487,2122,interred_at,{},2026-07-15 18:22:55 -0400,2026-07-15 18:22:55 -0400
3921,18488,2123,interred_at,{},2026-07-15 18:22:56 -0400,2026-07-15 18:22:56 -0400
3922,18489,2124,interred_at,{},2026-07-15 18:22:57 -0400,2026-07-15 18:22:57 -0400
3923,18490,2125,interred_at,{},2026-07-15 18:22:57 -0400,2026-07-15 18:22:57 -0400
3924,18491,2126,interred_at,{},2026-07-15 18:22:58 -0400,2026-07-15 18:22:58 -0400
3925,18492,2127,interred_at,{},2026-07-15 18:22:58 -0400,2026-07-15 18:22:58 -0400
3926,18493,2128,interred_at,{},2026-07-15 18:22:59 -0400,2026-07-15 18:22:59 -0400
3927,18494,2129,interred_at,{},2026-07-15 18:23:00 -0400,2026-07-15 18:23:00 -0400
3928,18495,2130,interred_at,{},2026-07-15 18:23:01 -0400,2026-07-15 18:23:01 -0400
3929,18496,2131,interred_at,{},2026-07-15 18:23:02 -0400,2026-07-15 18:23:02 -0400
3930,18497,2132,interred_at,{},2026-07-15 18:23:03 -0400,2026-07-15 18:23:03 -0400
3931,18498,2133,interred_at,{},2026-07-15 18:23:03 -0400,2026-07-15 18:23:03 -0400
3932,18499,2134,interred_at,{},2026-07-15 18:23:04 -0400,2026-07-15 18:23:04 -0400
3933,18500,2135,interred_at,{},2026-07-15 18:23:04 -0400,2026-07-15 18:23:04 -0400
3934,18501,2136,interred_at,{},2026-07-15 18:23:05 -0400,2026-07-15 18:23:05 -0400
3935,18502,2137,interred_at,{},2026-07-15 18:23:05 -0400,2026-07-15 18:23:05 -0400
3936,18503,2138,interred_at,{},2026-07-15 18:23:06 -0400,2026-07-15 18:23:06 -0400
3937,18504,2139,interred_at,{},2026-07-15 18:23:06 -0400,2026-07-15 18:23:06 -0400
3938,18505,2140,interred_at,{},2026-07-15 18:23:07 -0400,2026-07-15 18:23:07 -0400
3939,18506,2141,interred_at,{},2026-07-15 18:23:07 -0400,2026-07-15 18:23:07 -0400
3940,18507,2142,interred_at,{},2026-07-15 18:23:08 -0400,2026-07-15 18:23:08 -0400
3941,18508,2143,interred_at,{},2026-07-15 18:23:09 -0400,2026-07-15 18:23:09 -0400
3942,18509,2144,interred_at,{},2026-07-15 18:23:09 -0400,2026-07-15 18:23:09 -0400
3943,18510,2145,interred_at,{},2026-07-15 18:23:10 -0400,2026-07-15 18:23:10 -0400
3944,18511,2146,interred_at,{},2026-07-15 18:23:10 -0400,2026-07-15 18:23:10 -0400
3945,18512,2147,interred_at,{},2026-07-15 18:23:11 -0400,2026-07-15 18:23:11 -0400
3946,18513,2148,interred_at,{},2026-07-15 18:23:12 -0400,2026-07-15 18:23:12 -0400
3947,18514,2149,interred_at,{},2026-07-15 18:23:12 -0400,2026-07-15 18:23:12 -0400
3948,18515,2150,interred_at,{},2026-07-15 18:23:13 -0400,2026-07-15 18:23:13 -0400
3949,18516,2151,interred_at,{},2026-07-15 18:23:13 -0400,2026-07-15 18:23:13 -0400
3950,18517,2152,interred_at,{},2026-07-15 18:23:14 -0400,2026-07-15 18:23:14 -0400
3951,18518,2153,interred_at,{},2026-07-15 18:23:15 -0400,2026-07-15 18:23:15 -0400
3952,18519,2154,interred_at,{},2026-07-15 18:23:15 -0400,2026-07-15 18:23:15 -0400
3953,18520,2155,interred_at,{},2026-07-15 18:23:16 -0400,2026-07-15 18:23:16 -0400
3954,18521,2156,interred_at,{},2026-07-15 18:23:16 -0400,2026-07-15 18:23:16 -0400
3955,18522,2157,interred_at,{},2026-07-15 18:23:17 -0400,2026-07-15 18:23:17 -0400
3956,18523,2158,interred_at,{},2026-07-15 18:23:17 -0400,2026-07-15 18:23:17 -0400
3957,18524,2159,interred_at,{},2026-07-15 18:23:18 -0400,2026-07-15 18:23:18 -0400
3958,18525,2160,interred_at,{},2026-07-15 18:23:19 -0400,2026-07-15 18:23:19 -0400
3959,18526,2161,interred_at,{},2026-07-15 18:23:19 -0400,2026-07-15 18:23:19 -0400
3960,18527,2162,interred_at,{},2026-07-15 18:23:20 -0400,2026-07-15 18:23:20 -0400
3961,18528,1721,interred_at,{},2026-07-15 18:23:20 -0400,2026-07-22 17:54:44 -0400
3962,18529,2164,interred_at,{},2026-07-15 18:23:21 -0400,2026-07-15 18:23:21 -0400
3963,18530,20,interred_at,{},2026-07-15 18:23:21 -0400,2026-07-22 17:54:34 -0400
3964,18531,2166,interred_at,{},2026-07-15 18:23:22 -0400,2026-07-15 18:23:22 -0400
3965,18532,2167,interred_at,{},2026-07-15 18:23:22 -0400,2026-07-15 18:23:22 -0400
3966,18533,2168,interred_at,{},2026-07-15 18:23:23 -0400,2026-07-15 18:23:23 -0400
3967,18534,2169,interred_at,{},2026-07-15 18:23:23 -0400,2026-07-15 18:23:23 -0400
3968,18535,2170,interred_at,{},2026-07-15 18:23:24 -0400,2026-07-15 18:23:24 -0400
3969,18536,2171,interred_at,{},2026-07-15 18:23:25 -0400,2026-07-15 18:23:25 -0400
3970,18537,2172,interred_at,{},2026-07-15 18:23:25 -0400,2026-07-15 18:23:25 -0400
3971,18538,2173,interred_at,{},2026-07-15 18:23:26 -0400,2026-07-15 18:23:26 -0400
3972,18539,2174,interred_at,{},2026-07-15 18:23:26 -0400,2026-07-15 18:23:26 -0400
3973,18540,2175,interred_at,{},2026-07-15 18:23:27 -0400,2026-07-15 18:23:27 -0400
3974,18541,2176,interred_at,{},2026-07-15 18:23:27 -0400,2026-07-15 18:23:27 -0400
3975,18542,2177,interred_at,{},2026-07-15 18:23:28 -0400,2026-07-15 18:23:28 -0400
3976,18543,2178,interred_at,{},2026-07-15 18:23:29 -0400,2026-07-15 18:23:29 -0400
3977,18544,2179,interred_at,{},2026-07-15 18:23:29 -0400,2026-07-15 18:23:29 -0400
3978,18545,2180,interred_at,{},2026-07-15 18:23:30 -0400,2026-07-15 18:23:30 -0400
3979,18546,2181,interred_at,{},2026-07-15 18:23:30 -0400,2026-07-15 18:23:30 -0400
3980,18547,2182,interred_at,{},2026-07-15 18:23:31 -0400,2026-07-15 18:23:31 -0400
3981,18548,2183,interred_at,{},2026-07-15 18:23:32 -0400,2026-07-15 18:23:32 -0400
3982,18549,2184,interred_at,{},2026-07-15 18:23:32 -0400,2026-07-15 18:23:32 -0400
3983,18550,2185,interred_at,{},2026-07-15 18:23:33 -0400,2026-07-15 18:23:33 -0400
3984,18551,2186,interred_at,{},2026-07-15 18:23:33 -0400,2026-07-15 18:23:33 -0400
3985,18552,2187,interred_at,{},2026-07-15 18:23:34 -0400,2026-07-15 18:23:34 -0400
3986,18553,2188,interred_at,{},2026-07-15 18:23:34 -0400,2026-07-15 18:23:34 -0400
3987,18554,2189,interred_at,{},2026-07-15 18:23:35 -0400,2026-07-15 18:23:35 -0400
3988,18555,2190,interred_at,{},2026-07-15 18:23:35 -0400,2026-07-15 18:23:35 -0400
3989,18556,2191,interred_at,{},2026-07-15 18:23:36 -0400,2026-07-15 18:23:36 -0400
3990,18557,2192,interred_at,{},2026-07-15 18:23:37 -0400,2026-07-15 18:23:37 -0400
3991,18558,2193,interred_at,{},2026-07-15 18:23:37 -0400,2026-07-15 18:23:37 -0400
3992,18559,2194,interred_at,{},2026-07-15 18:23:38 -0400,2026-07-15 18:23:38 -0400
3993,18560,2195,interred_at,{},2026-07-15 18:23:38 -0400,2026-07-15 18:23:38 -0400
3994,18561,2196,interred_at,{},2026-07-15 18:23:39 -0400,2026-07-15 18:23:39 -0400
3995,18562,2197,interred_at,{},2026-07-15 18:23:40 -0400,2026-07-15 18:23:40 -0400
3996,18563,2198,interred_at,{},2026-07-15 18:23:40 -0400,2026-07-15 18:23:40 -0400
3997,18564,2199,interred_at,{},2026-07-15 18:23:41 -0400,2026-07-15 18:23:41 -0400
3998,18565,2200,interred_at,{},2026-07-15 18:23:41 -0400,2026-07-15 18:23:41 -0400
3999,18566,2201,interred_at,{},2026-07-15 18:23:42 -0400,2026-07-15 18:23:42 -0400
4000,18567,2202,interred_at,{},2026-07-15 18:23:43 -0400,2026-07-15 18:23:43 -0400
4001,18568,2203,interred_at,{},2026-07-15 18:23:43 -0400,2026-07-15 18:23:43 -0400
4002,18569,2204,interred_at,{},2026-07-15 18:23:44 -0400,2026-07-15 18:23:44 -0400
4003,18570,2205,interred_at,{},2026-07-15 18:23:44 -0400,2026-07-15 18:23:44 -0400
4004,18571,2206,interred_at,{},2026-07-15 18:23:45 -0400,2026-07-15 18:23:45 -0400
4005,18572,2207,interred_at,{},2026-07-15 18:23:45 -0400,2026-07-15 18:23:45 -0400
4006,18573,2208,interred_at,{},2026-07-15 18:23:46 -0400,2026-07-15 18:23:46 -0400
4007,18574,2209,interred_at,{},2026-07-15 18:23:46 -0400,2026-07-15 18:23:46 -0400
4008,18575,2210,interred_at,{},2026-07-15 18:23:47 -0400,2026-07-15 18:23:47 -0400
4009,18576,2211,interred_at,{},2026-07-15 18:23:47 -0400,2026-07-15 18:23:47 -0400
4010,18577,2212,interred_at,{},2026-07-15 18:23:48 -0400,2026-07-15 18:23:48 -0400
4011,18578,2213,interred_at,{},2026-07-15 18:23:49 -0400,2026-07-15 18:23:49 -0400
4012,18579,2214,interred_at,{},2026-07-15 18:23:49 -0400,2026-07-15 18:23:49 -0400
4013,18580,2215,interred_at,{},2026-07-15 18:23:50 -0400,2026-07-15 18:23:50 -0400
4014,18581,2216,interred_at,{},2026-07-15 18:23:50 -0400,2026-07-15 18:23:50 -0400
4015,18582,2217,interred_at,{},2026-07-15 18:23:51 -0400,2026-07-15 18:23:51 -0400
4016,18583,2218,interred_at,{},2026-07-15 18:23:51 -0400,2026-07-15 18:23:51 -0400
4017,18584,2219,interred_at,{},2026-07-15 18:23:52 -0400,2026-07-15 18:23:52 -0400
4018,18585,2220,interred_at,{},2026-07-15 18:23:52 -0400,2026-07-15 18:23:52 -0400
4019,18586,2221,interred_at,{},2026-07-15 18:23:53 -0400,2026-07-15 18:23:53 -0400
4020,18587,2222,interred_at,{},2026-07-15 18:23:53 -0400,2026-07-15 18:23:53 -0400
4021,18588,2223,interred_at,{},2026-07-15 18:23:54 -0400,2026-07-15 18:23:54 -0400
4022,18589,2224,interred_at,{},2026-07-15 18:23:54 -0400,2026-07-15 18:23:54 -0400
4023,18590,2225,interred_at,{},2026-07-15 18:23:55 -0400,2026-07-15 18:23:55 -0400
4024,18591,2226,interred_at,{},2026-07-15 18:23:56 -0400,2026-07-15 18:23:56 -0400
4025,18592,2227,interred_at,{},2026-07-15 18:23:56 -0400,2026-07-15 18:23:56 -0400
4026,18593,2228,interred_at,{},2026-07-15 18:23:57 -0400,2026-07-15 18:23:57 -0400
4027,18594,2229,interred_at,{},2026-07-15 18:23:57 -0400,2026-07-15 18:23:57 -0400
4028,18595,2230,interred_at,{},2026-07-15 18:23:58 -0400,2026-07-15 18:23:58 -0400
4029,18596,2231,interred_at,{},2026-07-15 18:23:58 -0400,2026-07-15 18:23:58 -0400
4030,18597,2232,interred_at,{},2026-07-15 18:23:59 -0400,2026-07-15 18:23:59 -0400
4031,18598,2233,interred_at,{},2026-07-15 18:24:00 -0400,2026-07-15 18:24:00 -0400
4032,18599,2234,interred_at,{},2026-07-15 18:24:00 -0400,2026-07-15 18:24:00 -0400
4033,18600,2235,interred_at,{},2026-07-15 18:24:02 -0400,2026-07-15 18:24:02 -0400
4034,18601,2236,interred_at,{},2026-07-15 18:24:03 -0400,2026-07-15 18:24:03 -0400
4035,18602,2237,interred_at,{},2026-07-15 18:24:04 -0400,2026-07-15 18:24:04 -0400
4036,18603,2238,interred_at,{},2026-07-15 18:24:05 -0400,2026-07-15 18:24:05 -0400
4037,18604,2239,interred_at,{},2026-07-15 18:24:05 -0400,2026-07-15 18:24:05 -0400
4038,18605,2240,interred_at,{},2026-07-15 18:24:06 -0400,2026-07-15 18:24:06 -0400
4039,18606,2241,interred_at,{},2026-07-15 18:24:06 -0400,2026-07-15 18:24:06 -0400
4040,18607,2242,interred_at,{},2026-07-15 18:24:07 -0400,2026-07-15 18:24:07 -0400
4041,18608,2243,interred_at,{},2026-07-15 18:24:07 -0400,2026-07-15 18:24:07 -0400
4042,18609,2244,interred_at,{},2026-07-15 18:24:08 -0400,2026-07-15 18:24:08 -0400
4043,18610,2245,interred_at,{},2026-07-15 18:24:09 -0400,2026-07-15 18:24:09 -0400
4044,18611,2246,interred_at,{},2026-07-15 18:24:09 -0400,2026-07-15 18:24:09 -0400
4045,18612,2247,interred_at,{},2026-07-15 18:24:10 -0400,2026-07-15 18:24:10 -0400
4046,18613,2248,interred_at,{},2026-07-15 18:24:10 -0400,2026-07-15 18:24:10 -0400
4047,18614,2249,interred_at,{},2026-07-15 18:24:11 -0400,2026-07-15 18:24:11 -0400
4048,18615,2250,interred_at,{},2026-07-15 18:24:11 -0400,2026-07-15 18:24:11 -0400
4049,18616,2251,interred_at,{},2026-07-15 18:24:12 -0400,2026-07-15 18:24:12 -0400
4050,18617,2252,interred_at,{},2026-07-15 18:24:12 -0400,2026-07-15 18:24:12 -0400
4051,18618,2253,interred_at,{},2026-07-15 18:24:13 -0400,2026-07-15 18:24:13 -0400
4052,18619,2254,interred_at,{},2026-07-15 18:24:14 -0400,2026-07-15 18:24:14 -0400
4053,18620,486,interred_at,{},2026-07-15 18:24:14 -0400,2026-07-22 17:54:42 -0400
4054,18621,2256,interred_at,{},2026-07-15 18:24:15 -0400,2026-07-15 18:24:15 -0400
4055,18622,2257,interred_at,{},2026-07-15 18:24:16 -0400,2026-07-15 18:24:16 -0400
4056,18623,2258,interred_at,{},2026-07-15 18:24:16 -0400,2026-07-15 18:24:16 -0400
4057,18624,2259,interred_at,{},2026-07-15 18:24:17 -0400,2026-07-15 18:24:17 -0400
4058,18625,2260,interred_at,{},2026-07-15 18:24:17 -0400,2026-07-15 18:24:17 -0400
4059,18626,2261,interred_at,{},2026-07-15 18:24:18 -0400,2026-07-15 18:24:18 -0400
4060,18627,2262,interred_at,{},2026-07-15 18:24:18 -0400,2026-07-15 18:24:18 -0400
4061,18628,2263,interred_at,{},2026-07-15 18:24:19 -0400,2026-07-15 18:24:19 -0400
4062,18629,2264,interred_at,{},2026-07-15 18:24:20 -0400,2026-07-15 18:24:20 -0400
4063,18630,2265,interred_at,{},2026-07-15 18:24:20 -0400,2026-07-15 18:24:20 -0400
4064,18631,2266,interred_at,{},2026-07-15 18:24:21 -0400,2026-07-15 18:24:21 -0400
4065,18632,2267,interred_at,{},2026-07-15 18:24:21 -0400,2026-07-15 18:24:21 -0400
4066,18633,2268,interred_at,{},2026-07-15 18:24:22 -0400,2026-07-15 18:24:22 -0400
4067,18634,2269,interred_at,{},2026-07-15 18:24:23 -0400,2026-07-15 18:24:23 -0400
4068,18635,2270,interred_at,{},2026-07-15 18:24:23 -0400,2026-07-15 18:24:23 -0400
4069,18636,2271,interred_at,{},2026-07-15 18:24:24 -0400,2026-07-15 18:24:24 -0400
4070,18637,2272,interred_at,{},2026-07-15 18:24:24 -0400,2026-07-15 18:24:24 -0400
4071,18638,2273,interred_at,{},2026-07-15 18:24:25 -0400,2026-07-15 18:24:25 -0400
4072,18639,2274,interred_at,{},2026-07-15 18:24:26 -0400,2026-07-15 18:24:26 -0400
4073,18640,2275,interred_at,{},2026-07-15 18:24:26 -0400,2026-07-15 18:24:26 -0400
4074,18641,2276,interred_at,{},2026-07-15 18:24:27 -0400,2026-07-15 18:24:27 -0400
4075,18642,2277,interred_at,{},2026-07-15 18:24:27 -0400,2026-07-15 18:24:27 -0400
4076,18643,2278,interred_at,{},2026-07-15 18:24:28 -0400,2026-07-15 18:24:28 -0400
4077,18644,2279,interred_at,{},2026-07-15 18:24:29 -0400,2026-07-15 18:24:29 -0400
4078,18645,2280,interred_at,{},2026-07-15 18:24:29 -0400,2026-07-15 18:24:29 -0400
4079,18646,2281,interred_at,{},2026-07-15 18:24:30 -0400,2026-07-15 18:24:30 -0400
4080,18647,2282,interred_at,{},2026-07-15 18:24:31 -0400,2026-07-15 18:24:31 -0400
4081,18648,2283,interred_at,{},2026-07-15 18:24:31 -0400,2026-07-15 18:24:31 -0400
4082,18649,2284,interred_at,{},2026-07-15 18:24:32 -0400,2026-07-15 18:24:32 -0400
4083,18650,2285,interred_at,{},2026-07-15 18:24:32 -0400,2026-07-15 18:24:32 -0400
4084,18651,2286,interred_at,{},2026-07-15 18:24:33 -0400,2026-07-15 18:24:33 -0400
4085,18652,2287,interred_at,{},2026-07-15 18:24:33 -0400,2026-07-15 18:24:33 -0400
4086,18653,2288,interred_at,{},2026-07-15 18:24:34 -0400,2026-07-15 18:24:34 -0400
4087,18654,2289,interred_at,{},2026-07-15 18:24:35 -0400,2026-07-15 18:24:35 -0400
4088,18655,2290,interred_at,{},2026-07-15 18:24:35 -0400,2026-07-15 18:24:35 -0400
4089,18656,2291,interred_at,{},2026-07-15 18:24:36 -0400,2026-07-15 18:24:36 -0400
4090,18657,2292,interred_at,{},2026-07-15 18:24:37 -0400,2026-07-15 18:24:37 -0400
4091,18658,2293,interred_at,{},2026-07-15 18:24:37 -0400,2026-07-15 18:24:37 -0400
4092,18659,2294,interred_at,{},2026-07-15 18:24:38 -0400,2026-07-15 18:24:38 -0400
4093,18660,2295,interred_at,{},2026-07-15 18:24:38 -0400,2026-07-15 18:24:38 -0400
4094,18661,2296,interred_at,{},2026-07-15 18:24:39 -0400,2026-07-15 18:24:39 -0400
4095,18662,2297,interred_at,{},2026-07-15 18:24:39 -0400,2026-07-15 18:24:39 -0400
4096,18663,2298,interred_at,{},2026-07-15 18:24:40 -0400,2026-07-15 18:24:40 -0400
4097,18664,2299,interred_at,{},2026-07-15 18:24:41 -0400,2026-07-15 18:24:41 -0400
4098,18665,2300,interred_at,{},2026-07-15 18:24:41 -0400,2026-07-15 18:24:41 -0400
4099,18666,2301,interred_at,{},2026-07-15 18:24:42 -0400,2026-07-15 18:24:42 -0400
4100,18667,2302,interred_at,{},2026-07-15 18:24:42 -0400,2026-07-15 18:24:42 -0400
4101,18668,2303,interred_at,{},2026-07-15 18:24:43 -0400,2026-07-15 18:24:43 -0400
4102,18669,2304,interred_at,{},2026-07-15 18:24:43 -0400,2026-07-15 18:24:43 -0400
4103,18670,2305,interred_at,{},2026-07-15 18:24:44 -0400,2026-07-15 18:24:44 -0400
4104,18671,2305,interred_at,{},2026-07-15 18:24:45 -0400,2026-07-22 17:54:47 -0400
4105,18672,2307,interred_at,{},2026-07-15 18:24:45 -0400,2026-07-15 18:24:45 -0400
4106,18673,2308,interred_at,{},2026-07-15 18:24:46 -0400,2026-07-15 18:24:46 -0400
4107,18674,2309,interred_at,{},2026-07-15 18:24:46 -0400,2026-07-15 18:24:46 -0400
4108,18675,1762,interred_at,{},2026-07-15 18:24:47 -0400,2026-07-15 18:24:47 -0400
4109,18676,2310,interred_at,{},2026-07-15 18:24:47 -0400,2026-07-15 18:24:47 -0400
4110,18677,2311,interred_at,{},2026-07-15 18:24:48 -0400,2026-07-15 18:24:48 -0400
4111,18678,2312,interred_at,{},2026-07-15 18:24:48 -0400,2026-07-15 18:24:48 -0400
4112,18679,2313,interred_at,{},2026-07-15 18:24:49 -0400,2026-07-15 18:24:49 -0400
4113,18680,2314,interred_at,{},2026-07-15 18:24:49 -0400,2026-07-15 18:24:49 -0400
4114,18681,2315,interred_at,{},2026-07-15 18:24:50 -0400,2026-07-15 18:24:50 -0400
4115,18682,2316,interred_at,{},2026-07-15 18:24:50 -0400,2026-07-15 18:24:50 -0400
4116,18683,2317,interred_at,{},2026-07-15 18:24:51 -0400,2026-07-15 18:24:51 -0400
4117,18684,2318,interred_at,{},2026-07-15 18:24:52 -0400,2026-07-15 18:24:52 -0400
4118,18685,2319,interred_at,{},2026-07-15 18:24:52 -0400,2026-07-15 18:24:52 -0400
4119,18686,2320,interred_at,{},2026-07-15 18:24:53 -0400,2026-07-15 18:24:53 -0400
4120,18687,2321,interred_at,{},2026-07-15 18:24:53 -0400,2026-07-15 18:24:53 -0400
4121,18688,2322,interred_at,{},2026-07-15 18:24:54 -0400,2026-07-15 18:24:54 -0400
4122,18689,2323,interred_at,{},2026-07-15 18:24:55 -0400,2026-07-15 18:24:55 -0400
4123,18690,2324,interred_at,{},2026-07-15 18:24:55 -0400,2026-07-15 18:24:55 -0400
4124,18691,2325,interred_at,{},2026-07-15 18:24:56 -0400,2026-07-15 18:24:56 -0400
4125,18692,2326,interred_at,{},2026-07-15 18:24:56 -0400,2026-07-15 18:24:56 -0400
4126,18693,2327,interred_at,{},2026-07-15 18:24:57 -0400,2026-07-15 18:24:57 -0400
4127,18694,2328,interred_at,{},2026-07-15 18:24:57 -0400,2026-07-15 18:24:57 -0400
4128,18695,2329,interred_at,{},2026-07-15 18:24:58 -0400,2026-07-15 18:24:58 -0400
4129,18696,2330,interred_at,{},2026-07-15 18:24:59 -0400,2026-07-15 18:24:59 -0400
4130,18697,2331,interred_at,{},2026-07-15 18:24:59 -0400,2026-07-15 18:24:59 -0400
4131,18698,2332,interred_at,{},2026-07-15 18:25:00 -0400,2026-07-15 18:25:00 -0400
4132,18699,2333,interred_at,{},2026-07-15 18:25:00 -0400,2026-07-15 18:25:00 -0400
4133,18700,2334,interred_at,{},2026-07-15 18:25:02 -0400,2026-07-15 18:25:02 -0400
4134,18701,2335,interred_at,{},2026-07-15 18:25:02 -0400,2026-07-15 18:25:02 -0400
4135,18702,2336,interred_at,{},2026-07-15 18:25:03 -0400,2026-07-15 18:25:03 -0400
4136,18703,2337,interred_at,{},2026-07-15 18:25:04 -0400,2026-07-15 18:25:04 -0400
4137,18704,2338,interred_at,{},2026-07-15 18:25:04 -0400,2026-07-15 18:25:04 -0400
4138,18705,2339,interred_at,{},2026-07-15 18:25:05 -0400,2026-07-15 18:25:05 -0400
4139,18706,2340,interred_at,{},2026-07-15 18:25:05 -0400,2026-07-15 18:25:05 -0400
4140,18707,2341,interred_at,{},2026-07-15 18:25:06 -0400,2026-07-15 18:25:06 -0400
4141,18708,2342,interred_at,{},2026-07-15 18:25:06 -0400,2026-07-15 18:25:06 -0400
4142,18709,2343,interred_at,{},2026-07-15 18:25:07 -0400,2026-07-15 18:25:07 -0400
4143,18710,2344,interred_at,{},2026-07-15 18:25:08 -0400,2026-07-15 18:25:08 -0400
4144,18711,2345,interred_at,{},2026-07-15 18:25:08 -0400,2026-07-15 18:25:08 -0400
4145,18712,2346,interred_at,{},2026-07-15 18:25:09 -0400,2026-07-15 18:25:09 -0400
4146,18713,2347,interred_at,{},2026-07-15 18:25:09 -0400,2026-07-15 18:25:09 -0400
4147,18714,2348,interred_at,{},2026-07-15 18:25:10 -0400,2026-07-15 18:25:10 -0400
4148,18715,2349,interred_at,{},2026-07-15 18:25:11 -0400,2026-07-15 18:25:11 -0400
4149,18716,2350,interred_at,{},2026-07-15 18:25:12 -0400,2026-07-15 18:25:12 -0400
4150,18717,2351,interred_at,{},2026-07-15 18:25:12 -0400,2026-07-15 18:25:12 -0400
4151,18718,2352,interred_at,{},2026-07-15 18:25:13 -0400,2026-07-15 18:25:13 -0400
4152,18719,2353,interred_at,{},2026-07-15 18:25:13 -0400,2026-07-15 18:25:13 -0400
4153,18720,2354,interred_at,{},2026-07-15 18:25:14 -0400,2026-07-15 18:25:14 -0400
4154,18721,2355,interred_at,{},2026-07-15 18:25:14 -0400,2026-07-15 18:25:14 -0400
4155,18722,2356,interred_at,{},2026-07-15 18:25:15 -0400,2026-07-15 18:25:15 -0400
4156,18723,2357,interred_at,{},2026-07-15 18:25:15 -0400,2026-07-15 18:25:15 -0400
4157,18724,2358,interred_at,{},2026-07-15 18:25:16 -0400,2026-07-15 18:25:16 -0400
4158,18725,2359,interred_at,{},2026-07-15 18:25:17 -0400,2026-07-15 18:25:17 -0400
4159,18726,2360,interred_at,{},2026-07-15 18:25:17 -0400,2026-07-15 18:25:17 -0400
4160,18727,2361,interred_at,{},2026-07-15 18:25:18 -0400,2026-07-15 18:25:18 -0400
4161,18728,2362,interred_at,{},2026-07-15 18:25:18 -0400,2026-07-15 18:25:18 -0400
4162,18729,2363,interred_at,{},2026-07-15 18:25:19 -0400,2026-07-15 18:25:19 -0400
4163,18730,2364,interred_at,{},2026-07-15 18:25:19 -0400,2026-07-15 18:25:19 -0400
4164,18731,2365,interred_at,{},2026-07-15 18:25:20 -0400,2026-07-15 18:25:20 -0400
4165,18732,2366,interred_at,{},2026-07-15 18:25:20 -0400,2026-07-15 18:25:20 -0400
4166,18733,2367,interred_at,{},2026-07-15 18:25:21 -0400,2026-07-15 18:25:21 -0400
4167,18734,2368,operated_at,{},2026-07-15 20:18:33 -0400,2026-07-15 20:18:33 -0400
4168,18735,2369,operated_at,{},2026-07-15 20:18:33 -0400,2026-07-15 20:18:33 -0400
4169,18736,2370,operated_at,{},2026-07-15 20:18:34 -0400,2026-07-15 20:18:34 -0400
4170,18737,2371,operated_at,{},2026-07-15 20:18:34 -0400,2026-07-15 20:18:34 -0400
4171,18738,2372,operated_at,{},2026-07-15 20:18:35 -0400,2026-07-15 20:18:35 -0400
4172,18739,2373,operated_at,{},2026-07-15 20:18:35 -0400,2026-07-15 20:18:35 -0400
4173,18740,1291,located_at,{},2026-07-15 20:18:36 -0400,2026-07-22 17:54:45 -0400
4174,18741,2375,operated_at,{},2026-07-15 20:18:36 -0400,2026-07-15 20:18:36 -0400
4175,18742,2376,operated_at,{},2026-07-15 20:18:37 -0400,2026-07-15 20:18:37 -0400
4176,18743,2377,sold,"{""source_relationship"":""grantor""}",2026-07-15 20:34:25 -0400,2026-07-22 18:38:26 -0400
4177,18743,2378,purchased,"{""source_relationship"":""grantee""}",2026-07-15 20:34:25 -0400,2026-07-22 18:35:29 -0400
4178,18744,2379,sold,"{""source_relationship"":""grantor""}",2026-07-15 20:34:26 -0400,2026-07-22 18:38:27 -0400
4179,18744,2380,purchased,"{""source_relationship"":""grantee""}",2026-07-15 20:34:26 -0400,2026-07-22 18:35:29 -0400
4180,18745,2381,borrowed_from,"{""source_relationship"":""mortgagor""}",2026-07-15 20:34:26 -0400,2026-07-22 18:34:34 -0400
4181,18745,694,lent_to,"{""source_relationship"":""mortgagee""}",2026-07-15 20:34:27 -0400,2026-07-22 18:34:02 -0400
4182,18746,2382,operated_at,{},2026-07-15 20:40:08 -0400,2026-07-15 20:40:08 -0400
4183,18746,2380,operated_at,"{""source_relationship"":""proprietor""}",2026-07-15 20:40:08 -0400,2026-07-22 18:34:07 -0400
4184,18747,2383,sold,"{""source_relationship"":""grantor""}",2026-07-15 20:40:09 -0400,2026-07-22 18:38:27 -0400
4185,18747,667,purchased,"{""source_relationship"":""grantee""}",2026-07-15 20:40:09 -0400,2026-07-22 18:35:29 -0400
4186,18748,667,sold,"{""source_relationship"":""grantor""}",2026-07-15 20:40:10 -0400,2026-07-22 18:38:27 -0400
4187,18748,550,purchased,"{""source_relationship"":""grantee""}",2026-07-15 20:40:10 -0400,2026-07-22 18:35:30 -0400
4188,18749,550,sold,"{""source_relationship"":""grantor""}",2026-07-15 20:40:10 -0400,2026-07-22 18:38:27 -0400
4189,18749,2384,purchased,"{""source_relationship"":""grantee""}",2026-07-15 20:40:11 -0400,2026-07-22 18:35:30 -0400
4190,18750,2385,sold,"{""source_relationship"":""grantor""}",2026-07-15 20:40:11 -0400,2026-07-22 18:38:27 -0400
4191,18750,676,purchased,"{""source_relationship"":""grantee""}",2026-07-15 20:40:11 -0400,2026-07-22 18:35:30 -0400
4192,18751,84,sold,"{""source_relationship"":""grantor""}",2026-07-15 20:40:12 -0400,2026-07-22 18:38:28 -0400
4193,18751,2386,purchased,"{""source_relationship"":""grantee""}",2026-07-15 20:40:12 -0400,2026-07-22 18:35:30 -0400
4194,18752,2386,sold,"{""source_relationship"":""grantor""}",2026-07-15 20:40:13 -0400,2026-07-22 18:38:28 -0400
4195,18752,661,purchased,"{""source_relationship"":""grantee""}",2026-07-15 20:40:13 -0400,2026-07-22 18:35:30 -0400
4196,18753,2387,owned,"{""source_relationship"":""owner""}",2026-07-15 20:40:13 -0400,2026-07-22 18:34:47 -0400
4197,18753,2388,owned,"{""source_relationship"":""owner""}",2026-07-15 20:40:13 -0400,2026-07-22 18:34:47 -0400
4198,18754,692,purchased,"{""source_relationship"":""grantee""}",2026-07-15 20:40:14 -0400,2026-07-22 18:35:31 -0400
4199,18755,692,sold,"{""source_relationship"":""grantor""}",2026-07-15 20:40:14 -0400,2026-07-22 18:38:28 -0400
4200,18755,2381,purchased,"{""source_relationship"":""grantee""}",2026-07-15 20:40:14 -0400,2026-07-22 18:35:31 -0400
4201,18756,2389,owned,{},2026-07-15 20:46:10 -0400,2026-07-15 20:46:10 -0400
4202,18757,2390,owned,{},2026-07-15 20:46:10 -0400,2026-07-15 20:46:10 -0400
4203,18758,2391,sold,"{""source_relationship"":""grantor""}",2026-07-15 21:33:02 -0400,2026-07-22 18:38:28 -0400
4204,18758,704,purchased,"{""source_relationship"":""grantee""}",2026-07-15 21:33:03 -0400,2026-07-22 18:35:31 -0400
4205,18759,2392,owned,"{""source_relationship"":""owner""}",2026-07-15 21:33:03 -0400,2026-07-22 18:34:47 -0400
4206,18759,2393,owned,"{""source_relationship"":""owner""}",2026-07-15 21:33:03 -0400,2026-07-22 18:34:47 -0400
4207,18760,2394,sold,"{""source_relationship"":""grantor""}",2026-07-15 21:43:04 -0400,2026-07-22 18:38:28 -0400
4208,18760,704,purchased,"{""source_relationship"":""grantee""}",2026-07-15 21:43:04 -0400,2026-07-22 18:35:31 -0400
4209,18761,2395,sold,"{""source_relationship"":""grantor""}",2026-07-15 21:43:05 -0400,2026-07-22 18:38:28 -0400
4210,18761,2392,purchased,"{""source_relationship"":""grantee""}",2026-07-15 21:43:05 -0400,2026-07-22 18:35:31 -0400
4211,18761,2393,purchased,"{""source_relationship"":""grantee""}",2026-07-15 21:43:05 -0400,2026-07-22 18:35:31 -0400
4212,18762,2396,lent_to,"{""source_relationship"":""mortgagee""}",2026-07-15 21:43:06 -0400,2026-07-22 18:34:02 -0400
4213,18763,2397,leased,"{""source_relationship"":""tenant_at""}",2026-07-15 21:43:06 -0400,2026-07-22 18:36:16 -0400
4214,18764,2398,borrowed_from,"{""source_relationship"":""borrower""}",2026-07-15 21:43:07 -0400,2026-07-22 18:37:32 -0400
4215,18764,2399,lent_to,"{""source_relationship"":""mortgagee""}",2026-07-15 21:43:07 -0400,2026-07-22 18:34:03 -0400
4216,18764,2392,party_to_financing_agreement,{},2026-07-15 21:43:07 -0400,2026-07-15 21:43:07 -0400
4217,18765,2392,sold,"{""source_relationship"":""grantor""}",2026-07-15 21:43:08 -0400,2026-07-22 18:38:29 -0400
4218,18765,2400,purchased,"{""source_relationship"":""grantee""}",2026-07-15 21:43:08 -0400,2026-07-22 18:35:32 -0400
4219,18766,2400,sold,"{""source_relationship"":""grantor""}",2026-07-15 21:43:09 -0400,2026-07-22 18:38:29 -0400
4220,18766,2401,purchased,"{""source_relationship"":""grantee""}",2026-07-15 21:43:09 -0400,2026-07-22 18:35:32 -0400
4221,18767,2402,purchased,"{""source_relationship"":""grantee""}",2026-07-15 21:43:10 -0400,2026-07-22 18:35:32 -0400
4222,18768,23,leased,"{""source_relationship"":""lessor""}",2026-07-15 21:43:10 -0400,2026-07-22 18:38:46 -0400
4223,18768,2403,leased,"{""source_relationship"":""lessee""}",2026-07-15 21:43:10 -0400,2026-07-22 18:38:50 -0400
4224,18769,2404,leased,"{""source_relationship"":""lessor""}",2026-07-15 21:43:11 -0400,2026-07-22 18:38:47 -0400
4225,18769,2405,leased,"{""source_relationship"":""lessee""}",2026-07-15 21:43:11 -0400,2026-07-22 18:38:50 -0400
4226,18770,2406,sold,"{""source_relationship"":""grantor""}",2026-07-15 21:43:12 -0400,2026-07-22 18:38:29 -0400
4227,18770,2392,purchased,"{""source_relationship"":""grantee""}",2026-07-15 21:43:12 -0400,2026-07-22 18:35:32 -0400
4228,18771,2407,sold,"{""source_relationship"":""grantor""}",2026-07-15 21:59:17 -0400,2026-07-22 18:38:29 -0400
4229,18771,2386,purchased,"{""source_relationship"":""grantee""}",2026-07-15 21:59:17 -0400,2026-07-22 18:35:32 -0400
4230,18772,2408,sold,"{""source_relationship"":""grantor""}",2026-07-15 21:59:18 -0400,2026-07-22 18:38:29 -0400
4231,18772,2409,sold,"{""source_relationship"":""grantor""}",2026-07-15 21:59:18 -0400,2026-07-22 18:38:30 -0400
4232,18772,2386,purchased,"{""source_relationship"":""grantee""}",2026-07-15 21:59:18 -0400,2026-07-22 18:35:32 -0400
4233,18773,2410,sold,"{""source_relationship"":""grantor""}",2026-07-15 21:59:19 -0400,2026-07-22 18:38:30 -0400
4234,18773,2411,purchased,"{""source_relationship"":""grantee""}",2026-07-15 21:59:19 -0400,2026-07-22 18:35:33 -0400
4235,18774,1553,leased,"{""source_relationship"":""lessor""}",2026-07-15 21:59:20 -0400,2026-07-22 18:38:47 -0400
4236,18774,588,leased,"{""source_relationship"":""lessee""}",2026-07-15 21:59:20 -0400,2026-07-22 18:38:50 -0400
4237,18775,2121,sold,"{""source_relationship"":""grantor""}",2026-07-15 21:59:20 -0400,2026-07-22 18:38:30 -0400
4238,18775,2413,purchased,"{""source_relationship"":""grantee""}",2026-07-15 21:59:21 -0400,2026-07-22 18:35:33 -0400
4239,18775,2414,related_to,"{""source_relationship"":""adjacent_to""}",2026-07-15 21:59:21 -0400,2026-07-22 18:35:04 -0400
4240,18776,2415,sold,"{""source_relationship"":""grantor""}",2026-07-15 21:59:22 -0400,2026-07-22 18:38:30 -0400
4241,18776,2386,purchased,"{""source_relationship"":""grantee""}",2026-07-15 21:59:22 -0400,2026-07-22 18:35:33 -0400
4242,18777,2416,sold,"{""source_relationship"":""grantor""}",2026-07-15 21:59:23 -0400,2026-07-22 18:38:30 -0400
4243,18777,2417,purchased,"{""source_relationship"":""grantee""}",2026-07-15 21:59:23 -0400,2026-07-22 18:35:33 -0400
4244,18778,2418,sold,"{""source_relationship"":""grantor""}",2026-07-15 21:59:24 -0400,2026-07-22 18:38:31 -0400
4245,18778,2386,purchased,"{""source_relationship"":""grantee""}",2026-07-15 21:59:24 -0400,2026-07-22 18:35:33 -0400
4246,18779,2419,sold,"{""source_relationship"":""grantor""}",2026-07-15 21:59:24 -0400,2026-07-22 18:38:31 -0400
4247,18779,2420,owned,"{""source_relationship"":""prior_owner""}",2026-07-15 21:59:25 -0400,2026-07-22 18:34:42 -0400
4248,18779,2386,purchased,"{""source_relationship"":""grantee""}",2026-07-15 21:59:25 -0400,2026-07-22 18:35:33 -0400
4249,18780,2421,sold,"{""source_relationship"":""grantor""}",2026-07-15 22:42:12 -0400,2026-07-22 18:38:31 -0400
4250,18780,2406,purchased,"{""source_relationship"":""grantee""}",2026-07-15 22:42:12 -0400,2026-07-22 18:35:34 -0400
4251,18781,2392,owned,"{""source_relationship"":""owner""}",2026-07-15 22:42:12 -0400,2026-07-22 18:34:48 -0400
4252,18781,2422,lent_to,"{""source_relationship"":""mortgagee""}",2026-07-15 22:42:13 -0400,2026-07-22 18:34:03 -0400
4253,18782,2423,borrowed_from,"{""source_relationship"":""borrower""}",2026-07-15 22:42:13 -0400,2026-07-22 18:37:32 -0400
4254,18782,2424,lent_to,"{""source_relationship"":""mortgagee""}",2026-07-15 22:42:13 -0400,2026-07-22 18:34:03 -0400
4255,18782,2422,led,"{""source_relationship"":""officer""}",2026-07-15 22:42:14 -0400,2026-07-22 18:38:34 -0400
4256,18783,2425,sold,"{""source_relationship"":""grantor""}",2026-07-15 23:55:21 -0400,2026-07-22 18:38:31 -0400
4257,18783,84,purchased,"{""source_relationship"":""grantee""}",2026-07-15 23:55:22 -0400,2026-07-22 18:35:34 -0400
4258,18784,84,sold,"{""source_relationship"":""grantor""}",2026-07-15 23:55:22 -0400,2026-07-22 18:38:31 -0400
4259,18784,736,trustee_of,"{""source_relationship"":""remainderman""}",2026-07-15 23:55:22 -0400,2026-07-22 18:37:26 -0400
4260,18784,737,trustee_of,"{""source_relationship"":""remainderman""}",2026-07-15 23:55:22 -0400,2026-07-22 18:37:27 -0400
4261,18784,734,trustee_of,"{""source_relationship"":""straw_party""}",2026-07-15 23:55:22 -0400,2026-07-22 18:37:57 -0400
4262,18785,736,owned,"{""source_relationship"":""owner""}",2026-07-15 23:55:23 -0400,2026-07-22 18:34:48 -0400
4263,18785,737,owned,"{""source_relationship"":""owner""}",2026-07-15 23:55:23 -0400,2026-07-22 18:34:48 -0400
4264,18785,27,purchased,"{""source_relationship"":""grantee""}",2026-07-15 23:55:23 -0400,2026-07-22 18:35:34 -0400
4265,18786,27,sold,"{""source_relationship"":""grantor""}",2026-07-15 23:55:23 -0400,2026-07-22 18:38:32 -0400
4266,18786,738,purchased,"{""source_relationship"":""grantee""}",2026-07-15 23:55:24 -0400,2026-07-22 18:35:34 -0400
4267,18787,738,sold,"{""source_relationship"":""grantor""}",2026-07-15 23:55:24 -0400,2026-07-22 18:38:32 -0400
4268,18787,1,purchased,"{""source_relationship"":""grantee""}",2026-07-15 23:55:24 -0400,2026-07-22 18:35:34 -0400
4269,18788,2426,sold,"{""source_relationship"":""grantor""}",2026-07-15 23:55:25 -0400,2026-07-22 18:38:32 -0400
4270,18788,2398,purchased,"{""source_relationship"":""grantee""}",2026-07-15 23:55:25 -0400,2026-07-22 18:35:34 -0400
4271,18789,2427,purchased,"{""source_relationship"":""grantee""}",2026-07-15 23:55:25 -0400,2026-07-22 18:35:35 -0400
4272,18789,2428,led,"{""source_relationship"":""principal_of""}",2026-07-15 23:55:26 -0400,2026-07-22 18:37:28 -0400
4273,18790,2427,sold,"{""source_relationship"":""grantor""}",2026-07-15 23:55:26 -0400,2026-07-22 18:38:32 -0400
4274,18790,2429,purchased,"{""source_relationship"":""grantee""}",2026-07-15 23:55:26 -0400,2026-07-22 18:35:35 -0400
4275,18790,2430,purchased,"{""source_relationship"":""grantee""}",2026-07-15 23:55:27 -0400,2026-07-22 18:35:35 -0400
4276,18791,2429,sold,"{""source_relationship"":""grantor""}",2026-07-15 23:55:27 -0400,2026-07-22 18:38:32 -0400
4277,18791,743,purchased,"{""source_relationship"":""grantee""}",2026-07-15 23:55:27 -0400,2026-07-22 18:35:35 -0400
4278,18792,2431,owned,"{""source_relationship"":""owner""}",2026-07-16 08:48:06 -0400,2026-07-22 18:34:48 -0400
4279,18792,2432,party_to_suit,"{""source_relationship"":""named_in_court_case""}",2026-07-16 08:48:06 -0400,2026-07-22 18:40:10 -0400
4280,18792,2433,party_to_suit,"{""source_relationship"":""named_in_court_case""}",2026-07-16 08:48:07 -0400,2026-07-22 18:40:10 -0400
4281,18792,2434,party_to_suit,"{""source_relationship"":""named_in_court_case""}",2026-07-16 08:48:07 -0400,2026-07-22 18:40:10 -0400
4282,18793,2431,owned,"{""source_relationship"":""owner""}",2026-07-16 08:48:07 -0400,2026-07-22 18:34:48 -0400
4283,18793,2432,party_to_suit,"{""source_relationship"":""named_in_court_case""}",2026-07-16 08:48:07 -0400,2026-07-22 18:40:10 -0400
4284,18793,2433,party_to_suit,"{""source_relationship"":""named_in_court_case""}",2026-07-16 08:48:08 -0400,2026-07-22 18:40:10 -0400
4285,18793,2434,party_to_suit,"{""source_relationship"":""named_in_court_case""}",2026-07-16 08:48:08 -0400,2026-07-22 18:40:10 -0400
4286,18794,1547,purchased,"{""source_relationship"":""grantee""}",2026-07-16 10:31:19 -0400,2026-07-22 18:35:35 -0400
4287,18794,2435,sold,"{""source_relationship"":""grantor""}",2026-07-16 10:31:19 -0400,2026-07-22 18:38:32 -0400
4288,18794,2436,sold,"{""source_relationship"":""grantor""}",2026-07-16 10:31:19 -0400,2026-07-22 18:38:33 -0400
4289,18795,2437,sold,"{""source_relationship"":""grantor""}",2026-07-16 10:31:20 -0400,2026-07-22 18:38:33 -0400
4290,18795,2432,purchased,"{""source_relationship"":""grantee""}",2026-07-16 10:31:20 -0400,2026-07-22 18:36:09 -0400
4291,18795,2433,purchased,"{""source_relationship"":""grantee""}",2026-07-16 10:31:20 -0400,2026-07-22 18:36:09 -0400
4292,18795,2434,purchased,"{""source_relationship"":""grantee""}",2026-07-16 10:31:20 -0400,2026-07-22 18:36:10 -0400
4293,18796,2438,sold,"{""source_relationship"":""grantor""}",2026-07-16 10:31:21 -0400,2026-07-22 18:38:33 -0400
4294,18796,2439,led,"{""source_relationship"":""principal_of""}",2026-07-16 10:31:21 -0400,2026-07-22 18:37:28 -0400
4295,18796,2440,purchased,"{""source_relationship"":""grantee""}",2026-07-16 10:31:21 -0400,2026-07-22 18:36:10 -0400
4296,18796,2441,purchased,"{""source_relationship"":""grantee""}",2026-07-16 10:31:21 -0400,2026-07-22 18:36:10 -0400
4297,18797,2440,sold,"{""source_relationship"":""grantor""}",2026-07-16 10:31:22 -0400,2026-07-22 18:38:33 -0400
4298,18797,2442,purchased,"{""source_relationship"":""grantee""}",2026-07-16 10:31:22 -0400,2026-07-22 18:36:10 -0400
4299,18797,2443,purchased,"{""source_relationship"":""grantee""}",2026-07-16 10:31:22 -0400,2026-07-22 18:36:10 -0400
4300,18797,2438,lent_to,"{""source_relationship"":""mortgagee""}",2026-07-16 10:31:23 -0400,2026-07-22 18:34:03 -0400
4301,18798,2444,owned,"{""source_relationship"":""former_landowner""}",2026-07-16 10:32:30 -0400,2026-07-22 18:33:59 -0400
4302,18799,2432,occupied,"{""source_relationship"":""historic_occupant_of""}",2026-07-16 10:37:20 -0400,2026-07-22 18:34:26 -0400
4303,18799,2433,occupied,"{""source_relationship"":""historic_occupant_of""}",2026-07-16 10:37:20 -0400,2026-07-22 18:34:27 -0400
4304,18799,2434,occupied,"{""source_relationship"":""historic_occupant_of""}",2026-07-16 10:37:20 -0400,2026-07-22 18:34:27 -0400
4305,18799,2431,operated_at,{},2026-07-16 10:37:20 -0400,2026-07-16 10:37:20 -0400
4306,18810,2445,purchased,"{""source_relationship"":""purchased_at_auction""}",2026-07-16 15:36:55 -0400,2026-07-22 19:11:26 -0400
4307,18811,2446,purchased,"{""source_relationship"":""purchased_at""}",2026-07-16 15:43:40 -0400,2026-07-22 18:38:40 -0400
4308,18815,2445,leased,"{""source_relationship"":""lessor""}",2026-07-16 15:57:10 -0400,2026-07-22 18:38:47 -0400
4309,18825,2447,purchased,"{""source_relationship"":""grantee""}",2026-07-16 17:02:45 -0400,2026-07-22 18:36:11 -0400
4310,18825,2445,trustee_of,"{""source_relationship"":""settlor""}",2026-07-16 17:02:45 -0400,2026-07-22 18:33:56 -0400
4311,18825,2426,purchased,"{""source_relationship"":""grantee""}",2026-07-16 17:02:45 -0400,2026-07-22 18:36:11 -0400
4312,18918,2459,business_at,{},2026-07-18 20:31:23 -0400,2026-07-18 20:31:23 -0400
4313,18919,2459,victim_of,"{""source_relationship"":""victim""}",2026-07-18 20:31:23 -0400,2026-07-22 18:37:04 -0400
4314,18919,2460,victim_of,"{""source_relationship"":""victim""}",2026-07-18 20:31:24 -0400,2026-07-22 18:37:04 -0400
4315,18920,2459,victim_of,"{""source_relationship"":""victim""}",2026-07-18 20:31:24 -0400,2026-07-22 18:37:05 -0400
4316,18920,2460,victim_of,"{""source_relationship"":""victim""}",2026-07-18 20:31:24 -0400,2026-07-22 18:37:05 -0400
4317,18921,2449,lived_at,"{""source_relationship"":""resident""}",2026-07-18 20:31:28 -0400,2026-07-22 18:35:18 -0400
4318,18921,2448,lived_at,"{""source_relationship"":""resident""}",2026-07-18 20:31:28 -0400,2026-07-22 18:35:18 -0400
4319,18922,2451,owned,"{""source_relationship"":""business_owner""}",2026-07-18 20:31:28 -0400,2026-07-22 18:37:48 -0400
4320,18922,2448,owned,"{""source_relationship"":""business_owner""}",2026-07-18 20:31:29 -0400,2026-07-22 18:37:48 -0400
4321,18923,2451,lived_at,"{""source_relationship"":""resident""}",2026-07-18 20:31:29 -0400,2026-07-22 18:35:18 -0400
4322,18924,2450,victim_of,"{""source_relationship"":""victim""}",2026-07-18 20:31:29 -0400,2026-07-22 18:37:05 -0400
4323,18924,2448,lived_at,"{""source_relationship"":""resident""}",2026-07-18 20:31:30 -0400,2026-07-22 18:35:18 -0400
4324,18925,2454,sold,"{""source_relationship"":""seller""}",2026-07-18 20:31:30 -0400,2026-07-22 18:33:42 -0400
4325,18925,2455,purchased,"{""source_relationship"":""buyer""}",2026-07-18 20:31:30 -0400,2026-07-22 18:37:25 -0400
4326,18926,2454,applied_for,"{""source_relationship"":""applicant""}",2026-07-18 20:31:30 -0400,2026-07-22 18:36:22 -0400
4327,18927,2371,business_at,{},2026-07-18 20:31:30 -0400,2026-07-22 17:37:39 -0400
4328,18928,2457,business_at,{},2026-07-18 20:31:30 -0400,2026-07-18 20:31:30 -0400
4329,18929,2458,perpetrator_of,"{""source_relationship"":""arrested""}",2026-07-18 20:31:30 -0400,2026-07-22 18:36:54 -0400
4330,18934,2452,owned,"{""source_relationship"":""business_owner""}",2026-07-18 20:31:31 -0400,2026-07-22 18:37:48 -0400
4331,18934,2453,victim_of,"{""source_relationship"":""victim""}",2026-07-18 20:31:31 -0400,2026-07-22 18:37:05 -0400
4332,18935,2461,business_at,{},2026-07-18 20:31:32 -0400,2026-07-18 20:31:32 -0400
4333,18935,2462,owned,"{""source_relationship"":""business_owner""}",2026-07-18 20:31:32 -0400,2026-07-22 18:37:48 -0400
4334,18935,2463,owned,"{""source_relationship"":""business_owner""}",2026-07-18 20:31:32 -0400,2026-07-22 18:37:49 -0400
4335,18936,2461,location,{},2026-07-18 20:31:33 -0400,2026-07-18 20:31:33 -0400
4336,18936,2462,victim_of,"{""source_relationship"":""victim""}",2026-07-18 20:31:33 -0400,2026-07-22 18:37:05 -0400
4337,18936,2463,victim_of,"{""source_relationship"":""victim""}",2026-07-18 20:31:33 -0400,2026-07-22 18:37:06 -0400
4338,18936,2464,victim_of,"{""source_relationship"":""victim""}",2026-07-18 20:31:33 -0400,2026-07-22 18:37:06 -0400
4339,18936,2465,perpetrator_of,"{""source_relationship"":""perpetrator""}",2026-07-18 20:31:33 -0400,2026-07-22 18:38:13 -0400
4340,18936,2466,perpetrator_of,"{""source_relationship"":""perpetrator""}",2026-07-18 20:31:33 -0400,2026-07-22 18:38:13 -0400
4341,18937,2468,owned,"{""source_relationship"":""business_owner""}",2026-07-18 20:41:19 -0400,2026-07-22 18:37:49 -0400
4342,18937,2467,owned,"{""source_relationship"":""business_owner""}",2026-07-18 20:41:19 -0400,2026-07-22 18:37:49 -0400
4343,18938,2468,owned,"{""source_relationship"":""business_owner""}",2026-07-18 20:41:19 -0400,2026-07-22 18:37:49 -0400
4344,18939,2468,lived_at,"{""source_relationship"":""resident""}",2026-07-18 20:41:19 -0400,2026-07-22 18:35:18 -0400
4345,18939,2469,family,{},2026-07-18 20:41:19 -0400,2026-07-18 20:41:19 -0400
4346,18939,2470,family,{},2026-07-18 20:41:19 -0400,2026-07-18 20:41:19 -0400
4347,18939,2471,family,{},2026-07-18 20:41:20 -0400,2026-07-18 20:41:20 -0400
4348,18940,2467,owned,"{""source_relationship"":""business_owner""}",2026-07-18 20:41:20 -0400,2026-07-22 18:37:49 -0400
4349,18941,2472,lived_at,"{""source_relationship"":""resident""}",2026-07-18 20:41:20 -0400,2026-07-22 18:35:18 -0400
4350,18941,2471,family,{},2026-07-18 20:41:20 -0400,2026-07-18 20:41:20 -0400
4351,18941,2473,family,{},2026-07-18 20:41:20 -0400,2026-07-18 20:41:20 -0400
4352,18941,2474,family,{},2026-07-18 20:41:21 -0400,2026-07-18 20:41:21 -0400
4353,18942,2471,owned,"{""source_relationship"":""business_owner""}",2026-07-18 20:41:21 -0400,2026-07-22 18:37:50 -0400
4354,18942,2472,owned,"{""source_relationship"":""business_owner""}",2026-07-18 20:41:21 -0400,2026-07-22 18:37:50 -0400
4355,18943,2471,owned,"{""source_relationship"":""business_owner""}",2026-07-18 20:41:21 -0400,2026-07-22 18:37:50 -0400
4356,18944,2471,lived_at,"{""source_relationship"":""resident""}",2026-07-18 20:41:22 -0400,2026-07-22 18:35:19 -0400
4357,18945,2471,sold,"{""source_relationship"":""seller""}",2026-07-18 20:41:22 -0400,2026-07-22 18:33:42 -0400
4358,18945,2468,founded,"{""source_relationship"":""founder""}",2026-07-18 20:41:22 -0400,2026-07-22 18:34:55 -0400
4359,18945,2467,sold,"{""source_relationship"":""seller""}",2026-07-18 20:41:22 -0400,2026-07-22 18:33:42 -0400
4360,18946,2475,business_at,{},2026-07-18 20:41:23 -0400,2026-07-18 20:41:23 -0400
4361,18946,2476,owned,"{""source_relationship"":""business_owner""}",2026-07-18 20:41:23 -0400,2026-07-22 18:37:50 -0400
4362,18947,2475,business_at,{},2026-07-18 20:41:23 -0400,2026-07-18 20:41:23 -0400
4363,18947,2476,owned,"{""source_relationship"":""business_owner""}",2026-07-18 20:41:23 -0400,2026-07-22 18:37:50 -0400
4364,18948,2471,sold,"{""source_relationship"":""seller""}",2026-07-18 20:49:27 -0400,2026-07-22 18:33:42 -0400
4365,18948,2477,trustee_of,"{""source_relationship"":""trustee""}",2026-07-18 20:49:27 -0400,2026-07-22 18:34:54 -0400
4366,18949,2471,lived_at,"{""source_relationship"":""resident""}",2026-07-18 20:49:27 -0400,2026-07-22 18:35:19 -0400
4367,18950,2471,owned,"{""source_relationship"":""owner""}",2026-07-18 20:49:27 -0400,2026-07-22 18:34:48 -0400
4368,18952,2478,business_at,{},2026-07-18 20:49:28 -0400,2026-07-18 20:49:28 -0400
4369,18952,2479,owned,"{""source_relationship"":""business_owner""}",2026-07-18 20:49:28 -0400,2026-07-22 18:37:50 -0400
4370,18952,2480,owned,"{""source_relationship"":""business_owner""}",2026-07-18 20:49:28 -0400,2026-07-22 18:37:51 -0400
4371,18954,396,owned,"{""source_relationship"":""business_owner""}",2026-07-18 20:49:28 -0400,2026-07-22 18:37:51 -0400
4372,18954,2482,owned,"{""source_relationship"":""business_owner""}",2026-07-18 20:49:28 -0400,2026-07-22 18:37:51 -0400
4373,18954,2483,owned,"{""source_relationship"":""business_owner""}",2026-07-18 20:49:28 -0400,2026-07-22 18:37:51 -0400
4374,18955,2481,owned,"{""source_relationship"":""business_owner""}",2026-07-18 20:49:29 -0400,2026-07-22 18:37:51 -0400
4375,18956,2484,owned,"{""source_relationship"":""owner""}",2026-07-18 20:49:29 -0400,2026-07-22 18:34:49 -0400
4376,18956,2485,owned,"{""source_relationship"":""owner""}",2026-07-18 20:49:29 -0400,2026-07-22 18:34:49 -0400
4377,18958,2486,owned,"{""source_relationship"":""owner""}",2026-07-18 20:49:30 -0400,2026-07-22 18:34:49 -0400
4378,18959,2464,lived_at,"{""source_relationship"":""resident""}",2026-07-18 20:53:10 -0400,2026-07-22 18:35:19 -0400
4379,18960,2487,business_at,{},2026-07-18 20:53:11 -0400,2026-07-18 20:53:11 -0400
4380,18960,2488,owned,"{""source_relationship"":""business_owner""}",2026-07-18 20:53:11 -0400,2026-07-22 18:37:51 -0400
4381,18960,2489,owned,"{""source_relationship"":""business_owner""}",2026-07-18 20:53:11 -0400,2026-07-22 18:37:52 -0400
4382,18961,2490,business_at,{},2026-07-18 20:53:11 -0400,2026-07-18 20:53:11 -0400
4383,18961,2491,owned,"{""source_relationship"":""business_owner""}",2026-07-18 20:53:12 -0400,2026-07-22 18:37:52 -0400
4384,18961,2492,owned,"{""source_relationship"":""business_owner""}",2026-07-18 20:53:12 -0400,2026-07-22 18:37:52 -0400
4385,18962,2493,business_at,{},2026-07-18 20:53:12 -0400,2026-07-18 20:53:12 -0400
4386,18962,2491,owned,"{""source_relationship"":""business_owner""}",2026-07-18 20:53:12 -0400,2026-07-22 18:37:52 -0400
4387,18963,2494,owned,"{""source_relationship"":""business_owner""}",2026-07-18 20:53:12 -0400,2026-07-22 18:37:52 -0400
4388,18964,2495,business_at,{},2026-07-18 20:53:12 -0400,2026-07-18 20:53:12 -0400
4389,18964,2496,owned,"{""source_relationship"":""business_owner""}",2026-07-18 20:53:13 -0400,2026-07-22 18:37:52 -0400
4390,18964,2497,owned,"{""source_relationship"":""business_owner""}",2026-07-18 20:53:13 -0400,2026-07-22 18:37:53 -0400
4391,20078,2498,owned,{},2026-07-22 14:19:19 -0400,2026-07-22 14:19:19 -0400
4392,6697,138,sold,{},2026-07-22 14:19:20 -0400,2026-07-22 17:37:25 -0400
4393,6696,2500,sold,{},2026-07-22 14:19:20 -0400,2026-07-22 14:19:20 -0400
4394,20079,2501,owned,{},2026-07-22 14:19:21 -0400,2026-07-22 14:19:21 -0400
4395,6700,142,sold,{},2026-07-22 14:19:21 -0400,2026-07-22 14:19:21 -0400
4396,6699,2502,sold,{},2026-07-22 14:19:22 -0400,2026-07-22 14:19:22 -0400
4397,20080,2503,owned,{},2026-07-22 14:19:22 -0400,2026-07-22 14:19:22 -0400
4398,6703,2504,sold,{},2026-07-22 14:19:23 -0400,2026-07-22 14:19:23 -0400
4399,6702,2505,sold,{},2026-07-22 14:19:23 -0400,2026-07-22 14:19:23 -0400
4400,20081,2506,owned,{},2026-07-22 14:19:24 -0400,2026-07-22 14:19:24 -0400
4401,6706,2507,sold,{},2026-07-22 14:19:24 -0400,2026-07-22 14:19:24 -0400
4402,6705,2508,sold,{},2026-07-22 14:19:25 -0400,2026-07-22 14:19:25 -0400
4403,20082,1,owned,{},2026-07-22 14:19:25 -0400,2026-07-22 14:19:25 -0400
4404,6707,2509,sold,{},2026-07-22 14:19:26 -0400,2026-07-22 14:19:26 -0400
4405,20083,152,owned,{},2026-07-22 14:19:26 -0400,2026-07-22 14:19:26 -0400
4406,20084,2510,owned,{},2026-07-22 14:19:27 -0400,2026-07-22 14:19:27 -0400
4407,20085,152,owned,{},2026-07-22 14:19:27 -0400,2026-07-22 14:19:27 -0400
4408,6710,2511,sold,{},2026-07-22 14:19:28 -0400,2026-07-22 14:19:28 -0400
4409,20086,2512,owned,{},2026-07-22 14:19:29 -0400,2026-07-22 14:19:29 -0400
4410,20087,152,owned,{},2026-07-22 14:19:29 -0400,2026-07-22 14:19:29 -0400
4411,20088,2513,owned,{},2026-07-22 14:19:30 -0400,2026-07-22 14:19:30 -0400
4412,6712,2514,sold,{},2026-07-22 14:19:30 -0400,2026-07-22 14:19:30 -0400
4413,20089,152,owned,{},2026-07-22 14:19:30 -0400,2026-07-22 14:19:30 -0400
4414,6714,2515,sold,{},2026-07-22 14:19:31 -0400,2026-07-22 14:19:31 -0400
4415,6713,2516,sold,{},2026-07-22 14:19:31 -0400,2026-07-22 14:19:31 -0400
4416,20090,2517,owned,{},2026-07-22 14:19:32 -0400,2026-07-22 14:19:32 -0400
4417,20091,152,owned,{},2026-07-22 14:19:32 -0400,2026-07-22 14:19:32 -0400
4418,6716,2518,sold,{},2026-07-22 14:19:33 -0400,2026-07-22 14:19:33 -0400
4419,20092,2519,owned,{},2026-07-22 14:19:33 -0400,2026-07-22 14:19:33 -0400
4420,20093,152,owned,{},2026-07-22 14:19:34 -0400,2026-07-22 14:19:34 -0400
4421,20094,2520,owned,{},2026-07-22 14:19:35 -0400,2026-07-22 14:19:35 -0400
4422,20095,152,owned,{},2026-07-22 14:19:35 -0400,2026-07-22 14:19:35 -0400
4423,6720,2521,sold,{},2026-07-22 14:19:36 -0400,2026-07-22 14:19:36 -0400
4424,6719,2522,sold,{},2026-07-22 14:19:36 -0400,2026-07-22 14:19:36 -0400
4425,20096,2523,owned,{},2026-07-22 14:19:37 -0400,2026-07-22 14:19:37 -0400
4426,20097,170,owned,{},2026-07-22 14:19:37 -0400,2026-07-22 17:37:26 -0400
4427,6724,2515,sold,{},2026-07-22 14:19:38 -0400,2026-07-22 14:19:38 -0400
4428,6723,2525,sold,{},2026-07-22 14:19:38 -0400,2026-07-22 14:19:38 -0400
4429,20098,1,owned,{},2026-07-22 14:19:38 -0400,2026-07-22 14:19:38 -0400
4430,6726,2515,sold,{},2026-07-22 14:19:39 -0400,2026-07-22 14:19:39 -0400
4431,20099,1,owned,{},2026-07-22 14:19:39 -0400,2026-07-22 14:19:39 -0400
4432,6729,2515,sold,{},2026-07-22 14:19:39 -0400,2026-07-22 14:19:39 -0400
4433,6728,199,sold,{},2026-07-22 14:19:40 -0400,2026-07-22 14:19:40 -0400
4434,20100,1,owned,{},2026-07-22 14:19:40 -0400,2026-07-22 14:19:40 -0400
4435,6730,2526,sold,{},2026-07-22 14:19:40 -0400,2026-07-22 14:19:40 -0400
4436,20101,201,owned,{},2026-07-22 14:19:41 -0400,2026-07-22 14:19:41 -0400
4437,6733,209,sold,{},2026-07-22 14:19:41 -0400,2026-07-22 17:37:28 -0400
4438,6732,2528,sold,{},2026-07-22 14:19:42 -0400,2026-07-22 14:19:42 -0400
4439,20102,2529,owned,{},2026-07-22 14:19:42 -0400,2026-07-22 14:19:42 -0400
4440,20103,152,owned,{},2026-07-22 14:19:43 -0400,2026-07-22 14:19:43 -0400
4441,6735,2530,sold,{},2026-07-22 14:19:43 -0400,2026-07-22 14:19:43 -0400
4442,20104,233,owned,{},2026-07-22 14:19:44 -0400,2026-07-22 17:37:27 -0400
4443,6738,2532,sold,{},2026-07-22 14:19:44 -0400,2026-07-22 14:19:44 -0400
4444,20105,152,owned,{},2026-07-22 14:19:45 -0400,2026-07-22 14:19:45 -0400
4445,6739,2533,sold,{},2026-07-22 14:19:45 -0400,2026-07-22 14:19:45 -0400
4446,20106,152,owned,{},2026-07-22 14:19:45 -0400,2026-07-22 14:19:45 -0400
4447,20107,152,owned,{},2026-07-22 14:19:46 -0400,2026-07-22 14:19:46 -0400
4448,6741,2534,sold,{},2026-07-22 14:19:46 -0400,2026-07-22 14:19:46 -0400
4449,20108,152,owned,{},2026-07-22 14:19:47 -0400,2026-07-22 14:19:47 -0400
4450,6743,2535,sold,{},2026-07-22 14:19:47 -0400,2026-07-22 14:19:47 -0400
4451,6742,262,sold,{},2026-07-22 14:19:48 -0400,2026-07-22 17:37:28 -0400
4452,20109,267,owned,{},2026-07-22 14:19:48 -0400,2026-07-22 14:19:48 -0400
4453,6744,275,sold,{},2026-07-22 14:19:49 -0400,2026-07-22 17:37:28 -0400
4454,20110,152,owned,{},2026-07-22 14:19:49 -0400,2026-07-22 14:19:49 -0400
4455,6747,286,sold,{},2026-07-22 14:19:49 -0400,2026-07-22 17:37:29 -0400
4456,6746,2539,sold,{},2026-07-22 14:19:50 -0400,2026-07-22 14:19:50 -0400
4457,20111,2540,owned,{},2026-07-22 14:19:50 -0400,2026-07-22 14:19:50 -0400
4458,6748,275,sold,{},2026-07-22 14:19:51 -0400,2026-07-22 17:37:29 -0400
4459,20112,152,owned,{},2026-07-22 14:19:51 -0400,2026-07-22 14:19:51 -0400
4460,6750,2541,sold,{},2026-07-22 14:19:52 -0400,2026-07-22 14:19:52 -0400
4461,20113,2542,owned,{},2026-07-22 14:19:52 -0400,2026-07-22 14:19:52 -0400
4462,6752,275,sold,{},2026-07-22 14:19:52 -0400,2026-07-22 17:37:29 -0400
4463,20114,152,owned,{},2026-07-22 14:19:53 -0400,2026-07-22 14:19:53 -0400
4464,6755,2543,sold,{},2026-07-22 14:19:53 -0400,2026-07-22 14:19:53 -0400
4465,6754,303,sold,{},2026-07-22 14:19:54 -0400,2026-07-22 17:37:30 -0400
4466,20115,2545,owned,{},2026-07-22 14:19:54 -0400,2026-07-22 14:19:54 -0400
4467,6758,314,sold,{},2026-07-22 14:19:55 -0400,2026-07-22 14:19:55 -0400
4468,6757,313,sold,{},2026-07-22 14:19:55 -0400,2026-07-22 14:19:55 -0400
4469,20116,1,owned,{},2026-07-22 14:19:55 -0400,2026-07-22 14:19:55 -0400
4470,6761,2546,sold,{},2026-07-22 14:19:56 -0400,2026-07-22 14:19:56 -0400
4471,6760,2547,sold,{},2026-07-22 14:19:56 -0400,2026-07-22 14:19:56 -0400
4472,20117,2548,owned,{},2026-07-22 14:19:57 -0400,2026-07-22 14:19:57 -0400
4473,6763,2549,sold,{},2026-07-22 14:19:57 -0400,2026-07-22 14:19:57 -0400
4474,20118,2550,owned,{},2026-07-22 14:19:58 -0400,2026-07-22 14:19:58 -0400
4475,6766,2515,sold,{},2026-07-22 14:19:58 -0400,2026-07-22 14:19:58 -0400
4476,20119,2551,owned,{},2026-07-22 14:19:59 -0400,2026-07-22 14:19:59 -0400
4477,20120,2552,owned,{},2026-07-22 14:20:00 -0400,2026-07-22 14:20:00 -0400
4478,6767,1086,sold,{},2026-07-22 14:20:00 -0400,2026-07-22 17:37:38 -0400
4479,20121,1081,owned,{},2026-07-22 14:20:01 -0400,2026-07-22 14:20:01 -0400
4480,6770,351,sold,{},2026-07-22 14:20:01 -0400,2026-07-22 14:20:01 -0400
4481,6769,350,sold,{},2026-07-22 14:20:01 -0400,2026-07-22 17:37:30 -0400
4482,20122,352,owned,{},2026-07-22 14:20:02 -0400,2026-07-22 14:20:02 -0400
4483,6771,2555,sold,{},2026-07-22 14:20:02 -0400,2026-07-22 14:20:02 -0400
4484,20123,352,owned,{},2026-07-22 14:20:03 -0400,2026-07-22 14:20:03 -0400
4485,6772,1095,sold,{},2026-07-22 14:20:03 -0400,2026-07-22 17:37:38 -0400
4486,20124,2557,owned,{},2026-07-22 14:20:04 -0400,2026-07-22 14:20:04 -0400
4487,6775,382,sold,{},2026-07-22 14:20:04 -0400,2026-07-22 14:20:04 -0400
4488,6774,381,sold,{},2026-07-22 14:20:04 -0400,2026-07-22 14:20:04 -0400
4489,20125,385,owned,{},2026-07-22 14:20:05 -0400,2026-07-22 14:20:05 -0400
4490,6777,2558,sold,{},2026-07-22 14:20:05 -0400,2026-07-22 14:20:05 -0400
4491,6776,2559,sold,{},2026-07-22 14:20:06 -0400,2026-07-22 14:20:06 -0400
4492,20126,2560,owned,{},2026-07-22 14:20:06 -0400,2026-07-22 14:20:06 -0400
4493,6778,397,sold,{},2026-07-22 14:20:07 -0400,2026-07-22 17:37:30 -0400
4494,20127,398,owned,{},2026-07-22 14:20:07 -0400,2026-07-22 17:37:31 -0400
4495,6781,2563,sold,{},2026-07-22 14:20:08 -0400,2026-07-22 14:20:08 -0400
4496,6780,2564,sold,{},2026-07-22 14:20:08 -0400,2026-07-22 14:20:08 -0400
4497,20128,2565,owned,{},2026-07-22 14:20:09 -0400,2026-07-22 14:20:09 -0400
4498,6782,2566,sold,{},2026-07-22 14:20:09 -0400,2026-07-22 14:20:09 -0400
4499,20129,2567,owned,{},2026-07-22 14:20:10 -0400,2026-07-22 14:20:10 -0400
4500,6784,416,sold,{},2026-07-22 14:20:11 -0400,2026-07-22 17:37:32 -0400
4501,6783,414,sold,{},2026-07-22 14:20:11 -0400,2026-07-22 17:37:32 -0400
4502,20130,417,owned,{},2026-07-22 14:20:11 -0400,2026-07-22 14:20:11 -0400
4503,6786,2570,sold,{},2026-07-22 14:20:12 -0400,2026-07-22 14:20:12 -0400
4504,6785,2571,sold,{},2026-07-22 14:20:12 -0400,2026-07-22 14:20:12 -0400
4505,20131,2572,owned,{},2026-07-22 14:20:13 -0400,2026-07-22 14:20:13 -0400
4506,6788,2573,sold,{},2026-07-22 14:20:14 -0400,2026-07-22 14:20:14 -0400
4507,6787,2574,sold,{},2026-07-22 14:20:14 -0400,2026-07-22 14:20:14 -0400
4508,20132,424,owned,{},2026-07-22 14:20:15 -0400,2026-07-22 17:37:32 -0400
4509,20133,2576,owned,{},2026-07-22 14:20:16 -0400,2026-07-22 14:20:16 -0400
4510,6790,2577,sold,{},2026-07-22 14:20:16 -0400,2026-07-22 14:20:16 -0400
4511,6789,2578,sold,{},2026-07-22 14:20:16 -0400,2026-07-22 14:20:16 -0400
4512,20134,2579,owned,{},2026-07-22 14:20:17 -0400,2026-07-22 14:20:17 -0400
4513,6791,2580,sold,{},2026-07-22 14:20:18 -0400,2026-07-22 14:20:18 -0400
4514,20135,398,owned,{},2026-07-22 14:20:18 -0400,2026-07-22 17:37:31 -0400
4515,6794,2581,sold,{},2026-07-22 14:20:19 -0400,2026-07-22 14:20:19 -0400
4516,6793,2582,sold,{},2026-07-22 14:20:19 -0400,2026-07-22 14:20:19 -0400
4517,20136,2583,owned,{},2026-07-22 14:20:20 -0400,2026-07-22 14:20:20 -0400
4518,6796,2582,sold,{},2026-07-22 14:20:20 -0400,2026-07-22 14:20:20 -0400
4519,6795,2584,sold,{},2026-07-22 14:20:20 -0400,2026-07-22 14:20:20 -0400
4520,20137,398,owned,{},2026-07-22 14:20:21 -0400,2026-07-22 17:37:31 -0400
4521,6798,2585,sold,{},2026-07-22 14:20:21 -0400,2026-07-22 14:20:21 -0400
4522,6797,675,sold,{},2026-07-22 14:20:22 -0400,2026-07-22 14:20:22 -0400
4523,20138,2586,owned,{},2026-07-22 14:20:22 -0400,2026-07-22 14:20:22 -0400
4524,20139,2587,owned,{},2026-07-22 14:20:23 -0400,2026-07-22 14:20:23 -0400
4525,6801,2588,sold,{},2026-07-22 14:20:24 -0400,2026-07-22 14:20:24 -0400
4526,6802,2589,sold,{},2026-07-22 14:20:24 -0400,2026-07-22 14:20:24 -0400
4527,20140,2590,owned,{},2026-07-22 14:20:25 -0400,2026-07-22 14:20:25 -0400
4528,6804,2591,sold,{},2026-07-22 14:20:25 -0400,2026-07-22 14:20:25 -0400
4529,6803,2592,sold,{},2026-07-22 14:20:25 -0400,2026-07-22 14:20:25 -0400
4530,20141,2589,owned,{},2026-07-22 14:20:26 -0400,2026-07-22 14:20:26 -0400
4531,6807,2589,sold,{},2026-07-22 14:20:26 -0400,2026-07-22 14:20:26 -0400
4532,6806,2591,sold,{},2026-07-22 14:20:26 -0400,2026-07-22 14:20:26 -0400
4533,20142,2593,owned,{},2026-07-22 14:20:27 -0400,2026-07-22 14:20:27 -0400
4534,20143,2594,owned,{},2026-07-22 14:20:28 -0400,2026-07-22 14:20:28 -0400
4535,6812,2595,sold,{},2026-07-22 14:20:29 -0400,2026-07-22 14:20:29 -0400
4536,6811,2596,sold,{},2026-07-22 14:20:29 -0400,2026-07-22 14:20:29 -0400
4537,20144,2597,owned,{},2026-07-22 14:20:30 -0400,2026-07-22 14:20:30 -0400
4538,20145,2598,owned,{},2026-07-22 14:20:30 -0400,2026-07-22 14:20:30 -0400
4539,6815,2599,sold,{},2026-07-22 14:20:31 -0400,2026-07-22 14:20:31 -0400
4540,6814,2600,sold,{},2026-07-22 14:20:31 -0400,2026-07-22 14:20:31 -0400
4541,20146,2601,owned,{},2026-07-22 14:20:32 -0400,2026-07-22 14:20:32 -0400
4542,6818,2602,sold,{},2026-07-22 14:20:32 -0400,2026-07-22 14:20:32 -0400
4543,6817,2603,sold,{},2026-07-22 14:20:33 -0400,2026-07-22 14:20:33 -0400
4544,20147,2604,owned,{},2026-07-22 14:20:33 -0400,2026-07-22 14:20:33 -0400
4545,6821,2605,sold,{},2026-07-22 14:20:34 -0400,2026-07-22 14:20:34 -0400
4546,6820,2606,sold,{},2026-07-22 14:20:34 -0400,2026-07-22 14:20:34 -0400
4547,20148,2607,owned,{},2026-07-22 14:20:35 -0400,2026-07-22 14:20:35 -0400
4548,6824,2608,sold,{},2026-07-22 14:20:35 -0400,2026-07-22 14:20:35 -0400
4549,6823,2609,sold,{},2026-07-22 14:20:36 -0400,2026-07-22 14:20:36 -0400
4550,20149,2610,owned,{},2026-07-22 14:20:36 -0400,2026-07-22 14:20:36 -0400
4551,6827,2611,sold,{},2026-07-22 14:20:37 -0400,2026-07-22 14:20:37 -0400
4552,6826,2612,sold,{},2026-07-22 14:20:37 -0400,2026-07-22 14:20:37 -0400
4553,20150,2613,owned,{},2026-07-22 14:20:38 -0400,2026-07-22 14:20:38 -0400
4554,6830,2614,sold,{},2026-07-22 14:20:38 -0400,2026-07-22 14:20:38 -0400
4555,6829,2615,sold,{},2026-07-22 14:20:38 -0400,2026-07-22 14:20:38 -0400
4556,20151,2616,owned,{},2026-07-22 14:20:39 -0400,2026-07-22 14:20:39 -0400
4557,6833,483,sold,{},2026-07-22 14:20:39 -0400,2026-07-22 14:20:39 -0400
4558,6832,481,sold,{},2026-07-22 14:20:39 -0400,2026-07-22 14:20:39 -0400
4559,20152,1,owned,{},2026-07-22 14:20:40 -0400,2026-07-22 14:20:40 -0400
4560,20153,2617,owned,{},2026-07-22 14:20:40 -0400,2026-07-22 14:20:40 -0400
4561,7403,2618,sold,{},2026-07-22 14:20:41 -0400,2026-07-22 14:20:41 -0400
4562,20154,2619,owned,{},2026-07-22 14:20:41 -0400,2026-07-22 14:20:41 -0400
4563,7404,2620,sold,{},2026-07-22 14:20:42 -0400,2026-07-22 14:20:42 -0400
4564,20155,2619,owned,{},2026-07-22 14:20:42 -0400,2026-07-22 14:20:42 -0400
4565,20156,488,owned,{},2026-07-22 14:20:43 -0400,2026-07-22 14:20:43 -0400
4567,20157,2622,owned,{},2026-07-22 14:20:44 -0400,2026-07-22 14:20:44 -0400
4568,7411,2623,sold,{},2026-07-22 14:20:44 -0400,2026-07-22 14:20:44 -0400
4569,7410,2624,sold,{},2026-07-22 14:20:45 -0400,2026-07-22 14:20:45 -0400
4570,20158,3,owned,{},2026-07-22 14:20:45 -0400,2026-07-22 14:20:45 -0400
4571,7413,2625,sold,{},2026-07-22 14:20:46 -0400,2026-07-22 14:20:46 -0400
4572,7412,2626,sold,{},2026-07-22 14:20:46 -0400,2026-07-22 14:20:46 -0400
4573,20159,3,owned,{},2026-07-22 14:20:46 -0400,2026-07-22 14:20:46 -0400
4574,7416,493,sold,{},2026-07-22 14:20:47 -0400,2026-07-22 14:20:47 -0400
4575,20160,2627,owned,{},2026-07-22 14:20:47 -0400,2026-07-22 14:20:47 -0400
4576,7419,493,sold,{},2026-07-22 14:20:48 -0400,2026-07-22 14:20:48 -0400
4577,20161,2627,owned,{},2026-07-22 14:20:48 -0400,2026-07-22 14:20:48 -0400
4578,6836,2628,sold,{},2026-07-22 14:20:48 -0400,2026-07-22 14:20:48 -0400
4579,6835,2629,sold,{},2026-07-22 14:20:49 -0400,2026-07-22 14:20:49 -0400
4580,20162,507,owned,{},2026-07-22 14:20:49 -0400,2026-07-22 14:20:49 -0400
4581,7425,1218,sold,{},2026-07-22 14:20:50 -0400,2026-07-22 14:20:50 -0400
4582,20163,4,owned,{},2026-07-22 14:20:50 -0400,2026-07-22 14:20:50 -0400
4583,7426,2630,sold,{},2026-07-22 14:20:51 -0400,2026-07-22 14:20:51 -0400
4584,20164,4,owned,{},2026-07-22 14:20:51 -0400,2026-07-22 14:20:51 -0400
4585,7427,2631,sold,{},2026-07-22 14:20:51 -0400,2026-07-22 14:20:51 -0400
4586,7428,2632,sold,{},2026-07-22 14:20:52 -0400,2026-07-22 14:20:52 -0400
4587,20165,509,owned,{},2026-07-22 14:20:52 -0400,2026-07-22 14:20:52 -0400
4588,20166,2633,owned,{},2026-07-22 14:20:53 -0400,2026-07-22 14:20:53 -0400
4589,7431,2634,sold,{},2026-07-22 14:20:53 -0400,2026-07-22 14:20:53 -0400
4590,7430,515,sold,{},2026-07-22 14:20:54 -0400,2026-07-22 14:20:54 -0400
4591,20167,2635,owned,{},2026-07-22 14:20:54 -0400,2026-07-22 14:20:54 -0400
4592,7434,521,sold,{},2026-07-22 14:20:55 -0400,2026-07-22 14:20:55 -0400
4593,7433,2636,sold,{},2026-07-22 14:20:55 -0400,2026-07-22 14:20:55 -0400
4594,20168,2637,owned,{},2026-07-22 14:20:56 -0400,2026-07-22 14:20:56 -0400
4595,7437,2638,sold,{},2026-07-22 14:20:56 -0400,2026-07-22 14:20:56 -0400
4596,7436,2639,sold,{},2026-07-22 14:20:56 -0400,2026-07-22 14:20:56 -0400
4597,20169,525,owned,{},2026-07-22 14:20:57 -0400,2026-07-22 14:20:57 -0400
4598,7440,533,sold,{},2026-07-22 14:20:57 -0400,2026-07-22 14:20:57 -0400
4599,7439,2640,sold,{},2026-07-22 14:20:58 -0400,2026-07-22 14:20:58 -0400
4600,20170,2641,owned,{},2026-07-22 14:20:58 -0400,2026-07-22 14:20:58 -0400
4601,7441,2642,sold,{},2026-07-22 14:20:59 -0400,2026-07-22 14:20:59 -0400
4602,20171,2643,owned,{},2026-07-22 14:20:59 -0400,2026-07-22 14:20:59 -0400
4603,7444,540,sold,{},2026-07-22 14:21:00 -0400,2026-07-22 14:21:00 -0400
4604,7443,2644,sold,{},2026-07-22 14:21:00 -0400,2026-07-22 14:21:00 -0400
4605,20172,541,owned,{},2026-07-22 14:21:00 -0400,2026-07-22 14:21:00 -0400
4606,6839,553,sold,{},2026-07-22 14:21:01 -0400,2026-07-22 14:21:01 -0400
4607,6838,552,sold,{},2026-07-22 14:21:01 -0400,2026-07-22 14:21:01 -0400
4608,20173,554,owned,{},2026-07-22 14:21:01 -0400,2026-07-22 14:21:01 -0400
4609,7449,549,sold,{},2026-07-22 14:21:02 -0400,2026-07-22 17:37:33 -0400
4610,7448,2646,sold,{},2026-07-22 14:21:02 -0400,2026-07-22 14:21:02 -0400
4611,20174,541,owned,{},2026-07-22 14:21:03 -0400,2026-07-22 14:21:03 -0400
4612,6842,2647,sold,{},2026-07-22 14:21:03 -0400,2026-07-22 14:21:03 -0400
4613,20175,5,owned,{},2026-07-22 14:21:04 -0400,2026-07-22 14:21:04 -0400
4614,6844,564,sold,{},2026-07-22 14:21:04 -0400,2026-07-22 17:37:34 -0400
4615,6843,560,sold,{},2026-07-22 14:21:04 -0400,2026-07-22 14:21:04 -0400
4616,20176,2649,owned,{},2026-07-22 14:21:05 -0400,2026-07-22 14:21:05 -0400
4617,7457,2650,sold,{},2026-07-22 14:21:06 -0400,2026-07-22 14:21:06 -0400
4618,7456,574,sold,{},2026-07-22 14:21:06 -0400,2026-07-22 14:21:06 -0400
4619,20177,2651,owned,{},2026-07-22 14:21:07 -0400,2026-07-22 14:21:07 -0400
4620,7460,2652,sold,{},2026-07-22 14:21:07 -0400,2026-07-22 14:21:07 -0400
4621,7459,2653,sold,{},2026-07-22 14:21:08 -0400,2026-07-22 14:21:08 -0400
4622,20178,2654,owned,{},2026-07-22 14:21:09 -0400,2026-07-22 14:21:09 -0400
4623,7462,2655,sold,{},2026-07-22 14:21:09 -0400,2026-07-22 14:21:09 -0400
4624,7461,2656,sold,{},2026-07-22 14:21:10 -0400,2026-07-22 14:21:10 -0400
4625,20179,541,owned,{},2026-07-22 14:21:10 -0400,2026-07-22 14:21:10 -0400
4626,6846,2657,sold,{},2026-07-22 14:21:11 -0400,2026-07-22 14:21:11 -0400
4627,6845,2658,sold,{},2026-07-22 14:21:11 -0400,2026-07-22 14:21:11 -0400
4628,20180,6,owned,{},2026-07-22 14:21:12 -0400,2026-07-22 14:21:12 -0400
4629,7465,661,sold,{},2026-07-22 14:21:12 -0400,2026-07-22 14:21:12 -0400
4630,20181,590,owned,{},2026-07-22 14:22:11 -0400,2026-07-22 14:22:11 -0400
4631,7468,594,sold,{},2026-07-22 14:22:12 -0400,2026-07-22 14:22:12 -0400
4632,7467,2659,sold,{},2026-07-22 14:22:12 -0400,2026-07-22 14:22:12 -0400
4633,20182,595,owned,{},2026-07-22 14:22:13 -0400,2026-07-22 14:22:13 -0400
4634,7470,2660,sold,{},2026-07-22 14:22:13 -0400,2026-07-22 14:22:13 -0400
4635,7469,2661,sold,{},2026-07-22 14:22:14 -0400,2026-07-22 14:22:14 -0400
4636,20183,2662,owned,{},2026-07-22 14:22:14 -0400,2026-07-22 14:22:14 -0400
4637,20184,152,owned,{},2026-07-22 14:22:15 -0400,2026-07-22 14:22:15 -0400
4638,7471,211,sold,{},2026-07-22 14:22:15 -0400,2026-07-22 17:37:27 -0400
4639,20185,2664,owned,{},2026-07-22 14:22:17 -0400,2026-07-22 14:22:17 -0400
4640,7474,628,sold,{},2026-07-22 14:22:17 -0400,2026-07-22 14:22:17 -0400
4641,20186,2665,owned,{},2026-07-22 14:22:18 -0400,2026-07-22 14:22:18 -0400
4642,7478,1724,sold,{},2026-07-22 14:22:18 -0400,2026-07-22 14:22:18 -0400
4643,7477,1725,sold,{},2026-07-22 14:22:19 -0400,2026-07-22 14:22:19 -0400
4644,20187,2666,owned,{},2026-07-22 14:22:19 -0400,2026-07-22 14:22:19 -0400
4645,20188,2667,owned,{},2026-07-22 14:22:20 -0400,2026-07-22 14:22:20 -0400
4646,6850,628,sold,{},2026-07-22 14:22:20 -0400,2026-07-22 14:22:20 -0400
4647,6848,2668,sold,{},2026-07-22 14:22:21 -0400,2026-07-22 14:22:21 -0400
4648,20189,2665,owned,{},2026-07-22 14:22:21 -0400,2026-07-22 14:22:21 -0400
4649,6852,50,sold,{},2026-07-22 14:22:22 -0400,2026-07-22 17:37:23 -0400
4650,20190,1,owned,{},2026-07-22 14:22:22 -0400,2026-07-22 14:22:22 -0400
4651,7054,2670,sold,{},2026-07-22 14:22:23 -0400,2026-07-22 14:22:23 -0400
4652,20191,2671,owned,{},2026-07-22 14:22:23 -0400,2026-07-22 14:22:23 -0400
4653,7055,661,sold,{},2026-07-22 14:22:23 -0400,2026-07-22 14:22:23 -0400
4654,20192,662,owned,{},2026-07-22 14:22:24 -0400,2026-07-22 14:22:24 -0400
4655,7056,2672,sold,{},2026-07-22 14:22:24 -0400,2026-07-22 14:22:24 -0400
4656,20193,2380,owned,{},2026-07-22 14:22:25 -0400,2026-07-22 17:37:39 -0400
4657,7058,550,sold,{},2026-07-22 14:22:25 -0400,2026-07-22 14:22:25 -0400
4658,7057,667,sold,{},2026-07-22 14:22:26 -0400,2026-07-22 14:22:26 -0400
4659,20194,2384,owned,{},2026-07-22 14:22:26 -0400,2026-07-22 14:22:26 -0400
4660,7059,661,sold,{},2026-07-22 14:22:26 -0400,2026-07-22 14:22:26 -0400
4661,20195,2674,owned,{},2026-07-22 14:22:27 -0400,2026-07-22 14:22:27 -0400
4662,7060,2571,sold,{},2026-07-22 14:22:27 -0400,2026-07-22 14:22:27 -0400
4663,20196,662,owned,{},2026-07-22 14:22:28 -0400,2026-07-22 14:22:28 -0400
4664,7061,661,sold,{},2026-07-22 14:22:28 -0400,2026-07-22 14:22:28 -0400
4665,20197,2674,owned,{},2026-07-22 14:22:28 -0400,2026-07-22 14:22:28 -0400
4666,20198,2675,owned,{},2026-07-22 14:22:29 -0400,2026-07-22 14:22:29 -0400
4667,6855,692,sold,{},2026-07-22 14:22:30 -0400,2026-07-22 17:37:35 -0400
4668,6854,2387,sold,{},2026-07-22 14:22:30 -0400,2026-07-22 17:37:40 -0400
4669,20199,2678,owned,{},2026-07-22 14:22:31 -0400,2026-07-22 14:22:31 -0400
4670,7068,700,sold,{},2026-07-22 14:22:31 -0400,2026-07-22 14:22:31 -0400
4671,7067,2679,sold,{},2026-07-22 14:22:31 -0400,2026-07-22 14:22:31 -0400
4672,20200,701,owned,{},2026-07-22 14:22:32 -0400,2026-07-22 17:37:35 -0400
4673,6858,692,sold,{},2026-07-22 14:22:32 -0400,2026-07-22 17:37:35 -0400
4674,6857,2387,sold,{},2026-07-22 14:22:32 -0400,2026-07-22 17:37:40 -0400
4675,20201,2678,owned,{},2026-07-22 14:22:33 -0400,2026-07-22 14:22:33 -0400
4676,20202,2400,owned,{},2026-07-22 14:22:34 -0400,2026-07-22 17:54:47 -0400
4677,7074,2682,sold,{},2026-07-22 14:22:34 -0400,2026-07-22 14:22:34 -0400
4678,7073,2683,sold,{},2026-07-22 14:22:35 -0400,2026-07-22 14:22:35 -0400
4679,20203,717,owned,{},2026-07-22 14:22:35 -0400,2026-07-22 14:22:35 -0400
4680,7077,720,sold,{},2026-07-22 14:22:35 -0400,2026-07-22 18:00:32 -0400
4681,7076,2685,sold,{},2026-07-22 14:22:36 -0400,2026-07-22 14:22:36 -0400
4682,20204,2686,owned,{},2026-07-22 14:22:37 -0400,2026-07-22 14:22:37 -0400
4683,7078,2687,sold,{},2026-07-22 14:22:37 -0400,2026-07-22 14:22:37 -0400
4684,20205,2688,owned,{},2026-07-22 14:22:38 -0400,2026-07-22 14:22:38 -0400
4685,6861,738,sold,{},2026-07-22 14:22:38 -0400,2026-07-22 14:22:38 -0400
4686,6860,27,sold,{},2026-07-22 14:22:38 -0400,2026-07-22 14:22:38 -0400
4687,20206,1,owned,{},2026-07-22 14:22:39 -0400,2026-07-22 14:22:39 -0400
4688,7083,2429,sold,{},2026-07-22 14:22:39 -0400,2026-07-22 17:37:40 -0400
4689,7082,2427,sold,{},2026-07-22 14:22:40 -0400,2026-07-22 14:22:40 -0400
4690,20207,2690,owned,{},2026-07-22 14:22:40 -0400,2026-07-22 14:22:40 -0400
4691,7518,2691,sold,{},2026-07-22 14:22:41 -0400,2026-07-22 14:22:41 -0400
4692,7517,2692,sold,{},2026-07-22 14:22:41 -0400,2026-07-22 14:22:41 -0400
4693,20208,2693,owned,{},2026-07-22 14:22:42 -0400,2026-07-22 14:22:42 -0400
4694,7520,2694,sold,{},2026-07-22 14:22:42 -0400,2026-07-22 14:22:42 -0400
4695,20209,2695,owned,{},2026-07-22 14:22:43 -0400,2026-07-22 14:22:43 -0400
4696,6864,755,sold,{},2026-07-22 14:22:43 -0400,2026-07-22 14:22:43 -0400
4697,20210,756,owned,{},2026-07-22 14:22:44 -0400,2026-07-22 14:22:44 -0400
4698,6865,803,sold,{},2026-07-22 14:22:44 -0400,2026-07-22 14:22:44 -0400
4699,20211,805,owned,{},2026-07-22 14:22:45 -0400,2026-07-22 14:22:45 -0400
4700,20212,823,owned,{},2026-07-22 14:22:45 -0400,2026-07-22 18:00:28 -0400
4701,7526,2697,sold,{},2026-07-22 14:22:46 -0400,2026-07-22 14:22:46 -0400
4702,7525,2698,sold,{},2026-07-22 14:22:46 -0400,2026-07-22 14:22:46 -0400
4703,20213,2699,owned,{},2026-07-22 14:22:47 -0400,2026-07-22 14:22:47 -0400
4704,7527,661,sold,{},2026-07-22 14:22:47 -0400,2026-07-22 14:22:47 -0400
4705,20214,2700,owned,{},2026-07-22 14:22:48 -0400,2026-07-22 14:22:48 -0400
4706,7528,661,sold,{},2026-07-22 14:22:48 -0400,2026-07-22 14:22:48 -0400
4707,20215,2701,owned,{},2026-07-22 14:22:49 -0400,2026-07-22 14:22:49 -0400
4708,7529,661,sold,{},2026-07-22 14:22:49 -0400,2026-07-22 14:22:49 -0400
4709,20216,2700,owned,{},2026-07-22 14:22:50 -0400,2026-07-22 14:22:50 -0400
4710,7530,2702,sold,{},2026-07-22 14:22:50 -0400,2026-07-22 14:22:50 -0400
4711,20217,1508,owned,{},2026-07-22 14:22:51 -0400,2026-07-22 14:22:51 -0400
4712,7532,2703,sold,{},2026-07-22 14:22:51 -0400,2026-07-22 14:22:51 -0400
4713,7531,754,sold,{},2026-07-22 14:22:52 -0400,2026-07-22 18:00:33 -0400
4714,20218,2705,owned,{},2026-07-22 14:22:52 -0400,2026-07-22 14:22:52 -0400
4715,7534,2706,sold,{},2026-07-22 14:22:53 -0400,2026-07-22 14:22:53 -0400
4716,7533,2707,sold,{},2026-07-22 14:22:53 -0400,2026-07-22 14:22:53 -0400
4717,20219,840,owned,{},2026-07-22 14:22:54 -0400,2026-07-22 14:22:54 -0400
4718,7536,2708,sold,{},2026-07-22 14:22:54 -0400,2026-07-22 14:22:54 -0400
4719,7535,2709,sold,{},2026-07-22 14:22:55 -0400,2026-07-22 14:22:55 -0400
4720,20220,2710,owned,{},2026-07-22 14:22:55 -0400,2026-07-22 14:22:55 -0400
4721,7538,2708,sold,{},2026-07-22 14:22:56 -0400,2026-07-22 14:22:56 -0400
4722,7537,2709,sold,{},2026-07-22 14:22:56 -0400,2026-07-22 14:22:56 -0400
4723,20221,2710,owned,{},2026-07-22 14:22:56 -0400,2026-07-22 14:22:56 -0400
4724,20222,2711,owned,{},2026-07-22 14:22:57 -0400,2026-07-22 14:22:57 -0400
4725,7541,2712,sold,{},2026-07-22 14:22:58 -0400,2026-07-22 14:22:58 -0400
4726,7540,2713,sold,{},2026-07-22 14:22:58 -0400,2026-07-22 14:22:58 -0400
4727,20223,2700,owned,{},2026-07-22 14:22:59 -0400,2026-07-22 14:22:59 -0400
4728,6866,858,sold,{},2026-07-22 14:22:59 -0400,2026-07-22 17:37:36 -0400
4729,20224,860,owned,{},2026-07-22 14:23:00 -0400,2026-07-22 17:37:37 -0400
4730,7545,2716,sold,{},2026-07-22 14:23:00 -0400,2026-07-22 14:23:00 -0400
4731,7544,2717,sold,{},2026-07-22 14:23:01 -0400,2026-07-22 14:23:01 -0400
4732,20225,2718,owned,{},2026-07-22 14:23:01 -0400,2026-07-22 14:23:01 -0400
4733,7548,883,sold,{},2026-07-22 14:23:02 -0400,2026-07-22 18:00:33 -0400
4734,7547,2720,sold,{},2026-07-22 14:23:03 -0400,2026-07-22 14:23:03 -0400
4735,20226,2721,owned,{},2026-07-22 14:23:03 -0400,2026-07-22 14:23:03 -0400
4736,20227,2722,owned,{},2026-07-22 14:23:04 -0400,2026-07-22 14:23:04 -0400
4737,7551,2723,sold,{},2026-07-22 14:23:05 -0400,2026-07-22 14:23:05 -0400
4738,20228,2724,owned,{},2026-07-22 14:23:05 -0400,2026-07-22 14:23:05 -0400
4739,7555,2639,sold,{},2026-07-22 14:23:06 -0400,2026-07-22 14:23:06 -0400
4740,7554,521,sold,{},2026-07-22 14:23:06 -0400,2026-07-22 17:37:33 -0400
4741,20229,2726,owned,{},2026-07-22 14:23:07 -0400,2026-07-22 14:23:07 -0400
4742,20230,2727,owned,{},2026-07-22 14:23:07 -0400,2026-07-22 14:23:07 -0400
4743,7557,2728,sold,{},2026-07-22 14:23:08 -0400,2026-07-22 14:23:08 -0400
4744,20231,2729,owned,{},2026-07-22 14:23:09 -0400,2026-07-22 14:23:09 -0400
4745,7560,915,sold,{},2026-07-22 14:23:09 -0400,2026-07-22 14:23:09 -0400
4746,7559,860,sold,{},2026-07-22 14:23:09 -0400,2026-07-22 17:37:36 -0400
4747,20232,2730,owned,{},2026-07-22 14:23:10 -0400,2026-07-22 14:23:10 -0400
4748,7563,2731,sold,{},2026-07-22 14:23:10 -0400,2026-07-22 14:23:10 -0400
4749,7562,2732,sold,{},2026-07-22 14:23:11 -0400,2026-07-22 14:23:11 -0400
4750,20233,2730,owned,{},2026-07-22 14:23:11 -0400,2026-07-22 14:23:11 -0400
4751,7566,2731,sold,{},2026-07-22 14:23:11 -0400,2026-07-22 14:23:11 -0400
4752,7565,2732,sold,{},2026-07-22 14:23:12 -0400,2026-07-22 14:23:12 -0400
4753,20234,2730,owned,{},2026-07-22 14:23:12 -0400,2026-07-22 14:23:12 -0400
4754,7569,2731,sold,{},2026-07-22 14:23:12 -0400,2026-07-22 14:23:12 -0400
4755,7568,2732,sold,{},2026-07-22 14:23:12 -0400,2026-07-22 14:23:12 -0400
4756,20235,2730,owned,{},2026-07-22 14:23:13 -0400,2026-07-22 14:23:13 -0400
4757,7572,2733,sold,{},2026-07-22 14:23:13 -0400,2026-07-22 14:23:13 -0400
4758,7571,2734,sold,{},2026-07-22 14:23:14 -0400,2026-07-22 14:23:14 -0400
4759,20236,2735,owned,{},2026-07-22 14:23:14 -0400,2026-07-22 14:23:14 -0400
4760,7574,926,sold,{},2026-07-22 14:23:15 -0400,2026-07-22 14:23:15 -0400
4761,7573,2736,sold,{},2026-07-22 14:23:15 -0400,2026-07-22 14:23:15 -0400
4762,20237,927,owned,{},2026-07-22 14:23:16 -0400,2026-07-22 14:23:16 -0400
4763,7576,2737,sold,{},2026-07-22 14:23:16 -0400,2026-07-22 14:23:16 -0400
4764,7575,2738,sold,{},2026-07-22 14:23:16 -0400,2026-07-22 14:23:16 -0400
4765,20238,2739,owned,{},2026-07-22 14:23:17 -0400,2026-07-22 14:23:17 -0400
4766,7579,2740,sold,{},2026-07-22 14:23:17 -0400,2026-07-22 14:23:17 -0400
4767,7578,2741,sold,{},2026-07-22 14:23:18 -0400,2026-07-22 14:23:18 -0400
4768,20239,152,owned,{},2026-07-22 14:23:18 -0400,2026-07-22 14:23:18 -0400
4769,7581,2742,sold,{},2026-07-22 14:23:19 -0400,2026-07-22 14:23:19 -0400
4770,7580,2743,sold,{},2026-07-22 14:23:19 -0400,2026-07-22 14:23:19 -0400
4771,20240,152,owned,{},2026-07-22 14:23:20 -0400,2026-07-22 14:23:20 -0400
4772,20241,152,owned,{},2026-07-22 14:23:20 -0400,2026-07-22 14:23:20 -0400
4773,7585,2744,sold,{},2026-07-22 14:23:21 -0400,2026-07-22 14:23:21 -0400
4774,7584,2745,sold,{},2026-07-22 14:23:21 -0400,2026-07-22 14:23:21 -0400
4775,20242,152,owned,{},2026-07-22 14:23:21 -0400,2026-07-22 14:23:21 -0400
4776,7586,2746,sold,{},2026-07-22 14:23:22 -0400,2026-07-22 14:23:22 -0400
4777,20243,2747,owned,{},2026-07-22 14:23:23 -0400,2026-07-22 14:23:23 -0400
4778,7588,2748,sold,{},2026-07-22 14:23:23 -0400,2026-07-22 14:23:23 -0400
4779,7587,460,sold,{},2026-07-22 14:23:23 -0400,2026-07-22 14:23:23 -0400
4780,20244,152,owned,{},2026-07-22 14:23:24 -0400,2026-07-22 14:23:24 -0400
4781,7589,2749,sold,{},2026-07-22 14:23:24 -0400,2026-07-22 14:23:24 -0400
4782,20245,2750,owned,{},2026-07-22 14:23:25 -0400,2026-07-22 14:23:25 -0400
4783,7591,2751,sold,{},2026-07-22 14:23:25 -0400,2026-07-22 14:23:25 -0400
4784,7590,2752,sold,{},2026-07-22 14:23:26 -0400,2026-07-22 14:23:26 -0400
4785,20246,152,owned,{},2026-07-22 14:23:26 -0400,2026-07-22 14:23:26 -0400
4786,7593,2753,sold,{},2026-07-22 14:23:27 -0400,2026-07-22 14:23:27 -0400
4787,7592,2754,sold,{},2026-07-22 14:23:27 -0400,2026-07-22 14:23:27 -0400
4788,20247,152,owned,{},2026-07-22 14:23:28 -0400,2026-07-22 14:23:28 -0400
4789,7595,2755,sold,{},2026-07-22 14:23:28 -0400,2026-07-22 14:23:28 -0400
4790,7594,2756,sold,{},2026-07-22 14:23:28 -0400,2026-07-22 14:23:28 -0400
4791,20248,152,owned,{},2026-07-22 14:23:29 -0400,2026-07-22 14:23:29 -0400
4792,20249,2757,owned,{},2026-07-22 14:23:30 -0400,2026-07-22 14:23:30 -0400
4793,20250,2758,owned,{},2026-07-22 14:23:30 -0400,2026-07-22 14:23:30 -0400
4794,20251,2758,owned,{},2026-07-22 14:23:31 -0400,2026-07-22 14:23:31 -0400
4795,20252,2758,owned,{},2026-07-22 14:23:31 -0400,2026-07-22 14:23:31 -0400
4796,7597,2759,sold,{},2026-07-22 14:23:32 -0400,2026-07-22 14:23:32 -0400
4797,7596,2760,sold,{},2026-07-22 14:23:32 -0400,2026-07-22 14:23:32 -0400
4798,20253,2761,owned,{},2026-07-22 14:23:33 -0400,2026-07-22 14:23:33 -0400
4799,20254,2762,owned,{},2026-07-22 14:23:33 -0400,2026-07-22 14:23:33 -0400
4800,7600,2763,sold,{},2026-07-22 14:23:34 -0400,2026-07-22 14:23:34 -0400
4801,7599,2764,sold,{},2026-07-22 14:23:34 -0400,2026-07-22 14:23:34 -0400
4802,20255,2765,owned,{},2026-07-22 14:23:35 -0400,2026-07-22 14:23:35 -0400
4803,7603,2763,sold,{},2026-07-22 14:23:35 -0400,2026-07-22 14:23:35 -0400
4804,7602,2766,sold,{},2026-07-22 14:23:36 -0400,2026-07-22 14:23:36 -0400
4805,20256,2767,owned,{},2026-07-22 14:23:36 -0400,2026-07-22 14:23:36 -0400
4806,7604,2758,sold,{},2026-07-22 14:23:37 -0400,2026-07-22 14:23:37 -0400
4807,20257,2768,owned,{},2026-07-22 14:23:37 -0400,2026-07-22 14:23:37 -0400
4808,7607,2763,sold,{},2026-07-22 14:23:37 -0400,2026-07-22 14:23:37 -0400
4809,7606,2769,sold,{},2026-07-22 14:23:38 -0400,2026-07-22 14:23:38 -0400
4810,20258,2770,owned,{},2026-07-22 14:23:39 -0400,2026-07-22 14:23:39 -0400
4811,20259,2771,owned,{},2026-07-22 14:23:39 -0400,2026-07-22 14:23:39 -0400
4812,7611,2763,sold,{},2026-07-22 14:23:39 -0400,2026-07-22 14:23:39 -0400
4813,7610,2772,sold,{},2026-07-22 14:23:40 -0400,2026-07-22 14:23:40 -0400
4814,20260,2773,owned,{},2026-07-22 14:23:41 -0400,2026-07-22 14:23:41 -0400
4815,7614,2774,sold,{},2026-07-22 14:23:41 -0400,2026-07-22 14:23:41 -0400
4816,7613,2775,sold,{},2026-07-22 14:23:41 -0400,2026-07-22 14:23:41 -0400
4817,20261,2776,owned,{},2026-07-22 14:23:42 -0400,2026-07-22 14:23:42 -0400
4818,7617,2759,sold,{},2026-07-22 14:23:42 -0400,2026-07-22 14:23:42 -0400
4819,7616,2777,sold,{},2026-07-22 14:23:43 -0400,2026-07-22 14:23:43 -0400
4820,20262,2778,owned,{},2026-07-22 14:23:43 -0400,2026-07-22 14:23:43 -0400
4821,7620,2779,sold,{},2026-07-22 14:23:44 -0400,2026-07-22 14:23:44 -0400
4822,7619,2780,sold,{},2026-07-22 14:23:44 -0400,2026-07-22 14:23:44 -0400
4823,20263,2781,owned,{},2026-07-22 14:23:45 -0400,2026-07-22 14:23:45 -0400
4824,7621,2782,sold,{},2026-07-22 14:23:45 -0400,2026-07-22 14:23:45 -0400
4825,20264,2783,owned,{},2026-07-22 14:23:46 -0400,2026-07-22 14:23:46 -0400
4826,7624,2766,sold,{},2026-07-22 14:23:46 -0400,2026-07-22 14:23:46 -0400
4827,7623,2784,sold,{},2026-07-22 14:23:47 -0400,2026-07-22 14:23:47 -0400
4828,20265,2763,owned,{},2026-07-22 14:23:47 -0400,2026-07-22 14:23:47 -0400
4829,7627,2785,sold,{},2026-07-22 14:23:48 -0400,2026-07-22 14:23:48 -0400
4830,20266,2786,owned,{},2026-07-22 14:23:48 -0400,2026-07-22 14:23:48 -0400
4831,7629,2787,sold,{},2026-07-22 14:23:49 -0400,2026-07-22 14:23:49 -0400
4832,20267,2763,owned,{},2026-07-22 14:23:49 -0400,2026-07-22 14:23:49 -0400
4833,20268,2788,owned,{},2026-07-22 14:23:50 -0400,2026-07-22 14:23:50 -0400
4834,7635,2789,sold,{},2026-07-22 14:23:50 -0400,2026-07-22 14:23:50 -0400
4835,7633,2790,sold,{},2026-07-22 14:23:51 -0400,2026-07-22 14:23:51 -0400
4836,20269,2763,owned,{},2026-07-22 14:23:51 -0400,2026-07-22 14:23:51 -0400
4837,7638,2766,sold,{},2026-07-22 14:23:52 -0400,2026-07-22 14:23:52 -0400
4838,7637,2784,sold,{},2026-07-22 14:23:52 -0400,2026-07-22 14:23:52 -0400
4839,20270,2791,owned,{},2026-07-22 14:23:52 -0400,2026-07-22 14:23:52 -0400
4840,7641,2790,sold,{},2026-07-22 14:23:53 -0400,2026-07-22 14:23:53 -0400
4841,20271,2763,owned,{},2026-07-22 14:23:53 -0400,2026-07-22 14:23:53 -0400
4842,7642,2792,sold,{},2026-07-22 14:23:54 -0400,2026-07-22 14:23:54 -0400
4843,20272,2793,owned,{},2026-07-22 14:23:54 -0400,2026-07-22 14:23:54 -0400
4844,7646,2794,sold,{},2026-07-22 14:23:55 -0400,2026-07-22 14:23:55 -0400
4845,7645,2795,sold,{},2026-07-22 14:23:55 -0400,2026-07-22 14:23:55 -0400
4846,20273,2794,owned,{},2026-07-22 14:23:56 -0400,2026-07-22 14:23:56 -0400
4847,20274,2796,owned,{},2026-07-22 14:23:56 -0400,2026-07-22 14:23:56 -0400
4848,20275,2791,owned,{},2026-07-22 14:23:57 -0400,2026-07-22 14:23:57 -0400
4849,7651,2797,sold,{},2026-07-22 14:23:58 -0400,2026-07-22 14:23:58 -0400
4850,7650,2798,sold,{},2026-07-22 14:23:58 -0400,2026-07-22 14:23:58 -0400
4851,20276,2799,owned,{},2026-07-22 14:23:59 -0400,2026-07-22 14:23:59 -0400
4852,7653,2798,sold,{},2026-07-22 14:23:59 -0400,2026-07-22 14:23:59 -0400
4853,7652,2800,sold,{},2026-07-22 14:23:59 -0400,2026-07-22 14:23:59 -0400
4854,20277,2797,owned,{},2026-07-22 14:24:00 -0400,2026-07-22 14:24:00 -0400
4855,7656,2801,sold,{},2026-07-22 14:24:00 -0400,2026-07-22 14:24:00 -0400
4856,7655,2802,sold,{},2026-07-22 14:24:00 -0400,2026-07-22 14:24:00 -0400
4857,20278,2797,owned,{},2026-07-22 14:24:01 -0400,2026-07-22 14:24:01 -0400
4858,7657,2803,sold,{},2026-07-22 14:24:01 -0400,2026-07-22 14:24:01 -0400
4859,20279,2804,owned,{},2026-07-22 14:24:02 -0400,2026-07-22 14:24:02 -0400
4860,7660,2759,sold,{},2026-07-22 14:24:02 -0400,2026-07-22 14:24:02 -0400
4861,7659,2805,sold,{},2026-07-22 14:24:03 -0400,2026-07-22 14:24:03 -0400
4862,20280,2806,owned,{},2026-07-22 14:24:03 -0400,2026-07-22 14:24:03 -0400
4863,7090,2807,sold,{},2026-07-22 14:24:04 -0400,2026-07-22 14:24:04 -0400
4864,20281,152,owned,{},2026-07-22 14:24:04 -0400,2026-07-22 14:24:04 -0400
4865,7091,2808,sold,{},2026-07-22 14:24:05 -0400,2026-07-22 14:24:05 -0400
4866,7092,2809,sold,{},2026-07-22 14:24:05 -0400,2026-07-22 14:24:05 -0400
4867,20282,2809,owned,{},2026-07-22 14:24:06 -0400,2026-07-22 14:24:06 -0400
4868,7095,2810,sold,{},2026-07-22 14:24:06 -0400,2026-07-22 14:24:06 -0400
4869,7094,2807,sold,{},2026-07-22 14:24:06 -0400,2026-07-22 14:24:06 -0400
4870,20283,2811,owned,{},2026-07-22 14:24:07 -0400,2026-07-22 14:24:07 -0400
4871,7098,2812,sold,{},2026-07-22 14:24:08 -0400,2026-07-22 14:24:08 -0400
4872,7097,2813,sold,{},2026-07-22 14:24:08 -0400,2026-07-22 14:24:08 -0400
4873,20284,2814,owned,{},2026-07-22 14:24:09 -0400,2026-07-22 14:24:09 -0400
4874,7101,2815,sold,{},2026-07-22 14:24:09 -0400,2026-07-22 14:24:09 -0400
4875,7100,2816,sold,{},2026-07-22 14:24:10 -0400,2026-07-22 14:24:10 -0400
4876,20285,2817,owned,{},2026-07-22 14:24:10 -0400,2026-07-22 14:24:10 -0400
4877,7102,2818,sold,{},2026-07-22 14:24:11 -0400,2026-07-22 14:24:11 -0400
4878,20286,2819,owned,{},2026-07-22 14:24:12 -0400,2026-07-22 14:24:12 -0400
4879,7105,2820,sold,{},2026-07-22 14:24:12 -0400,2026-07-22 14:24:12 -0400
4880,20287,2821,owned,{},2026-07-22 14:24:13 -0400,2026-07-22 14:24:13 -0400
4881,7109,2640,sold,{},2026-07-22 14:24:13 -0400,2026-07-22 14:24:13 -0400
4882,7108,2822,sold,{},2026-07-22 14:24:13 -0400,2026-07-22 14:24:13 -0400
4883,20288,2823,owned,{},2026-07-22 14:24:14 -0400,2026-07-22 14:24:14 -0400
4884,7112,2824,sold,{},2026-07-22 14:24:14 -0400,2026-07-22 14:24:14 -0400
4885,20289,2825,owned,{},2026-07-22 14:24:15 -0400,2026-07-22 14:24:15 -0400
4886,7115,2826,sold,{},2026-07-22 14:24:16 -0400,2026-07-22 14:24:16 -0400
4887,20290,2827,owned,{},2026-07-22 14:24:16 -0400,2026-07-22 14:24:16 -0400
4888,7117,2828,sold,{},2026-07-22 14:24:17 -0400,2026-07-22 14:24:17 -0400
4889,20291,2819,owned,{},2026-07-22 14:24:17 -0400,2026-07-22 14:24:17 -0400
4890,7121,2829,sold,{},2026-07-22 14:24:18 -0400,2026-07-22 14:24:18 -0400
4891,20292,2830,owned,{},2026-07-22 14:24:19 -0400,2026-07-22 14:24:19 -0400
4892,7124,2829,sold,{},2026-07-22 14:24:19 -0400,2026-07-22 14:24:19 -0400
4893,20293,2830,owned,{},2026-07-22 14:24:19 -0400,2026-07-22 14:24:19 -0400
4894,7126,2831,sold,{},2026-07-22 14:24:20 -0400,2026-07-22 14:24:20 -0400
4895,7125,2832,sold,{},2026-07-22 14:24:20 -0400,2026-07-22 14:24:20 -0400
4896,20294,2833,owned,{},2026-07-22 14:24:21 -0400,2026-07-22 14:24:21 -0400
4897,20295,2834,owned,{},2026-07-22 14:24:22 -0400,2026-07-22 14:24:22 -0400
4898,6869,970,sold,{},2026-07-22 14:24:22 -0400,2026-07-22 17:37:37 -0400
4899,6868,2836,sold,{},2026-07-22 14:24:22 -0400,2026-07-22 14:24:22 -0400
4900,20296,1,owned,{},2026-07-22 14:24:23 -0400,2026-07-22 14:24:23 -0400
4901,6872,970,sold,{},2026-07-22 14:24:23 -0400,2026-07-22 17:37:38 -0400
4902,6871,2836,sold,{},2026-07-22 14:24:23 -0400,2026-07-22 14:24:23 -0400
4903,20297,1,owned,{},2026-07-22 14:24:24 -0400,2026-07-22 14:24:24 -0400
4904,6875,2837,sold,{},2026-07-22 14:24:24 -0400,2026-07-22 14:24:24 -0400
4905,20298,2838,owned,{},2026-07-22 14:24:25 -0400,2026-07-22 14:24:25 -0400
4906,8236,2839,sold,{},2026-07-22 14:24:26 -0400,2026-07-22 14:24:26 -0400
4907,8235,2840,sold,{},2026-07-22 14:24:26 -0400,2026-07-22 14:24:26 -0400
4908,20299,2841,owned,{},2026-07-22 14:24:27 -0400,2026-07-22 14:24:27 -0400
4909,8239,2842,sold,{},2026-07-22 14:24:27 -0400,2026-07-22 14:24:27 -0400
4910,8238,2843,sold,{},2026-07-22 14:24:28 -0400,2026-07-22 14:24:28 -0400
4911,20300,2844,owned,{},2026-07-22 14:24:28 -0400,2026-07-22 14:24:28 -0400
4912,8242,2845,sold,{},2026-07-22 14:24:29 -0400,2026-07-22 14:24:29 -0400
4913,8241,2846,sold,{},2026-07-22 14:24:29 -0400,2026-07-22 14:24:29 -0400
4914,20301,2847,owned,{},2026-07-22 14:24:30 -0400,2026-07-22 14:24:30 -0400
4915,8244,2848,sold,{},2026-07-22 14:24:31 -0400,2026-07-22 14:24:31 -0400
4916,8243,2849,sold,{},2026-07-22 14:24:31 -0400,2026-07-22 14:24:31 -0400
4917,20302,152,owned,{},2026-07-22 14:24:31 -0400,2026-07-22 14:24:31 -0400
4918,8245,2850,sold,{},2026-07-22 14:24:32 -0400,2026-07-22 14:24:32 -0400
4919,20303,152,owned,{},2026-07-22 14:24:33 -0400,2026-07-22 14:24:33 -0400
4920,8246,2851,sold,{},2026-07-22 14:24:33 -0400,2026-07-22 14:24:33 -0400
4921,20304,152,owned,{},2026-07-22 14:24:33 -0400,2026-07-22 14:24:33 -0400
4922,8249,2784,sold,{},2026-07-22 14:24:34 -0400,2026-07-22 14:24:34 -0400
4923,8248,2852,sold,{},2026-07-22 14:24:34 -0400,2026-07-22 14:24:34 -0400
4924,20305,152,owned,{},2026-07-22 14:24:35 -0400,2026-07-22 14:24:35 -0400
4925,8251,2853,sold,{},2026-07-22 14:24:35 -0400,2026-07-22 14:24:35 -0400
4926,8250,2854,sold,{},2026-07-22 14:24:36 -0400,2026-07-22 14:24:36 -0400
4927,20306,152,owned,{},2026-07-22 14:24:36 -0400,2026-07-22 14:24:36 -0400
4928,8253,2852,sold,{},2026-07-22 14:24:36 -0400,2026-07-22 14:24:36 -0400
4929,8252,2855,sold,{},2026-07-22 14:24:37 -0400,2026-07-22 14:24:37 -0400
4930,20307,152,owned,{},2026-07-22 14:24:37 -0400,2026-07-22 14:24:37 -0400
4931,20308,152,owned,{},2026-07-22 14:24:38 -0400,2026-07-22 14:24:38 -0400
4932,8259,2856,sold,{},2026-07-22 14:24:38 -0400,2026-07-22 14:24:38 -0400
4933,8258,2515,sold,{},2026-07-22 14:24:38 -0400,2026-07-22 14:24:38 -0400
4934,20309,152,owned,{},2026-07-22 14:24:39 -0400,2026-07-22 14:24:39 -0400
4935,8262,2856,sold,{},2026-07-22 14:24:39 -0400,2026-07-22 14:24:39 -0400
4936,8261,2515,sold,{},2026-07-22 14:24:39 -0400,2026-07-22 14:24:39 -0400
4937,20310,152,owned,{},2026-07-22 14:24:39 -0400,2026-07-22 14:24:39 -0400
4938,8263,2857,sold,{},2026-07-22 14:24:40 -0400,2026-07-22 14:24:40 -0400
4939,20311,152,owned,{},2026-07-22 14:24:40 -0400,2026-07-22 14:24:40 -0400
4940,6876,2858,sold,{},2026-07-22 14:24:41 -0400,2026-07-22 14:24:41 -0400
4941,20312,152,owned,{},2026-07-22 14:24:41 -0400,2026-07-22 14:24:41 -0400
4942,6878,2859,sold,{},2026-07-22 14:24:42 -0400,2026-07-22 14:24:42 -0400
4943,20313,152,owned,{},2026-07-22 14:24:42 -0400,2026-07-22 14:24:42 -0400
4944,6882,2860,sold,{},2026-07-22 14:24:43 -0400,2026-07-22 14:24:43 -0400
4945,6881,2861,sold,{},2026-07-22 14:24:43 -0400,2026-07-22 14:24:43 -0400
4946,20314,152,owned,{},2026-07-22 14:24:43 -0400,2026-07-22 14:24:43 -0400
4947,8272,2862,sold,{},2026-07-22 14:24:44 -0400,2026-07-22 14:24:44 -0400
4948,8271,2863,sold,{},2026-07-22 14:24:45 -0400,2026-07-22 14:24:45 -0400
4949,20315,385,owned,{},2026-07-22 14:24:45 -0400,2026-07-22 14:24:45 -0400
4950,8274,2625,sold,{},2026-07-22 14:24:45 -0400,2026-07-22 14:24:45 -0400
4951,8273,2626,sold,{},2026-07-22 14:24:45 -0400,2026-07-22 14:24:45 -0400
4952,20316,3,owned,{},2026-07-22 14:24:46 -0400,2026-07-22 14:24:46 -0400
4953,20317,2622,owned,{},2026-07-22 14:24:46 -0400,2026-07-22 14:24:46 -0400
4954,20318,2864,owned,{},2026-07-22 14:24:47 -0400,2026-07-22 14:24:47 -0400
4955,20319,2865,owned,{},2026-07-22 14:24:48 -0400,2026-07-22 14:24:48 -0400
4956,8278,2866,sold,{},2026-07-22 14:24:48 -0400,2026-07-22 14:24:48 -0400
4957,20320,2867,owned,{},2026-07-22 14:24:49 -0400,2026-07-22 14:24:49 -0400
4958,20321,2622,owned,{},2026-07-22 14:24:49 -0400,2026-07-22 14:24:49 -0400
4959,10275,661,sold,{},2026-07-22 14:24:50 -0400,2026-07-22 14:24:50 -0400
4960,20322,2700,owned,{},2026-07-22 14:24:50 -0400,2026-07-22 14:24:50 -0400
4961,10276,661,sold,{},2026-07-22 14:24:50 -0400,2026-07-22 14:24:50 -0400
4962,20323,2700,owned,{},2026-07-22 14:24:51 -0400,2026-07-22 14:24:51 -0400
4963,20324,2700,owned,{},2026-07-22 14:24:51 -0400,2026-07-22 14:24:51 -0400
4964,20325,2868,owned,{},2026-07-22 14:24:52 -0400,2026-07-22 14:24:52 -0400
4965,20326,1,owned,{},2026-07-22 14:24:52 -0400,2026-07-22 14:24:52 -0400
4966,20327,2869,owned,{},2026-07-22 14:24:55 -0400,2026-07-22 14:24:55 -0400
4967,20328,1237,owned,{},2026-07-22 14:24:55 -0400,2026-07-22 17:54:43 -0400
4968,20329,2871,owned,{},2026-07-22 14:24:56 -0400,2026-07-22 14:24:56 -0400
4969,20330,2872,owned,{},2026-07-22 14:24:57 -0400,2026-07-22 14:24:57 -0400
4970,20331,2873,owned,{},2026-07-22 14:24:58 -0400,2026-07-22 14:24:58 -0400
4971,20332,2874,owned,{},2026-07-22 14:24:58 -0400,2026-07-22 14:24:58 -0400
4972,20333,2875,owned,{},2026-07-22 14:24:59 -0400,2026-07-22 14:24:59 -0400
4973,20334,1287,owned,{},2026-07-22 14:24:59 -0400,2026-07-22 14:24:59 -0400
4974,20335,2876,owned,{},2026-07-22 14:25:00 -0400,2026-07-22 14:25:00 -0400
4975,20336,2877,owned,{},2026-07-22 14:25:01 -0400,2026-07-22 14:25:01 -0400
4976,20337,2878,owned,{},2026-07-22 14:25:02 -0400,2026-07-22 14:25:02 -0400
4977,20338,2879,owned,{},2026-07-22 14:25:02 -0400,2026-07-22 14:25:02 -0400
4978,20339,2662,owned,{},2026-07-22 14:25:03 -0400,2026-07-22 14:25:03 -0400
4979,20340,152,owned,{},2026-07-22 14:25:03 -0400,2026-07-22 14:25:03 -0400
4980,20341,2880,owned,{},2026-07-22 14:25:04 -0400,2026-07-22 14:25:04 -0400
4981,20342,2881,owned,{},2026-07-22 14:25:05 -0400,2026-07-22 14:25:05 -0400
4982,20343,2882,owned,{},2026-07-22 14:25:05 -0400,2026-07-22 14:25:05 -0400
4983,20344,2883,owned,{},2026-07-22 14:25:06 -0400,2026-07-22 14:25:06 -0400
4984,20345,2884,owned,{},2026-07-22 14:25:07 -0400,2026-07-22 14:25:07 -0400
4985,20346,2885,owned,{},2026-07-22 14:25:07 -0400,2026-07-22 14:25:07 -0400
4986,20347,2885,owned,{},2026-07-22 14:25:08 -0400,2026-07-22 14:25:08 -0400
4987,20348,152,owned,{},2026-07-22 14:25:08 -0400,2026-07-22 14:25:08 -0400
4988,20349,1512,owned,{},2026-07-22 14:25:09 -0400,2026-07-22 14:25:09 -0400
4989,20350,2886,owned,{},2026-07-22 14:25:10 -0400,2026-07-22 14:25:10 -0400
4990,20351,2887,owned,{},2026-07-22 14:25:10 -0400,2026-07-22 14:25:10 -0400
4991,20352,2888,owned,{},2026-07-22 14:25:11 -0400,2026-07-22 14:25:11 -0400
4992,20353,2889,owned,{},2026-07-22 14:25:12 -0400,2026-07-22 14:25:12 -0400
4993,20354,2890,owned,{},2026-07-22 14:25:13 -0400,2026-07-22 14:25:13 -0400
4994,20355,2891,owned,{},2026-07-22 14:25:13 -0400,2026-07-22 14:25:13 -0400
4995,20356,2892,owned,{},2026-07-22 14:25:14 -0400,2026-07-22 14:25:14 -0400
4996,20357,2893,owned,{},2026-07-22 14:25:15 -0400,2026-07-22 14:25:15 -0400
4997,20358,2894,owned,{},2026-07-22 14:25:15 -0400,2026-07-22 14:25:15 -0400
4998,20359,2895,owned,{},2026-07-22 14:25:16 -0400,2026-07-22 14:25:16 -0400
4999,20360,2896,owned,{},2026-07-22 14:25:16 -0400,2026-07-22 14:25:16 -0400
5000,20361,2896,owned,{},2026-07-22 14:25:17 -0400,2026-07-22 14:25:17 -0400
5001,20362,2860,owned,{},2026-07-22 14:25:17 -0400,2026-07-22 14:25:17 -0400
5002,20363,2897,owned,{},2026-07-22 14:25:18 -0400,2026-07-22 14:25:18 -0400
5003,20364,2859,owned,{},2026-07-22 14:25:19 -0400,2026-07-22 14:25:19 -0400
5004,20365,152,owned,{},2026-07-22 14:25:19 -0400,2026-07-22 14:25:19 -0400
5005,20366,152,owned,{},2026-07-22 14:25:19 -0400,2026-07-22 14:25:19 -0400
5006,20367,2898,owned,{},2026-07-22 14:25:20 -0400,2026-07-22 14:25:20 -0400
5007,20368,2899,owned,{},2026-07-22 14:25:21 -0400,2026-07-22 14:25:21 -0400
5008,20369,2900,owned,{},2026-07-22 14:25:21 -0400,2026-07-22 14:25:21 -0400
5009,20370,2901,owned,{},2026-07-22 14:25:22 -0400,2026-07-22 14:25:22 -0400
5010,20371,2901,owned,{},2026-07-22 14:25:23 -0400,2026-07-22 14:25:23 -0400
5011,20372,2901,owned,{},2026-07-22 14:25:23 -0400,2026-07-22 14:25:23 -0400
5012,20373,2901,owned,{},2026-07-22 14:25:24 -0400,2026-07-22 14:25:24 -0400
5013,20374,2901,owned,{},2026-07-22 14:25:24 -0400,2026-07-22 14:25:24 -0400
5014,20375,2901,owned,{},2026-07-22 14:25:24 -0400,2026-07-22 14:25:24 -0400
5015,20376,2901,owned,{},2026-07-22 14:25:25 -0400,2026-07-22 14:25:25 -0400
5016,20377,2901,owned,{},2026-07-22 14:25:25 -0400,2026-07-22 14:25:25 -0400
5017,20378,2901,owned,{},2026-07-22 14:25:26 -0400,2026-07-22 14:25:26 -0400
5018,20379,2901,owned,{},2026-07-22 14:25:26 -0400,2026-07-22 14:25:26 -0400
5019,20380,2901,owned,{},2026-07-22 14:25:26 -0400,2026-07-22 14:25:26 -0400
5020,20381,2902,owned,{},2026-07-22 14:25:27 -0400,2026-07-22 14:25:27 -0400
5021,20382,2903,owned,{},2026-07-22 14:25:28 -0400,2026-07-22 14:25:28 -0400
5022,20383,2904,owned,{},2026-07-22 14:25:28 -0400,2026-07-22 14:25:28 -0400
5024,20385,2868,owned,{},2026-07-22 14:25:30 -0400,2026-07-22 14:25:30 -0400
5025,20386,2906,owned,{},2026-07-22 14:25:30 -0400,2026-07-22 14:25:30 -0400
5026,20387,590,owned,{},2026-07-22 14:25:31 -0400,2026-07-22 14:25:31 -0400
5027,20388,2907,owned,{},2026-07-22 14:25:31 -0400,2026-07-22 14:25:31 -0400
5028,20389,541,owned,{},2026-07-22 14:25:32 -0400,2026-07-22 14:25:32 -0400
5029,20390,2908,owned,{},2026-07-22 14:25:32 -0400,2026-07-22 14:25:32 -0400
5030,20391,549,owned,{},2026-07-22 14:25:33 -0400,2026-07-22 17:37:33 -0400
5031,20392,2909,owned,{},2026-07-22 14:25:34 -0400,2026-07-22 14:25:34 -0400
5032,20393,2910,owned,{},2026-07-22 14:25:34 -0400,2026-07-22 14:25:34 -0400
5033,20394,2910,owned,{},2026-07-22 14:25:35 -0400,2026-07-22 14:25:35 -0400
5034,20395,2911,owned,{},2026-07-22 14:25:35 -0400,2026-07-22 14:25:35 -0400
5035,20396,2662,owned,{},2026-07-22 14:25:36 -0400,2026-07-22 14:25:36 -0400
5036,20397,2912,owned,{},2026-07-22 14:25:36 -0400,2026-07-22 14:25:36 -0400
5037,20398,2798,owned,{},2026-07-22 14:25:37 -0400,2026-07-22 14:25:37 -0400
5038,20399,2913,owned,{},2026-07-22 14:25:38 -0400,2026-07-22 14:25:38 -0400
5039,20400,2914,owned,{},2026-07-22 14:25:38 -0400,2026-07-22 14:25:38 -0400
5040,20401,2915,owned,{},2026-07-22 14:25:39 -0400,2026-07-22 14:25:39 -0400
5041,20402,2916,owned,{},2026-07-22 14:25:39 -0400,2026-07-22 14:25:39 -0400
5042,20403,2917,owned,{},2026-07-22 14:25:40 -0400,2026-07-22 14:25:40 -0400
5043,20404,2918,owned,{},2026-07-22 14:25:41 -0400,2026-07-22 14:25:41 -0400
5044,20405,2919,owned,{},2026-07-22 14:25:41 -0400,2026-07-22 14:25:41 -0400
5045,20406,2920,owned,{},2026-07-22 14:25:42 -0400,2026-07-22 14:25:42 -0400
5046,20407,2921,owned,{},2026-07-22 14:25:43 -0400,2026-07-22 14:25:43 -0400
5047,20408,2922,owned,{},2026-07-22 14:25:43 -0400,2026-07-22 14:25:43 -0400
5048,20409,2923,owned,{},2026-07-22 14:25:44 -0400,2026-07-22 14:25:44 -0400
5049,20410,2924,owned,{},2026-07-22 14:25:45 -0400,2026-07-22 14:25:45 -0400
5050,20411,152,owned,{},2026-07-22 14:25:45 -0400,2026-07-22 14:25:45 -0400
5051,20412,2925,owned,{},2026-07-22 14:25:46 -0400,2026-07-22 14:25:46 -0400
5052,20413,2926,owned,{},2026-07-22 14:25:47 -0400,2026-07-22 14:25:47 -0400
5053,20414,2662,owned,{},2026-07-22 14:25:47 -0400,2026-07-22 14:25:47 -0400
5054,20415,2927,owned,{},2026-07-22 14:25:48 -0400,2026-07-22 14:25:48 -0400
5055,20416,2928,owned,{},2026-07-22 14:25:49 -0400,2026-07-22 14:25:49 -0400
5056,20417,2929,owned,{},2026-07-22 14:25:49 -0400,2026-07-22 14:25:49 -0400
5057,20418,2930,owned,{},2026-07-22 14:25:50 -0400,2026-07-22 14:25:50 -0400
5058,20419,2931,owned,{},2026-07-22 14:25:51 -0400,2026-07-22 14:25:51 -0400
5059,20420,2932,owned,{},2026-07-22 14:25:51 -0400,2026-07-22 14:25:51 -0400
5060,20421,2695,owned,{},2026-07-22 14:25:52 -0400,2026-07-22 14:25:52 -0400
5061,20422,2933,owned,{},2026-07-22 14:25:53 -0400,2026-07-22 14:25:53 -0400
5062,20423,2934,owned,{},2026-07-22 14:25:53 -0400,2026-07-22 14:25:53 -0400
5063,20424,2935,owned,{},2026-07-22 14:25:54 -0400,2026-07-22 14:25:54 -0400
5064,20425,2936,owned,{},2026-07-22 14:25:55 -0400,2026-07-22 14:25:55 -0400
5065,20426,2937,owned,{},2026-07-22 14:25:55 -0400,2026-07-22 14:25:55 -0400
5066,20427,2938,owned,{},2026-07-22 14:25:56 -0400,2026-07-22 14:25:56 -0400
5067,20428,2939,owned,{},2026-07-22 14:25:57 -0400,2026-07-22 14:25:57 -0400
5068,20429,2940,owned,{},2026-07-22 14:25:58 -0400,2026-07-22 14:25:58 -0400
5069,20430,2941,owned,{},2026-07-22 14:25:58 -0400,2026-07-22 14:25:58 -0400
5070,20431,2942,owned,{},2026-07-22 14:25:59 -0400,2026-07-22 14:25:59 -0400
5071,20432,2943,owned,{},2026-07-22 14:26:00 -0400,2026-07-22 14:26:00 -0400
5072,20433,2944,owned,{},2026-07-22 14:26:00 -0400,2026-07-22 14:26:00 -0400
5073,20434,2945,owned,{},2026-07-22 14:26:01 -0400,2026-07-22 14:26:01 -0400
5074,20435,2946,owned,{},2026-07-22 14:26:02 -0400,2026-07-22 14:26:02 -0400
5075,20436,2947,owned,{},2026-07-22 14:26:03 -0400,2026-07-22 14:26:03 -0400
5076,20437,2948,owned,{},2026-07-22 14:26:03 -0400,2026-07-22 14:26:03 -0400
5077,20438,2949,owned,{},2026-07-22 14:26:04 -0400,2026-07-22 14:26:04 -0400
5078,20439,2950,owned,{},2026-07-22 14:26:05 -0400,2026-07-22 14:26:05 -0400
5079,20440,2951,owned,{},2026-07-22 14:26:05 -0400,2026-07-22 14:26:05 -0400
5080,20441,2952,owned,{},2026-07-22 14:26:06 -0400,2026-07-22 14:26:06 -0400
5081,20442,2953,owned,{},2026-07-22 14:26:07 -0400,2026-07-22 14:26:07 -0400
5082,20443,2954,owned,{},2026-07-22 14:26:08 -0400,2026-07-22 14:26:08 -0400
5083,20444,2955,owned,{},2026-07-22 14:26:08 -0400,2026-07-22 14:26:08 -0400
5084,20445,2956,owned,{},2026-07-22 14:26:09 -0400,2026-07-22 14:26:09 -0400
5085,20446,2957,owned,{},2026-07-22 14:26:10 -0400,2026-07-22 14:26:10 -0400
5086,20447,2958,owned,{},2026-07-22 14:26:11 -0400,2026-07-22 14:26:11 -0400
5087,20448,2959,owned,{},2026-07-22 14:26:11 -0400,2026-07-22 14:26:11 -0400
5088,20449,2960,owned,{},2026-07-22 14:26:12 -0400,2026-07-22 14:26:12 -0400
5089,20450,2961,owned,{},2026-07-22 14:26:13 -0400,2026-07-22 14:26:13 -0400
5090,20451,2962,owned,{},2026-07-22 14:26:14 -0400,2026-07-22 14:26:14 -0400
5091,20452,2962,owned,{},2026-07-22 14:26:14 -0400,2026-07-22 14:26:14 -0400
5092,20453,2963,owned,{},2026-07-22 14:26:15 -0400,2026-07-22 14:26:15 -0400
5093,20454,2962,owned,{},2026-07-22 14:26:15 -0400,2026-07-22 14:26:15 -0400
5094,20455,2962,owned,{},2026-07-22 14:26:16 -0400,2026-07-22 14:26:16 -0400
5095,20456,2964,owned,{},2026-07-22 14:26:16 -0400,2026-07-22 14:26:16 -0400
5096,20457,2965,owned,{},2026-07-22 14:26:17 -0400,2026-07-22 14:26:17 -0400
5097,20458,2966,owned,{},2026-07-22 14:26:18 -0400,2026-07-22 14:26:18 -0400
5098,20459,2967,owned,{},2026-07-22 14:26:19 -0400,2026-07-22 14:26:19 -0400
5099,20460,2968,owned,{},2026-07-22 14:26:19 -0400,2026-07-22 14:26:19 -0400
5100,20461,2969,owned,{},2026-07-22 14:26:20 -0400,2026-07-22 14:26:20 -0400
5101,20462,2970,owned,{},2026-07-22 14:26:21 -0400,2026-07-22 14:26:21 -0400
5102,20463,2971,owned,{},2026-07-22 14:26:21 -0400,2026-07-22 14:26:21 -0400
5103,20464,2972,owned,{},2026-07-22 14:26:22 -0400,2026-07-22 14:26:22 -0400
5104,20465,2973,owned,{},2026-07-22 14:26:23 -0400,2026-07-22 14:26:23 -0400
5105,20466,2974,owned,{},2026-07-22 14:26:24 -0400,2026-07-22 14:26:24 -0400
5106,20467,2975,owned,{},2026-07-22 14:26:24 -0400,2026-07-22 14:26:24 -0400
5107,20468,2976,owned,{},2026-07-22 14:26:25 -0400,2026-07-22 14:26:25 -0400
5108,20469,2977,owned,{},2026-07-22 14:26:26 -0400,2026-07-22 14:26:26 -0400
5109,20470,2977,owned,{},2026-07-22 14:26:26 -0400,2026-07-22 14:26:26 -0400
5110,20471,2864,owned,{},2026-07-22 14:26:27 -0400,2026-07-22 14:26:27 -0400
5111,20472,2978,owned,{},2026-07-22 14:26:28 -0400,2026-07-22 14:26:28 -0400
5112,20473,2979,owned,{},2026-07-22 14:26:28 -0400,2026-07-22 14:26:28 -0400
5113,20474,2980,owned,{},2026-07-22 14:26:29 -0400,2026-07-22 14:26:29 -0400
5114,20475,2981,owned,{},2026-07-22 14:26:30 -0400,2026-07-22 14:26:30 -0400
5115,20476,2982,owned,{},2026-07-22 14:26:31 -0400,2026-07-22 14:26:31 -0400
5116,20477,2983,owned,{},2026-07-22 14:26:31 -0400,2026-07-22 14:26:31 -0400
5117,20478,2984,owned,{},2026-07-22 14:26:32 -0400,2026-07-22 14:26:32 -0400
5118,20479,2985,owned,{},2026-07-22 14:26:33 -0400,2026-07-22 14:26:33 -0400
5119,20480,2986,owned,{},2026-07-22 14:26:33 -0400,2026-07-22 14:26:33 -0400
5120,20481,2987,owned,{},2026-07-22 14:26:34 -0400,2026-07-22 14:26:34 -0400
5121,20482,152,owned,{},2026-07-22 14:26:34 -0400,2026-07-22 14:26:34 -0400
5122,20483,2988,owned,{},2026-07-22 14:26:35 -0400,2026-07-22 14:26:35 -0400
5123,20484,2989,owned,{},2026-07-22 14:26:36 -0400,2026-07-22 14:26:36 -0400
5124,20485,2990,owned,{},2026-07-22 14:26:37 -0400,2026-07-22 14:26:37 -0400
5125,20486,2991,owned,{},2026-07-22 14:26:37 -0400,2026-07-22 14:26:37 -0400
5126,20487,2992,owned,{},2026-07-22 14:26:38 -0400,2026-07-22 14:26:38 -0400
5127,20488,2993,owned,{},2026-07-22 14:26:39 -0400,2026-07-22 14:26:39 -0400
5128,20489,2994,owned,{},2026-07-22 14:26:40 -0400,2026-07-22 14:26:40 -0400
5129,20490,2995,owned,{},2026-07-22 14:26:41 -0400,2026-07-22 14:26:41 -0400
5130,20491,2996,owned,{},2026-07-22 14:26:41 -0400,2026-07-22 14:26:41 -0400
5131,20492,2997,owned,{},2026-07-22 14:26:42 -0400,2026-07-22 14:26:42 -0400
5132,20493,2998,owned,{},2026-07-22 14:26:43 -0400,2026-07-22 14:26:43 -0400
5133,20494,2999,owned,{},2026-07-22 14:26:43 -0400,2026-07-22 14:26:43 -0400
5134,20495,3000,owned,{},2026-07-22 14:26:44 -0400,2026-07-22 14:26:44 -0400
5135,20496,3001,owned,{},2026-07-22 14:26:45 -0400,2026-07-22 14:26:45 -0400
5136,20497,3002,owned,{},2026-07-22 14:26:46 -0400,2026-07-22 14:26:46 -0400
5137,20498,3003,owned,{},2026-07-22 14:26:46 -0400,2026-07-22 14:26:46 -0400
5138,20499,2759,owned,{},2026-07-22 14:26:47 -0400,2026-07-22 14:26:47 -0400
5139,20500,3004,owned,{},2026-07-22 14:26:47 -0400,2026-07-22 14:26:47 -0400
5140,20501,3005,owned,{},2026-07-22 14:26:48 -0400,2026-07-22 14:26:48 -0400
5141,20502,3006,owned,{},2026-07-22 14:26:49 -0400,2026-07-22 14:26:49 -0400
5142,20503,3007,owned,{},2026-07-22 14:26:49 -0400,2026-07-22 14:26:49 -0400
5143,20504,3008,owned,{},2026-07-22 14:26:50 -0400,2026-07-22 14:26:50 -0400
5144,20505,3008,owned,{},2026-07-22 14:26:50 -0400,2026-07-22 14:26:50 -0400
5145,20506,3008,owned,{},2026-07-22 14:26:51 -0400,2026-07-22 14:26:51 -0400
5146,20507,3009,owned,{},2026-07-22 14:26:52 -0400,2026-07-22 14:26:52 -0400
5147,20508,3010,owned,{},2026-07-22 14:26:52 -0400,2026-07-22 14:26:52 -0400
5148,20509,3011,owned,{},2026-07-22 14:26:53 -0400,2026-07-22 14:26:53 -0400
5149,20510,3012,owned,{},2026-07-22 14:26:54 -0400,2026-07-22 14:26:54 -0400
5150,20511,3013,owned,{},2026-07-22 14:26:54 -0400,2026-07-22 14:26:54 -0400
5151,20512,3014,owned,{},2026-07-22 14:26:55 -0400,2026-07-22 14:26:55 -0400
5152,20513,3015,owned,{},2026-07-22 14:26:56 -0400,2026-07-22 14:26:56 -0400
5153,20514,3016,owned,{},2026-07-22 14:26:56 -0400,2026-07-22 14:26:56 -0400
5154,20515,3017,owned,{},2026-07-22 14:26:57 -0400,2026-07-22 14:26:57 -0400
5155,20516,3018,owned,{},2026-07-22 14:26:58 -0400,2026-07-22 14:26:58 -0400
5156,20517,3019,owned,{},2026-07-22 14:26:58 -0400,2026-07-22 14:26:58 -0400
5157,20518,3020,owned,{},2026-07-22 14:26:59 -0400,2026-07-22 14:26:59 -0400
5158,20519,3021,owned,{},2026-07-22 14:27:00 -0400,2026-07-22 14:27:00 -0400
5159,20520,3022,owned,{},2026-07-22 14:27:00 -0400,2026-07-22 14:27:00 -0400
5160,20521,3023,owned,{},2026-07-22 14:27:01 -0400,2026-07-22 14:27:01 -0400
5161,20522,3024,owned,{},2026-07-22 14:27:02 -0400,2026-07-22 14:27:02 -0400
5162,20523,3025,owned,{},2026-07-22 14:27:03 -0400,2026-07-22 14:27:03 -0400
5163,20524,3026,owned,{},2026-07-22 14:27:03 -0400,2026-07-22 14:27:03 -0400
5164,20525,3027,owned,{},2026-07-22 14:27:04 -0400,2026-07-22 14:27:04 -0400
5165,20526,3028,owned,{},2026-07-22 14:27:05 -0400,2026-07-22 14:27:05 -0400
5166,20527,3029,owned,{},2026-07-22 14:27:05 -0400,2026-07-22 14:27:05 -0400
5167,20528,3030,owned,{},2026-07-22 14:27:06 -0400,2026-07-22 14:27:06 -0400
5168,20529,3031,owned,{},2026-07-22 14:27:06 -0400,2026-07-22 14:27:06 -0400
5169,20530,2558,owned,{},2026-07-22 14:27:07 -0400,2026-07-22 14:27:07 -0400
5170,20531,3032,owned,{},2026-07-22 14:27:08 -0400,2026-07-22 14:27:08 -0400
5171,20532,2610,owned,{},2026-07-22 14:27:08 -0400,2026-07-22 14:27:08 -0400
5172,20533,3033,owned,{},2026-07-22 14:27:09 -0400,2026-07-22 14:27:09 -0400
5182,20663,425,owned,"{""source_relationship"":""owned_dry_goods_store_at""}",2026-07-22 16:31:01 -0400,2026-07-22 18:34:39 -0400
5183,20663,3035,operated_at,"{""source_relationship"":""currently_operating_at""}",2026-07-22 16:31:01 -0400,2026-07-22 18:38:33 -0400
5185,20664,3036,operated_at,"{""source_relationship"":""historically_operated_at""}",2026-07-22 16:31:06 -0400,2026-07-22 18:36:25 -0400
5186,20664,3037,operated_at,"{""source_relationship"":""currently_operates_at""}",2026-07-22 16:31:06 -0400,2026-07-22 18:36:44 -0400
5193,20669,444,owned,{},2026-07-22 16:31:20 -0400,2026-07-22 16:31:20 -0400
5208,20680,2455,operated_at,"{""source_relationship"":""operated""}",2026-07-22 16:31:55 -0400,2026-07-22 18:34:25 -0400
5211,20684,1300,occupied,{},2026-07-22 16:32:00 -0400,2026-07-22 16:32:00 -0400
5216,20686,20,lived_at,"{""source_relationship"":""resided_at""}",2026-07-22 16:32:12 -0400,2026-07-22 18:36:59 -0400
5220,20689,3039,operated_at,{},2026-07-22 16:32:20 -0400,2026-07-22 16:32:20 -0400
5221,20689,3040,operated_at,{},2026-07-22 16:32:21 -0400,2026-07-22 16:32:21 -0400
5222,20689,3041,operated_at,{},2026-07-22 16:32:21 -0400,2026-07-22 16:32:21 -0400
5224,20690,3042,owned,{},2026-07-22 16:32:25 -0400,2026-07-22 16:32:25 -0400
5225,20690,3043,owned,{},2026-07-22 16:32:26 -0400,2026-07-22 16:32:26 -0400
5226,20690,495,operated_at,{},2026-07-22 16:32:26 -0400,2026-07-22 16:32:26 -0400
5228,20691,3044,operated_at,"{""source_relationship"":""operated_tailor_shop_at""}",2026-07-22 16:32:30 -0400,2026-07-22 18:34:41 -0400
5230,20692,3045,occupied,"{""source_relationship"":""historically_occupied""}",2026-07-22 16:32:33 -0400,2026-07-22 18:38:14 -0400
5235,20695,2633,operated_at,"{""source_relationship"":""currently_operating_at""}",2026-07-22 16:32:50 -0400,2026-07-22 18:38:33 -0400
5237,20702,3047,operated_at,"{""source_relationship"":""historically_operated_at""}",2026-07-22 16:32:51 -0400,2026-07-22 18:36:25 -0400
5239,20696,3048,operated_at,"{""source_relationship"":""operated_restaurant_at""}",2026-07-22 16:32:55 -0400,2026-07-22 18:34:58 -0400
5243,20698,523,occupied,{},2026-07-22 16:33:02 -0400,2026-07-22 16:33:02 -0400
5246,20700,3049,occupied,{},2026-07-22 16:33:08 -0400,2026-07-22 16:33:08 -0400
5250,20704,1297,occupied,{},2026-07-22 16:33:14 -0400,2026-07-22 16:33:14 -0400
5251,20704,1298,occupied,{},2026-07-22 16:33:15 -0400,2026-07-22 16:33:15 -0400
5253,20703,3050,operated_at,{},2026-07-22 16:33:19 -0400,2026-07-22 16:33:19 -0400
5254,20703,45,operated_at,{},2026-07-22 16:33:19 -0400,2026-07-22 17:54:35 -0400
5258,20706,567,lived_at,"{""source_relationship"":""resided_at""}",2026-07-22 16:33:26 -0400,2026-07-22 18:36:59 -0400
5260,20707,3052,operated_at,{},2026-07-22 16:33:29 -0400,2026-07-22 16:33:29 -0400
5261,20707,3057,mentioned_in,{},2026-07-22 16:33:30 -0400,2026-07-22 17:37:41 -0400
5264,20710,3054,occupied,{},2026-07-22 16:33:36 -0400,2026-07-22 16:33:36 -0400
5266,20712,3055,occupied,{},2026-07-22 16:33:40 -0400,2026-07-22 16:33:40 -0400
5272,20715,1330,historically_used_as,{},2026-07-22 16:33:48 -0400,2026-07-22 16:33:48 -0400
5278,20720,619,occupied,{},2026-07-22 16:34:02 -0400,2026-07-22 16:34:02 -0400
5285,20725,3047,operated_at,{},2026-07-22 16:34:16 -0400,2026-07-22 16:34:16 -0400
5286,20725,1295,operated_at,{},2026-07-22 16:34:16 -0400,2026-07-22 16:34:16 -0400
5288,20726,665,operated_at,"{""source_relationship"":""currently_operating_at""}",2026-07-22 16:34:20 -0400,2026-07-22 18:38:34 -0400
5289,20726,663,owned,"{""source_relationship"":""owned_shoe_repair_shop_at""}",2026-07-22 16:34:21 -0400,2026-07-22 18:34:50 -0400
5290,20726,664,operated_at,"{""source_relationship"":""operated_restaurant_at""}",2026-07-22 16:34:21 -0400,2026-07-22 18:34:59 -0400
5292,20727,676,owned,"{""source_relationship"":""owned_mens_furnishings_shop_at""}",2026-07-22 16:34:25 -0400,2026-07-22 18:34:04 -0400
5293,20727,669,owned,"{""source_relationship"":""owned_shoe_store_at""}",2026-07-22 16:34:25 -0400,2026-07-22 18:38:35 -0400
5295,20728,672,occupied,"{""source_relationship"":""formerly_occupied""}",2026-07-22 16:34:28 -0400,2026-07-22 18:34:28 -0400
5297,20729,680,occupied,"{""source_relationship"":""historically_occupied""}",2026-07-22 16:34:32 -0400,2026-07-22 18:38:14 -0400
5298,20729,682,occupied,"{""source_relationship"":""currently_occupies_adjacent_space""}",2026-07-22 16:34:33 -0400,2026-07-22 19:11:35 -0400
5299,20729,3057,operated_at,"{""source_relationship"":""historically_operated_at""}",2026-07-22 16:34:33 -0400,2026-07-22 18:36:25 -0400
5301,20731,698,occupied,{},2026-07-22 16:34:37 -0400,2026-07-22 16:34:37 -0400
5302,20731,3058,occupied,{},2026-07-22 16:34:37 -0400,2026-07-22 16:34:37 -0400
5304,20730,685,operated_at,"{""source_relationship"":""historically_operated_at""}",2026-07-22 16:34:41 -0400,2026-07-22 18:36:26 -0400
5305,20730,686,operated_at,"{""source_relationship"":""operated_business_at""}",2026-07-22 16:34:41 -0400,2026-07-22 18:37:41 -0400
5307,20732,706,operated_at,{},2026-07-22 16:34:45 -0400,2026-07-22 16:34:45 -0400
5308,20732,707,operated_at,{},2026-07-22 16:34:45 -0400,2026-07-22 16:34:45 -0400
5309,20732,3059,operated_at,{},2026-07-22 16:34:46 -0400,2026-07-22 16:34:46 -0400
5311,20733,714,occupied,"{""source_relationship"":""historically_occupied""}",2026-07-22 16:34:50 -0400,2026-07-22 18:38:14 -0400
5318,20738,710,operated_at,{},2026-07-22 16:35:03 -0400,2026-07-22 16:35:03 -0400
5319,20738,3060,operated_at,"{""source_relationship"":""currently_operating_at""}",2026-07-22 16:35:03 -0400,2026-07-22 18:38:34 -0400
5320,20738,2375,owned,"{""source_relationship"":""owned_restaurant_at""}",2026-07-22 16:35:03 -0400,2026-07-22 18:36:16 -0400
5322,20739,744,owned,"{""source_relationship"":""owned_and_operated_drugstore_at""}",2026-07-22 16:35:08 -0400,2026-07-22 18:36:56 -0400
5325,20744,2701,operated_at,"{""source_relationship"":""currently_operates_at""}",2026-07-22 16:35:15 -0400,2026-07-22 18:36:44 -0400
5328,20741,3061,mentioned_in,{},2026-07-22 16:35:20 -0400,2026-07-22 16:35:20 -0400
5329,20741,3062,mentioned_in,{},2026-07-22 16:35:20 -0400,2026-07-22 16:35:20 -0400
5333,20743,55,owned,"{""source_relationship"":""owned_grocery_at""}",2026-07-22 16:35:28 -0400,2026-07-22 18:37:54 -0400
5334,20743,39,operated_at,{},2026-07-22 16:35:28 -0400,2026-07-22 18:00:26 -0400
5344,20750,835,operated_at,{},2026-07-22 16:35:44 -0400,2026-07-22 16:35:44 -0400
5350,20754,3065,operated_at,"{""source_relationship"":""historically_operated_at""}",2026-07-22 16:35:57 -0400,2026-07-22 18:36:26 -0400
5352,20753,851,operated_at,{},2026-07-22 16:35:58 -0400,2026-07-22 16:35:58 -0400
5353,20753,3066,operated_at,"{""source_relationship"":""historically_operated_at""}",2026-07-22 16:35:58 -0400,2026-07-22 18:36:26 -0400
5355,20755,3065,operated_at,"{""source_relationship"":""historically_operated_at""}",2026-07-22 16:35:59 -0400,2026-07-22 18:36:26 -0400
5357,20756,33,occupied,"{""source_relationship"":""currently_occupies""}",2026-07-22 16:36:06 -0400,2026-07-22 18:37:58 -0400
5358,20756,72,operated_at,"{""source_relationship"":""operated_shop_at""}",2026-07-22 16:36:07 -0400,2026-07-22 18:36:19 -0400
5363,20759,877,operated_at,"{""source_relationship"":""currently_operates_at""}",2026-07-22 16:36:16 -0400,2026-07-22 18:36:44 -0400
5364,20759,876,operated_at,"{""source_relationship"":""historically_operated_tailor_shop_at""}",2026-07-22 16:36:17 -0400,2026-07-22 18:36:53 -0400
5366,20760,885,lived_at,"{""source_relationship"":""lived_and_worked_at""}",2026-07-22 16:36:20 -0400,2026-07-22 18:38:58 -0400
5369,20762,16,occupied,"{""source_relationship"":""historically_occupied""}",2026-07-22 16:36:28 -0400,2026-07-22 18:38:15 -0400
5371,20763,893,operated_at,"{""source_relationship"":""historically_operated_at""}",2026-07-22 16:36:34 -0400,2026-07-22 18:36:26 -0400
5376,20764,895,owned,{},2026-07-22 16:36:38 -0400,2026-07-22 16:36:38 -0400
5378,20766,903,operated_at,"{""source_relationship"":""operated_tailor_shop_at""}",2026-07-22 16:36:42 -0400,2026-07-22 18:34:41 -0400
5380,20768,907,occupied,"{""source_relationship"":""occupied_site_as_tailor""}",2026-07-22 16:36:46 -0400,2026-07-22 18:33:42 -0400
5383,20771,911,occupied,{},2026-07-22 16:36:53 -0400,2026-07-22 16:36:53 -0400
5387,20774,928,documented_at,{},2026-07-22 16:37:01 -0400,2026-07-22 16:37:01 -0400
5388,20774,929,occupied,"{""source_relationship"":""occupies""}",2026-07-22 16:37:02 -0400,2026-07-22 18:38:52 -0400
5390,20792,1060,located_at,{},2026-07-22 16:37:06 -0400,2026-07-22 16:37:06 -0400
5395,20711,3067,occupied,"{""source_relationship"":""currently_occupies""}",2026-07-22 16:37:16 -0400,2026-07-22 18:37:59 -0400
5396,20711,587,occupied,"{""source_relationship"":""historically_occupied""}",2026-07-22 16:37:16 -0400,2026-07-22 18:38:15 -0400
5399,20782,3068,occupied,"{""source_relationship"":""historically_occupied""}",2026-07-22 16:37:17 -0400,2026-07-22 18:38:15 -0400
5406,20722,3069,occupied,"{""source_relationship"":""historically_occupied_site""}",2026-07-22 16:37:32 -0400,2026-07-22 18:34:29 -0400
5409,20790,3070,operated_at,{},2026-07-22 16:37:38 -0400,2026-07-22 16:37:38 -0400
5413,20714,3071,occupied,{},2026-07-22 16:37:45 -0400,2026-07-22 16:37:45 -0400
5433,20789,3072,operated_at,{},2026-07-22 16:38:23 -0400,2026-07-22 16:38:23 -0400
5438,6655,636,depicted_in,"{""source_relationship"":""owned_lot_shown_on_map""}",2026-07-22 18:34:51 -0400,2026-07-22 18:34:51 -0400
5439,10790,828,operated_at,"{""source_relationship"":""owned_and_operated_at""}",2026-07-22 18:36:14 -0400,2026-07-22 18:36:14 -0400
5440,10790,829,operated_at,"{""source_relationship"":""owned_and_operated_at""}",2026-07-22 18:36:14 -0400,2026-07-22 18:36:14 -0400
5441,6390,372,leased,"{""source_relationship"":""operated_leased_premises_at""}",2026-07-22 18:36:27 -0400,2026-07-22 18:36:27 -0400
5442,18052,1695,built,"{""source_relationship"":""lessee_builder""}",2026-07-22 18:36:39 -0400,2026-07-22 18:36:39 -0400
5443,18061,1695,built,"{""source_relationship"":""lessee_builder""}",2026-07-22 18:36:39 -0400,2026-07-22 18:36:39 -0400
5444,18069,1695,built,"{""source_relationship"":""lessee_builder""}",2026-07-22 18:36:40 -0400,2026-07-22 18:36:40 -0400
5445,11571,1384,owned,"{""source_relationship"":""died_owner_of""}",2026-07-22 18:36:50 -0400,2026-07-22 18:36:50 -0400
5446,20739,744,operated_at,"{""source_relationship"":""owned_and_operated_drugstore_at""}",2026-07-22 18:36:56 -0400,2026-07-22 18:36:56 -0400
5447,6419,1614,leased,"{""source_relationship"":""listed_as_tenant""}",2026-07-22 18:37:03 -0400,2026-07-22 18:37:03 -0400
5448,6437,1088,lived_at,"{""source_relationship"":""employed_resident""}",2026-07-22 18:37:20 -0400,2026-07-22 18:37:20 -0400
5449,4831,51,leased,"{""source_relationship"":""sold_and_leased_back""}",2026-07-22 18:37:32 -0400,2026-07-22 18:37:32 -0400
5450,10369,597,operated_at,"{""source_relationship"":""owned_and_operated""}",2026-07-22 18:38:11 -0400,2026-07-22 18:38:11 -0400
5451,6360,1049,operated_at,"{""source_relationship"":""owned_and_operated""}",2026-07-22 18:38:12 -0400,2026-07-22 18:38:12 -0400
5452,6493,1113,operated_at,"{""source_relationship"":""owned_and_operated""}",2026-07-22 18:38:12 -0400,2026-07-22 18:38:12 -0400
5453,6417,291,worked_at,"{""source_relationship"":""lived_and_worked_at""}",2026-07-22 18:38:53 -0400,2026-07-22 18:38:53 -0400
5454,6425,329,worked_at,"{""source_relationship"":""lived_and_worked_at""}",2026-07-22 18:38:54 -0400,2026-07-22 18:38:54 -0400
5455,10293,51,worked_at,"{""source_relationship"":""lived_and_worked_at""}",2026-07-22 18:38:54 -0400,2026-07-22 18:38:54 -0400
5456,10304,56,worked_at,"{""source_relationship"":""lived_and_worked_at""}",2026-07-22 18:38:55 -0400,2026-07-22 18:38:55 -0400
5457,10571,406,worked_at,"{""source_relationship"":""lived_and_worked_at""}",2026-07-22 18:38:55 -0400,2026-07-22 18:38:55 -0400
5458,10573,55,worked_at,"{""source_relationship"":""lived_and_worked_at""}",2026-07-22 18:38:56 -0400,2026-07-22 18:38:56 -0400
5459,10579,841,worked_at,"{""source_relationship"":""lived_and_worked_at""}",2026-07-22 18:38:56 -0400,2026-07-22 18:38:56 -0400
5460,11349,885,worked_at,"{""source_relationship"":""lived_and_worked_at""}",2026-07-22 18:38:56 -0400,2026-07-22 18:38:56 -0400
5461,5323,952,worked_at,"{""source_relationship"":""lived_and_worked_at""}",2026-07-22 18:38:57 -0400,2026-07-22 18:38:57 -0400
5462,6503,1169,worked_at,"{""source_relationship"":""lived_and_worked_at""}",2026-07-22 18:38:57 -0400,2026-07-22 18:38:57 -0400
5463,6504,1172,worked_at,"{""source_relationship"":""lived_and_worked_at""}",2026-07-22 18:38:58 -0400,2026-07-22 18:38:58 -0400
5464,6579,1202,worked_at,"{""source_relationship"":""lived_and_worked_at""}",2026-07-22 18:38:58 -0400,2026-07-22 18:38:58 -0400
5465,20760,885,worked_at,"{""source_relationship"":""lived_and_worked_at""}",2026-07-22 18:38:59 -0400,2026-07-22 18:38:59 -0400
5466,6453,287,trustee_of,"{""source_relationship"":""purchased_as_trustee""}",2026-07-22 18:39:58 -0400,2026-07-22 18:39:58 -0400
5467,6453,288,trustee_of,"{""source_relationship"":""purchased_as_trustee""}",2026-07-22 18:39:59 -0400,2026-07-22 18:39:59 -0400
5468,6453,289,trustee_of,"{""source_relationship"":""purchased_as_trustee""}",2026-07-22 18:39:59 -0400,2026-07-22 18:39:59 -0400
5469,5064,310,trustee_of,"{""source_relationship"":""acquired_via_trustees_deed""}",2026-07-22 18:40:00 -0400,2026-07-22 18:40:00 -0400
5470,5527,152,foreclosed_on,"{""source_relationship"":""acquired_via_tax_foreclosure""}",2026-07-22 18:40:04 -0400,2026-07-22 18:40:04 -0400
5471,5052,152,foreclosed_on,"{""source_relationship"":""acquired_via_tax_foreclosure""}",2026-07-22 18:40:05 -0400,2026-07-22 18:40:05 -0400
5472,6723,152,foreclosed_on,"{""source_relationship"":""acquired_via_tax_foreclosure""}",2026-07-22 18:40:05 -0400,2026-07-22 18:40:05 -0400
5473,5060,152,foreclosed_on,"{""source_relationship"":""acquired_via_foreclosure""}",2026-07-22 18:40:07 -0400,2026-07-22 18:40:07 -0400
5474,5047,481,foreclosed_on,"{""source_relationship"":""acquired_via_foreclosure""}",2026-07-22 18:40:07 -0400,2026-07-22 18:40:07 -0400
5475,17984,1614,purchased,"{""source_relationship"":""straw_grantee""}",2026-07-22 18:40:11 -0400,2026-07-22 18:40:11 -0400
5476,5048,482,trustee_of,"{""source_relationship"":""conveyed_as_receiver""}",2026-07-22 19:11:25 -0400,2026-07-22 19:11:25 -0400
5477,11771,1509,operated_at,"{""source_relationship"":""founded_and_began_operating_at""}",2026-07-22 19:11:33 -0400,2026-07-22 19:11:33 -0400
5478,5208,23,trustee_of,"{""source_relationship"":""conveyed_leasehold_as_trustee""}",2026-07-22 19:11:33 -0400,2026-07-22 19:11:33 -0400
5479,20798,3073,party_to_suit,{},2026-07-22 20:38:03 -0400,2026-07-22 20:38:03 -0400
5480,20798,3074,party_to_suit,{},2026-07-22 20:38:03 -0400,2026-07-22 20:38:03 -0400
5481,20798,1547,purchased,{},2026-07-22 20:38:03 -0400,2026-07-22 20:38:03 -0400
5482,20798,3075,mentioned_in,{},2026-07-22 20:38:04 -0400,2026-07-22 20:38:04 -0400
5483,20798,2414,mentioned_in,{},2026-07-22 20:38:04 -0400,2026-07-22 20:38:04 -0400
5484,20798,1308,related_to,{},2026-07-22 20:38:04 -0400,2026-07-22 20:38:04 -0400
5485,20798,3076,sold,{},2026-07-22 20:38:05 -0400,2026-07-22 20:38:05 -0400
5486,20799,1547,sold,{},2026-07-22 20:38:05 -0400,2026-07-22 20:38:05 -0400
5487,20799,3077,purchased,{},2026-07-22 20:38:05 -0400,2026-07-22 20:38:05 -0400
5488,20799,3078,purchased,{},2026-07-22 20:38:06 -0400,2026-07-22 20:38:06 -0400
5489,20799,3079,purchased,{},2026-07-22 20:38:06 -0400,2026-07-22 20:38:06 -0400
5490,20799,3080,purchased,{},2026-07-22 20:38:06 -0400,2026-07-22 20:38:06 -0400
5491,20799,3081,purchased,{},2026-07-22 20:38:07 -0400,2026-07-22 20:38:07 -0400
5492,20799,3082,purchased,{},2026-07-22 20:38:07 -0400,2026-07-22 20:38:07 -0400
5493,20800,3077,sold,{},2026-07-22 20:38:07 -0400,2026-07-22 20:38:07 -0400
5494,20800,1557,purchased,{},2026-07-22 20:38:08 -0400,2026-07-22 20:38:08 -0400
5495,20801,3083,sold,{},2026-07-22 20:38:08 -0400,2026-07-22 20:38:08 -0400
5496,20801,3084,sold,{},2026-07-22 20:38:08 -0400,2026-07-22 20:38:08 -0400
5497,20801,3085,purchased,{},2026-07-22 20:38:09 -0400,2026-07-22 20:38:09 -0400
5498,20802,3086,sold,{},2026-07-22 20:38:09 -0400,2026-07-22 20:38:09 -0400
5499,20802,3087,purchased,{},2026-07-22 20:38:10 -0400,2026-07-22 20:38:10 -0400
5500,20803,3088,sold,{},2026-07-22 20:38:10 -0400,2026-07-22 20:38:10 -0400
5501,20803,3089,related_to,{},2026-07-22 20:38:10 -0400,2026-07-22 20:38:10 -0400
5502,20803,3090,purchased,{},2026-07-22 20:38:11 -0400,2026-07-22 20:38:11 -0400
5503,20804,3087,sold,{},2026-07-22 20:38:11 -0400,2026-07-22 20:38:11 -0400
5504,20804,3090,related_to,{},2026-07-22 20:38:11 -0400,2026-07-22 20:38:11 -0400
5505,20804,3091,mentioned_in,{},2026-07-22 20:38:12 -0400,2026-07-22 20:38:12 -0400
5506,20805,3087,sold,{},2026-07-22 20:38:12 -0400,2026-07-22 20:38:12 -0400
5507,20805,3092,purchased,{},2026-07-22 20:38:12 -0400,2026-07-22 20:38:12 -0400
5508,20805,3093,purchased,{},2026-07-22 20:38:13 -0400,2026-07-22 20:38:13 -0400
5509,20805,3094,purchased,{},2026-07-22 20:38:13 -0400,2026-07-22 20:38:13 -0400
5510,20805,3095,purchased,{},2026-07-22 20:38:13 -0400,2026-07-22 20:38:13 -0400
5511,20806,3092,party_to_suit,{},2026-07-22 20:38:14 -0400,2026-07-22 20:38:14 -0400
5512,20806,3093,party_to_suit,{},2026-07-22 20:38:14 -0400,2026-07-22 20:38:14 -0400
5513,20806,3094,party_to_suit,{},2026-07-22 20:38:14 -0400,2026-07-22 20:38:14 -0400
5514,20806,3095,party_to_suit,{},2026-07-22 20:38:14 -0400,2026-07-22 20:38:14 -0400
5515,20806,3096,lent_to,{},2026-07-22 20:38:15 -0400,2026-07-22 20:38:15 -0400
5516,20806,3097,trustee_of,{},2026-07-22 20:38:15 -0400,2026-07-22 20:38:15 -0400
5517,20806,3098,trustee_of,{},2026-07-22 20:38:15 -0400,2026-07-22 20:38:15 -0400
5518,20807,3092,party_to_suit,{},2026-07-22 20:38:16 -0400,2026-07-22 20:38:16 -0400
5519,20807,3093,party_to_suit,{},2026-07-22 20:38:16 -0400,2026-07-22 20:38:16 -0400
5520,20807,3094,party_to_suit,{},2026-07-22 20:38:16 -0400,2026-07-22 20:38:16 -0400
5521,20807,3095,party_to_suit,{},2026-07-22 20:38:16 -0400,2026-07-22 20:38:16 -0400
5522,20807,3096,borrowed_from,{},2026-07-22 20:38:17 -0400,2026-07-22 20:38:17 -0400
5523,20808,3092,borrowed_from,{},2026-07-22 20:38:17 -0400,2026-07-22 20:38:17 -0400
5524,20808,3093,borrowed_from,{},2026-07-22 20:38:17 -0400,2026-07-22 20:38:17 -0400
5525,20808,3094,borrowed_from,{},2026-07-22 20:38:18 -0400,2026-07-22 20:38:18 -0400
5526,20808,3095,borrowed_from,{},2026-07-22 20:38:18 -0400,2026-07-22 20:38:18 -0400
5527,20808,3087,lent_to,{},2026-07-22 20:38:18 -0400,2026-07-22 20:38:18 -0400
5528,20808,3099,brokered,{},2026-07-22 20:38:18 -0400,2026-07-22 20:38:18 -0400
5529,20809,3096,foreclosed_on,{},2026-07-22 20:38:19 -0400,2026-07-22 20:38:19 -0400
5530,20809,3100,trustee_of,{},2026-07-22 20:38:19 -0400,2026-07-22 20:38:19 -0400
5531,20809,3101,trustee_of,{},2026-07-22 20:38:20 -0400,2026-07-22 20:38:20 -0400
5532,20809,3102,represented,{},2026-07-22 20:38:20 -0400,2026-07-22 20:38:20 -0400
5533,20814,2392,party_to_suit,{},2026-07-22 20:38:20 -0400,2026-07-22 20:38:20 -0400
5534,20814,2393,party_to_suit,{},2026-07-22 20:38:21 -0400,2026-07-22 20:38:21 -0400
5535,20814,2423,party_to_suit,{},2026-07-22 20:38:21 -0400,2026-07-22 20:38:21 -0400
5536,20814,2424,lent_to,{},2026-07-22 20:38:21 -0400,2026-07-22 20:38:21 -0400
5537,20814,3103,trustee_of,{},2026-07-22 20:38:21 -0400,2026-07-22 20:38:21 -0400
5538,20814,2422,trustee_of,{},2026-07-22 20:38:22 -0400,2026-07-22 20:38:22 -0400
5539,20810,3092,sold,{},2026-07-22 20:38:22 -0400,2026-07-22 20:38:22 -0400
5540,20810,3093,sold,{},2026-07-22 20:38:22 -0400,2026-07-22 20:38:22 -0400
5541,20810,3094,sold,{},2026-07-22 20:38:23 -0400,2026-07-22 20:38:23 -0400
5542,20810,3095,sold,{},2026-07-22 20:38:23 -0400,2026-07-22 20:38:23 -0400
5543,20810,2392,purchased,{},2026-07-22 20:38:23 -0400,2026-07-22 20:38:23 -0400
5544,20810,2393,purchased,{},2026-07-22 20:38:23 -0400,2026-07-22 20:38:23 -0400
5545,20811,2392,purchased,{},2026-07-22 20:38:24 -0400,2026-07-22 20:38:24 -0400
5546,20811,2393,purchased,{},2026-07-22 20:38:24 -0400,2026-07-22 20:38:24 -0400
5547,20812,3087,party_to_suit,{},2026-07-22 20:38:24 -0400,2026-07-22 20:38:24 -0400
5548,20813,3100,trustee_of,{},2026-07-22 20:38:25 -0400,2026-07-22 20:38:25 -0400
5549,20813,3101,trustee_of,{},2026-07-22 20:38:25 -0400,2026-07-22 20:38:25 -0400
5550,20813,3096,party_to_suit,{},2026-07-22 20:38:25 -0400,2026-07-22 20:38:25 -0400
5551,20813,2702,party_to_suit,{},2026-07-22 20:38:26 -0400,2026-07-22 20:38:26 -0400
5552,20815,2424,party_to_suit,{},2026-07-22 20:38:26 -0400,2026-07-22 20:38:26 -0400
5553,20815,2422,represented,{},2026-07-22 20:38:26 -0400,2026-07-22 20:38:26 -0400
5554,20815,3104,mentioned_in,{},2026-07-22 20:38:26 -0400,2026-07-22 20:38:26 -0400
5555,20816,2392,party_to_suit,{},2026-07-22 20:38:27 -0400,2026-07-22 20:38:27 -0400
5556,20816,2393,party_to_suit,{},2026-07-22 20:38:27 -0400,2026-07-22 20:38:27 -0400
5557,20816,2423,party_to_suit,{},2026-07-22 20:38:27 -0400,2026-07-22 20:38:27 -0400
5558,20816,3105,lent_to,{},2026-07-22 20:38:28 -0400,2026-07-22 20:38:28 -0400
5559,20816,3106,trustee_of,{},2026-07-22 20:38:28 -0400,2026-07-22 20:38:28 -0400
5560,20817,3107,party_to_suit,{},2026-07-22 20:38:28 -0400,2026-07-22 20:38:28 -0400
5561,20817,3105,party_to_suit,{},2026-07-22 20:38:29 -0400,2026-07-22 20:38:29 -0400
5562,20817,2398,party_to_suit,{},2026-07-22 20:38:29 -0400,2026-07-22 20:38:29 -0400
5563,20818,2392,sold,{},2026-07-22 20:38:29 -0400,2026-07-22 20:38:29 -0400
5564,20818,2393,sold,{},2026-07-22 20:38:29 -0400,2026-07-22 20:38:29 -0400
5565,20818,860,purchased,{},2026-07-22 20:38:30 -0400,2026-07-22 20:38:30 -0400
5566,20818,3108,purchased,{},2026-07-22 20:38:30 -0400,2026-07-22 20:38:30 -0400
5567,20818,3109,brokered,{},2026-07-22 20:38:30 -0400,2026-07-22 20:38:30 -0400
5568,20819,860,borrowed_from,{},2026-07-22 20:38:31 -0400,2026-07-22 20:38:31 -0400
5569,20819,3108,borrowed_from,{},2026-07-22 20:38:31 -0400,2026-07-22 20:38:31 -0400
5570,20819,3105,lent_to,{},2026-07-22 20:38:31 -0400,2026-07-22 20:38:31 -0400
5571,20819,3106,trustee_of,{},2026-07-22 20:38:31 -0400,2026-07-22 20:38:31 -0400
5572,20820,3110,died_at,{},2026-07-22 21:52:04 -0400,2026-07-22 21:52:04 -0400
5573,20821,3111,lived_at,{},2026-07-22 21:52:05 -0400,2026-07-22 21:52:05 -0400
5574,20821,3112,perpetrator_of,{},2026-07-22 21:52:05 -0400,2026-07-22 21:52:05 -0400
5575,20822,3113,operated_at,{},2026-07-22 21:52:05 -0400,2026-07-22 21:52:05 -0400
5576,20822,3087,owned,{},2026-07-22 21:52:06 -0400,2026-07-22 21:52:06 -0400
5577,20822,3090,owned,{},2026-07-22 21:52:06 -0400,2026-07-22 21:52:06 -0400
5578,20823,3087,died_at,{},2026-07-22 21:52:06 -0400,2026-07-22 21:52:06 -0400
5579,20823,3114,related_to,{},2026-07-22 21:52:07 -0400,2026-07-22 21:52:07 -0400
5580,20823,3115,related_to,{},2026-07-22 21:52:07 -0400,2026-07-22 21:52:07 -0400
5581,20823,3090,trustee_of,{},2026-07-22 21:52:07 -0400,2026-07-22 21:52:07 -0400
5582,20824,915,owned,{},2026-07-22 21:52:08 -0400,2026-07-22 21:52:08 -0400
5583,20825,3116,purchased,{},2026-07-22 21:52:08 -0400,2026-07-22 21:52:08 -0400
5584,20825,3117,led,{},2026-07-22 21:52:08 -0400,2026-07-22 21:52:08 -0400
5585,20825,3118,operated_at,{},2026-07-22 21:52:09 -0400,2026-07-22 21:52:09 -0400
5586,20825,3119,related_to,{},2026-07-22 21:52:09 -0400,2026-07-22 21:52:09 -0400
5587,20825,3120,related_to,{},2026-07-22 21:52:09 -0400,2026-07-22 21:52:09 -0400
5588,20826,2471,business_owner,{},2026-07-22 22:42:01 -0400,2026-07-22 22:42:01 -0400
5589,20827,3121,resident,{},2026-07-22 22:42:01 -0400,2026-07-22 22:42:01 -0400
5590,20836,2899,occupant,{},2026-07-22 23:45:36 -0400,2026-07-22 23:45:36 -0400
5591,20839,2487,operator,{},2026-07-22 23:45:37 -0400,2026-07-22 23:45:37 -0400
5592,20840,3122,operator,{},2026-07-22 23:45:38 -0400,2026-07-22 23:45:38 -0400
5593,20841,3122,operator,{},2026-07-22 23:45:39 -0400,2026-07-22 23:45:39 -0400
5594,20845,3123,occupant,{},2026-07-22 23:45:39 -0400,2026-07-22 23:45:39 -0400
5595,20843,3124,founder,{},2026-07-22 23:45:39 -0400,2026-07-22 23:45:39 -0400
5596,20842,3125,owner,{},2026-07-22 23:45:40 -0400,2026-07-22 23:45:40 -0400
5597,20860,3126,operator,{},2026-07-22 23:45:44 -0400,2026-07-22 23:45:44 -0400
5598,20864,3127,operator,{},2026-07-22 23:45:45 -0400,2026-07-22 23:45:45 -0400
5599,20873,3128,operator,{},2026-07-22 23:45:48 -0400,2026-07-22 23:45:48 -0400
5600,20874,3129,operator,{},2026-07-22 23:45:48 -0400,2026-07-22 23:45:48 -0400
5601,20876,3129,operator,{},2026-07-22 23:45:48 -0400,2026-07-22 23:45:48 -0400
5602,20875,3130,occupant,{},2026-07-22 23:45:49 -0400,2026-07-22 23:45:49 -0400
5603,20877,3131,occupant,{},2026-07-22 23:45:49 -0400,2026-07-22 23:45:49 -0400
5604,20893,3132,operator,{},2026-07-22 23:45:53 -0400,2026-07-22 23:45:53 -0400
5605,20886,3132,operator,{},2026-07-22 23:45:53 -0400,2026-07-22 23:45:53 -0400
5606,20911,3133,operator,{},2026-07-22 23:45:57 -0400,2026-07-22 23:45:57 -0400
5607,20919,3134,operator,{},2026-07-22 23:45:59 -0400,2026-07-22 23:45:59 -0400
5608,20920,3135,operator,{},2026-07-22 23:46:00 -0400,2026-07-22 23:46:00 -0400
5609,20923,3136,operator,{},2026-07-22 23:46:01 -0400,2026-07-22 23:46:01 -0400
5610,20928,3137,operator,{},2026-07-22 23:46:03 -0400,2026-07-22 23:46:03 -0400
5611,20935,3138,operator,{},2026-07-22 23:46:05 -0400,2026-07-22 23:46:05 -0400
5612,20943,3139,occupant,{},2026-07-22 23:46:06 -0400,2026-07-22 23:46:06 -0400
5613,20947,3140,resident,{},2026-07-22 23:46:07 -0400,2026-07-22 23:46:07 -0400
5614,20955,3141,resident,{},2026-07-22 23:46:11 -0400,2026-07-22 23:46:11 -0400
5615,20964,3142,operator,{},2026-07-22 23:46:12 -0400,2026-07-22 23:46:12 -0400
5616,20968,3143,resident,{},2026-07-22 23:46:14 -0400,2026-07-22 23:46:14 -0400
5617,20972,2447,grantor,{},2026-07-23 07:34:47 -0400,2026-07-23 07:34:47 -0400
5618,20973,3145,founder,{},2026-07-23 07:59:50 -0400,2026-07-23 07:59:50 -0400
5619,20973,3144,founder,{},2026-07-23 07:59:50 -0400,2026-07-23 07:59:50 -0400
5620,20973,3146,family,{},2026-07-23 07:59:51 -0400,2026-07-23 07:59:51 -0400
5621,20974,3146,operator,{},2026-07-23 07:59:51 -0400,2026-07-23 07:59:51 -0400
5622,20974,3123,family,{},2026-07-23 07:59:51 -0400,2026-07-23 07:59:51 -0400
5623,20975,3123,occupant,{},2026-07-23 07:59:51 -0400,2026-07-23 07:59:51 -0400
5624,20976,3147,family,{},2026-07-23 09:11:24 -0400,2026-07-23 09:11:24 -0400
5625,20976,3146,family,{},2026-07-23 09:11:24 -0400,2026-07-23 09:11:24 -0400
5626,20977,3148,family,{},2026-07-23 09:11:24 -0400,2026-07-23 09:11:24 -0400
5627,20977,3147,family,{},2026-07-23 09:11:24 -0400,2026-07-23 09:11:24 -0400
5628,20978,3144,founder,{},2026-07-23 09:39:30 -0400,2026-07-23 09:39:30 -0400
5629,20978,3149,family,{},2026-07-23 09:39:30 -0400,2026-07-23 09:39:30 -0400
5630,20978,3145,family,{},2026-07-23 09:39:31 -0400,2026-07-23 09:39:31 -0400
5631,20979,3150,victim,{},2026-07-23 11:48:28 -0400,2026-07-23 11:48:28 -0400
5632,20979,3122,business_at,{},2026-07-23 11:48:28 -0400,2026-07-23 11:48:28 -0400
5633,20979,3145,business_owner,{},2026-07-23 11:48:28 -0400,2026-07-23 11:48:28 -0400
5634,20980,3149,developer,{},2026-07-23 14:19:03 -0400,2026-07-23 14:19:03 -0400
5635,20980,3122,family_lumber_yard,{},2026-07-23 14:19:03 -0400,2026-07-23 14:19:03 -0400
5636,20983,3151,authored,{},2026-07-24 11:20:00 -0400,2026-07-24 11:20:00 -0400
5637,20983,3153,subject_of,{},2026-07-24 11:20:00 -0400,2026-07-24 11:20:00 -0400
5638,20987,3152,established,{},2026-07-24 11:20:01 -0400,2026-07-24 11:20:01 -0400
5640,10622,68,depicted_on,{},2026-08-05 14:51:18 -0400,2026-08-05 14:51:18 -0400
5641,22399,3155,granted_leasehold,{},2026-08-05 14:51:18 -0400,2026-08-05 14:51:18 -0400
5642,22399,3156,received_leasehold,{},2026-08-05 14:51:18 -0400,2026-08-05 14:51:18 -0400
5643,22399,3157,received_leasehold,{},2026-08-05 14:51:18 -0400,2026-08-05 14:51:18 -0400
5644,22408,3166,lived_at,{},2026-08-05 14:51:18 -0400,2026-08-05 14:51:18 -0400
5645,22400,3158,granted_reversion,{},2026-08-05 14:51:18 -0400,2026-08-05 14:51:18 -0400
5646,22400,3156,received_reversion,{},2026-08-05 14:51:19 -0400,2026-08-05 14:51:19 -0400
5647,22400,3157,received_reversion,{},2026-08-05 14:51:19 -0400,2026-08-05 14:51:19 -0400
5648,22401,3156,sold,{},2026-08-05 14:51:19 -0400,2026-08-05 14:51:19 -0400
5649,22401,3157,sold,{},2026-08-05 14:51:19 -0400,2026-08-05 14:51:19 -0400
5650,22401,3159,purchased,{},2026-08-05 14:51:19 -0400,2026-08-05 14:51:19 -0400
5651,22401,3160,purchased,{},2026-08-05 14:51:19 -0400,2026-08-05 14:51:19 -0400
5652,22402,3159,mortgaged,{},2026-08-05 14:51:20 -0400,2026-08-05 14:51:20 -0400
5653,22402,3161,lender,{},2026-08-05 14:51:20 -0400,2026-08-05 14:51:20 -0400
5654,22403,3159,mortgaged,{},2026-08-05 14:51:20 -0400,2026-08-05 14:51:20 -0400
5655,22403,3162,lender,{},2026-08-05 14:51:20 -0400,2026-08-05 14:51:20 -0400
5656,22404,3159,lost_title,{},2026-08-05 14:51:20 -0400,2026-08-05 14:51:20 -0400
5657,22404,3160,lost_title,{},2026-08-05 14:51:20 -0400,2026-08-05 14:51:20 -0400
5658,22404,3163,acquired_via_foreclosure,{},2026-08-05 14:51:20 -0400,2026-08-05 14:51:20 -0400
5659,22405,3163,seller,{},2026-08-05 14:51:20 -0400,2026-08-05 14:51:20 -0400
5660,22405,3164,buyer_under_contract,{},2026-08-05 14:51:20 -0400,2026-08-05 14:51:20 -0400
5661,22409,3165,lived_at,{},2026-08-05 14:51:20 -0400,2026-08-05 14:51:20 -0400
5662,22411,3167,lived_at,{},2026-08-05 14:51:20 -0400,2026-08-05 14:51:20 -0400
5663,22414,3165,lived_at,{},2026-08-05 14:51:21 -0400,2026-08-05 14:51:21 -0400
5664,22413,3168,lived_at,{},2026-08-05 14:51:21 -0400,2026-08-05 14:51:21 -0400
5665,22415,3169,lived_at,{},2026-08-05 14:51:21 -0400,2026-08-05 14:51:21 -0400
5666,22416,3170,lived_at,{},2026-08-05 14:51:21 -0400,2026-08-05 14:51:21 -0400
5667,22419,3171,lived_at,{},2026-08-05 14:51:21 -0400,2026-08-05 14:51:21 -0400
5668,22420,3172,lived_at,{},2026-08-05 14:51:21 -0400,2026-08-05 14:51:21 -0400
5669,22420,3173,lived_at,{},2026-08-05 14:51:21 -0400,2026-08-05 14:51:21 -0400
5670,22421,3174,lived_at,{},2026-08-05 14:51:21 -0400,2026-08-05 14:51:21 -0400
5671,22421,3175,lived_at,{},2026-08-05 14:51:21 -0400,2026-08-05 14:51:21 -0400
5672,22421,3176,family_of_resident,{},2026-08-05 14:51:21 -0400,2026-08-05 14:51:21 -0400
5673,22422,3159,owned,{},2026-08-05 14:51:21 -0400,2026-08-05 14:51:21 -0400
5674,22422,3160,owned,{},2026-08-05 14:51:22 -0400,2026-08-05 14:51:22 -0400
5675,22423,3159,owned,{},2026-08-05 14:51:22 -0400,2026-08-05 14:51:22 -0400
5676,22425,3159,owned,{},2026-08-05 14:51:22 -0400,2026-08-05 14:51:22 -0400
5677,22425,3160,owned,{},2026-08-05 14:51:22 -0400,2026-08-05 14:51:22 -0400
5678,22427,3159,owned,{},2026-08-05 14:51:22 -0400,2026-08-05 14:51:22 -0400
5679,22427,3177,founded_by_resident,{},2026-08-05 14:51:22 -0400,2026-08-05 14:51:22 -0400
5680,22428,3160,owned,{},2026-08-05 14:51:22 -0400,2026-08-05 14:51:22 -0400
5681,22428,3177,led_by_resident,{},2026-08-05 14:51:22 -0400,2026-08-05 14:51:22 -0400
5682,22426,3178,possible_relative_of_owner,{},2026-08-05 14:51:22 -0400,2026-08-05 14:51:22 -0400
5683,22426,3160,possible_relative_of_owner,{},2026-08-05 14:51:22 -0400,2026-08-05 14:51:22 -0400
5684,22424,3159,owned,{},2026-08-05 14:51:22 -0400,2026-08-05 14:51:22 -0400
5685,22424,3160,owned,{},2026-08-05 14:51:22 -0400,2026-08-05 14:51:22 -0400
5686,22424,3179,family_business,{},2026-08-05 14:51:23 -0400,2026-08-05 14:51:23 -0400
5734,22449,3206,lender_collapsed,{},2026-08-05 15:01:09 -0400,2026-08-05 15:01:09 -0400
5735,22449,3207,mentioned_in,{},2026-08-05 15:01:09 -0400,2026-08-05 15:01:09 -0400
5738,22464,3159,mortgaged,{},2026-08-05 15:13:06 -0400,2026-08-05 15:13:06 -0400
5739,22464,3160,mortgaged,{},2026-08-05 15:13:06 -0400,2026-08-05 15:13:06 -0400
5740,22464,3161,lender,{},2026-08-05 15:13:06 -0400,2026-08-05 15:13:06 -0400
5741,22464,3179,co_mortgagor,{},2026-08-05 15:13:06 -0400,2026-08-05 15:13:06 -0400
5746,22452,1694,original_lessor,{},2026-08-05 15:13:07 -0400,2026-08-05 15:13:07 -0400
5747,22452,3244,original_lessee,{},2026-08-05 15:13:07 -0400,2026-08-05 15:13:07 -0400
5751,22462,3241,current_ground_rent_holder,{},2026-08-05 15:13:07 -0400,2026-08-05 15:13:07 -0400
5752,22460,3159,mortgaged,{},2026-08-05 15:13:07 -0400,2026-08-05 15:13:07 -0400
5753,22460,3160,mortgaged,{},2026-08-05 15:13:07 -0400,2026-08-05 15:13:07 -0400
5754,22460,3242,lender,{},2026-08-05 15:13:07 -0400,2026-08-05 15:13:07 -0400
5765,22467,3159,mortgaged,{},2026-08-05 15:13:08 -0400,2026-08-05 15:13:08 -0400
5766,22467,3160,mortgaged,{},2026-08-05 15:13:09 -0400,2026-08-05 15:13:09 -0400
5767,22467,3161,lender,{},2026-08-05 15:13:09 -0400,2026-08-05 15:13:09 -0400
5768,22467,3179,co_mortgagor,{},2026-08-05 15:13:09 -0400,2026-08-05 15:13:09 -0400
5769,22467,3177,co_mortgagor,{},2026-08-05 15:13:09 -0400,2026-08-05 15:13:09 -0400
5770,22467,3243,seller_of_church_property,{},2026-08-05 15:13:09 -0400,2026-08-05 15:13:09 -0400
5778,22466,3159,mortgaged,{},2026-08-05 15:13:10 -0400,2026-08-05 15:13:10 -0400
5779,22466,3160,mortgaged,{},2026-08-05 15:13:10 -0400,2026-08-05 15:13:10 -0400
5780,22466,3161,lender,{},2026-08-05 15:13:10 -0400,2026-08-05 15:13:10 -0400
5781,22466,3179,co_mortgagor,{},2026-08-05 15:13:10 -0400,2026-08-05 15:13:10 -0400
5782,22454,3238,acquired_ground_rent,{},2026-08-05 15:13:10 -0400,2026-08-05 15:13:10 -0400
5783,22454,3239,acquired_ground_rent,{},2026-08-05 15:13:10 -0400,2026-08-05 15:13:10 -0400
5784,22470,3245,advocated,{},2026-08-05 15:13:10 -0400,2026-08-05 15:13:10 -0400
5785,22470,3246,processing_agency,{},2026-08-05 15:13:10 -0400,2026-08-05 15:13:10 -0400
5786,22453,3160,acquired_leasehold,{},2026-08-05 15:13:10 -0400,2026-08-05 15:13:10 -0400
5788,22463,3160,acquired_leasehold,{},2026-08-05 15:13:11 -0400,2026-08-05 15:13:11 -0400
5790,22455,3160,mortgaged,{},2026-08-05 15:13:11 -0400,2026-08-05 15:13:11 -0400
5791,22455,3161,lender,{},2026-08-05 15:13:11 -0400,2026-08-05 15:13:11 -0400
5792,22455,3179,co_mortgagor,{},2026-08-05 15:13:11 -0400,2026-08-05 15:13:11 -0400
5797,22457,3159,mortgaged,{},2026-08-05 15:13:11 -0400,2026-08-05 15:13:11 -0400
5798,22457,3160,mortgaged,{},2026-08-05 15:13:11 -0400,2026-08-05 15:13:11 -0400
5799,22457,3161,lender,{},2026-08-05 15:13:11 -0400,2026-08-05 15:13:11 -0400
5800,22457,3179,co_mortgagor,{},2026-08-05 15:13:12 -0400,2026-08-05 15:13:12 -0400
5802,22461,3239,sold_ground_rent,{},2026-08-05 15:13:12 -0400,2026-08-05 15:13:12 -0400
5803,22461,3240,acquired_ground_rent,{},2026-08-05 15:13:12 -0400,2026-08-05 15:13:12 -0400
5809,22459,3159,mortgaged,{},2026-08-05 15:13:12 -0400,2026-08-05 15:13:12 -0400
5810,22459,3160,mortgaged,{},2026-08-05 15:13:12 -0400,2026-08-05 15:13:12 -0400
5811,22459,3161,lender,{},2026-08-05 15:13:12 -0400,2026-08-05 15:13:12 -0400
5812,22459,3179,co_mortgagor,{},2026-08-05 15:13:13 -0400,2026-08-05 15:13:13 -0400
5813,22459,3177,co_mortgagor,{},2026-08-05 15:13:13 -0400,2026-08-05 15:13:13 -0400
5814,22459,3243,seller_of_church_property,{},2026-08-05 15:13:13 -0400,2026-08-05 15:13:13 -0400
5815,22465,3159,mortgaged,{},2026-08-05 15:13:13 -0400,2026-08-05 15:13:13 -0400
5816,22465,3160,mortgaged,{},2026-08-05 15:13:13 -0400,2026-08-05 15:13:13 -0400
5817,22465,3161,lender,{},2026-08-05 15:13:13 -0400,2026-08-05 15:13:13 -0400
5818,22465,3179,co_mortgagor,{},2026-08-05 15:13:13 -0400,2026-08-05 15:13:13 -0400
5820,22458,3159,mortgaged,{},2026-08-05 15:13:13 -0400,2026-08-05 15:13:13 -0400
5821,22458,3160,mortgaged,{},2026-08-05 15:13:14 -0400,2026-08-05 15:13:14 -0400
5822,22458,3161,lender,{},2026-08-05 15:13:14 -0400,2026-08-05 15:13:14 -0400
5823,22458,3179,co_mortgagor,{},2026-08-05 15:13:14 -0400,2026-08-05 15:13:14 -0400
5825,22456,3159,mortgaged,{},2026-08-05 15:13:14 -0400,2026-08-05 15:13:14 -0400
5826,22456,3160,mortgaged,{},2026-08-05 15:13:14 -0400,2026-08-05 15:13:14 -0400
5827,22456,3161,lender,{},2026-08-05 15:13:14 -0400,2026-08-05 15:13:14 -0400
5828,22456,3179,co_mortgagor,{},2026-08-05 15:13:14 -0400,2026-08-05 15:13:14 -0400
5856,22477,3289,purchased,{},2026-08-05 15:22:29 -0400,2026-08-05 15:22:29 -0400
5861,22486,3177,current_owner,{},2026-08-05 15:22:29 -0400,2026-08-05 15:22:29 -0400
5887,22478,3289,owned,{},2026-08-05 15:22:32 -0400,2026-08-05 15:22:32 -0400
5910,22485,3294,current_owner,{},2026-08-05 15:22:34 -0400,2026-08-05 15:22:34 -0400
5915,22474,396,acquired,{},2026-08-05 15:22:34 -0400,2026-08-05 15:22:34 -0400
5916,22474,2483,acquired,{},2026-08-05 15:22:34 -0400,2026-08-05 15:22:34 -0400
5918,22482,3292,prior_owner,{},2026-08-05 15:22:35 -0400,2026-08-05 15:22:35 -0400
5919,22482,2517,current_owner,{},2026-08-05 15:22:35 -0400,2026-08-05 15:22:35 -0400
5933,22476,3160,sold,{},2026-08-05 15:22:36 -0400,2026-08-05 15:22:36 -0400
5943,22475,3160,purchased,{},2026-08-05 15:22:37 -0400,2026-08-05 15:22:37 -0400
5954,22479,3289,sold,{},2026-08-05 15:22:37 -0400,2026-08-05 15:22:37 -0400
5955,22479,3290,purchased,{},2026-08-05 15:22:38 -0400,2026-08-05 15:22:38 -0400
5956,22479,3291,lender,{},2026-08-05 15:22:38 -0400,2026-08-05 15:22:38 -0400
5967,22506,3343,prior_owner,{},2026-08-05 15:33:29 -0400,2026-08-05 15:33:29 -0400
5968,22506,3344,prior_owner,{},2026-08-05 15:33:29 -0400,2026-08-05 15:33:29 -0400
6023,22511,3346,lost_title,{},2026-08-05 15:33:34 -0400,2026-08-05 15:33:34 -0400
6024,22511,3292,purchased,{},2026-08-05 15:33:34 -0400,2026-08-05 15:33:34 -0400
6028,22512,3292,lost_title,{},2026-08-05 15:33:34 -0400,2026-08-05 15:33:34 -0400
6031,22510,3346,mortgaged,{},2026-08-05 15:33:35 -0400,2026-08-05 15:33:35 -0400
6032,22510,3206,lender,{},2026-08-05 15:33:35 -0400,2026-08-05 15:33:35 -0400
6034,22507,3348,ground_rent_holder,{},2026-08-05 15:33:35 -0400,2026-08-05 15:33:35 -0400
6047,22509,3159,purchased,{},2026-08-05 15:33:36 -0400,2026-08-05 15:33:36 -0400
6048,22509,3160,purchased,{},2026-08-05 15:33:36 -0400,2026-08-05 15:33:36 -0400
6049,22509,3346,sold_to,{},2026-08-05 15:33:36 -0400,2026-08-05 15:33:36 -0400
6053,22489,3160,purchased,{},2026-08-05 15:33:37 -0400,2026-08-05 15:33:37 -0400
6062,22508,3345,lost_title,{},2026-08-05 15:33:37 -0400,2026-08-05 15:33:37 -0400
6076,22513,2517,purchased,{},2026-08-05 15:33:39 -0400,2026-08-05 15:33:39 -0400
6077,22513,3347,signed_for_buyer,{},2026-08-05 15:33:39 -0400,2026-08-05 15:33:39 -0400
6187,22509,3346,transferred_to_daughter,{},2026-08-05 15:38:53 -0400,2026-08-05 15:38:53 -0400
6256,22566,3159,mortgaged,{},2026-08-05 15:42:38 -0400,2026-08-05 15:42:38 -0400
6257,22566,3160,mortgaged,{},2026-08-05 15:42:38 -0400,2026-08-05 15:42:38 -0400
6258,22566,3206,lender,{},2026-08-05 15:42:39 -0400,2026-08-05 15:42:39 -0400
6259,22566,3177,co_mortgagor,{},2026-08-05 15:42:39 -0400,2026-08-05 15:42:39 -0400
6262,22544,3159,mortgaged,{},2026-08-05 15:42:39 -0400,2026-08-05 15:42:39 -0400
6263,22544,3160,mortgaged,{},2026-08-05 15:42:39 -0400,2026-08-05 15:42:39 -0400
6264,22544,3161,lender,{},2026-08-05 15:42:39 -0400,2026-08-05 15:42:39 -0400
6279,22565,3159,mortgaged,{},2026-08-05 15:42:40 -0400,2026-08-05 15:42:40 -0400
6280,22565,3160,mortgaged,{},2026-08-05 15:42:40 -0400,2026-08-05 15:42:40 -0400
6281,22565,3161,lender,{},2026-08-05 15:42:40 -0400,2026-08-05 15:42:40 -0400
6310,22546,3159,mortgaged,{},2026-08-05 15:42:43 -0400,2026-08-05 15:42:43 -0400
6311,22546,3160,mortgaged,{},2026-08-05 15:42:43 -0400,2026-08-05 15:42:43 -0400
6312,22546,3206,lender,{},2026-08-05 15:42:43 -0400,2026-08-05 15:42:43 -0400
6348,22556,3159,acquired_ground_rent,{},2026-08-05 15:42:46 -0400,2026-08-05 15:42:46 -0400
6349,22556,3160,acquired_ground_rent,{},2026-08-05 15:42:46 -0400,2026-08-05 15:42:46 -0400
6350,22556,3348,ground_rent_seller,{},2026-08-05 15:42:46 -0400,2026-08-05 15:42:46 -0400
6384,22531,3159,mortgaged,{},2026-08-05 15:42:49 -0400,2026-08-05 15:42:49 -0400
6385,22531,3160,mortgaged,{},2026-08-05 15:42:49 -0400,2026-08-05 15:42:49 -0400
6386,22531,3161,lender,{},2026-08-05 15:42:49 -0400,2026-08-05 15:42:49 -0400
6398,22554,3159,mortgaged,{},2026-08-05 15:42:50 -0400,2026-08-05 15:42:50 -0400
6399,22554,3160,mortgaged,{},2026-08-05 15:42:50 -0400,2026-08-05 15:42:50 -0400
6400,22554,3161,lender,{},2026-08-05 15:42:50 -0400,2026-08-05 15:42:50 -0400
6460,22593,3160,decedent,{},2026-08-05 22:32:53 -0400,2026-08-05 22:32:53 -0400
6461,22593,3346,personal_representative,{},2026-08-05 22:32:53 -0400,2026-08-05 22:32:53 -0400
6462,22593,3476,estate_attorney,{},2026-08-05 22:32:53 -0400,2026-08-05 22:32:53 -0400
6473,22596,3160,decedent,{},2026-08-05 22:32:54 -0400,2026-08-05 22:32:54 -0400
6474,22596,3346,personal_representative,{},2026-08-05 22:32:54 -0400,2026-08-05 22:32:54 -0400
6475,22596,3476,estate_attorney,{},2026-08-05 22:32:54 -0400,2026-08-05 22:32:54 -0400
6508,22599,3160,resident_agent_of,{},2026-08-05 22:45:49 -0400,2026-08-05 22:45:49 -0400
6509,22599,3177,registered_agent_role,{},2026-08-05 22:45:49 -0400,2026-08-05 22:45:49 -0400
6510,22753,526,proprietor_of,{},2026-08-11 13:59:29 -0400,2026-08-11 13:59:29 -0400
6511,22753,528,operated_at,{},2026-08-11 13:59:29 -0400,2026-08-11 13:59:29 -0400
6512,22753,527,operated_at,{},2026-08-11 13:59:30 -0400,2026-08-11 13:59:30 -0400
6513,22753,3477,listed_at,{},2026-08-11 13:59:30 -0400,2026-08-11 13:59:30 -0400
6514,22754,3478,resided_at,{},2026-08-11 13:59:30 -0400,2026-08-11 13:59:30 -0400
6515,22754,3479,resided_at,{},2026-08-11 13:59:31 -0400,2026-08-11 13:59:31 -0400
6516,22754,3480,resided_at,{},2026-08-11 13:59:31 -0400,2026-08-11 13:59:31 -0400
6517,22754,3481,resided_at,{},2026-08-11 13:59:31 -0400,2026-08-11 13:59:31 -0400
6518,22754,3482,resided_at,{},2026-08-11 13:59:32 -0400,2026-08-11 13:59:32 -0400
6519,22754,3483,resided_at,{},2026-08-11 13:59:32 -0400,2026-08-11 13:59:32 -0400
6520,22754,3484,resided_at,{},2026-08-11 13:59:32 -0400,2026-08-11 13:59:32 -0400
6521,22754,3485,resided_at,{},2026-08-11 13:59:33 -0400,2026-08-11 13:59:33 -0400
6522,22754,3486,resided_at,{},2026-08-11 13:59:33 -0400,2026-08-11 13:59:33 -0400
6523,22755,768,operated_at,{},2026-08-11 13:59:33 -0400,2026-08-11 13:59:33 -0400
6524,22755,3487,operated_at,{},2026-08-11 13:59:34 -0400,2026-08-11 13:59:34 -0400
6525,22755,3488,mentioned_in,{},2026-08-11 13:59:34 -0400,2026-08-11 13:59:34 -0400
6526,22755,3489,officer_of,{},2026-08-11 13:59:34 -0400,2026-08-11 13:59:34 -0400
6527,22756,764,subject_of,{},2026-08-11 13:59:35 -0400,2026-08-11 13:59:35 -0400
6528,22756,3490,mentioned_in,{},2026-08-11 13:59:35 -0400,2026-08-11 13:59:35 -0400
6529,22757,3491,depicted_in,{},2026-08-11 13:59:35 -0400,2026-08-11 13:59:35 -0400
6530,22757,3492,created_artwork,{},2026-08-11 13:59:36 -0400,2026-08-11 13:59:36 -0400
6531,22757,3493,painted,{},2026-08-11 13:59:36 -0400,2026-08-11 13:59:36 -0400
6532,22757,3494,painted,{},2026-08-11 13:59:36 -0400,2026-08-11 13:59:36 -0400
6533,22757,3495,photographed,{},2026-08-11 13:59:37 -0400,2026-08-11 13:59:37 -0400
6534,22758,803,owned,{},2026-08-11 13:59:37 -0400,2026-08-11 13:59:37 -0400
6535,22758,3496,resident_agent_for,{},2026-08-11 13:59:37 -0400,2026-08-11 13:59:37 -0400
6536,22758,801,owned,{},2026-08-11 13:59:38 -0400,2026-08-11 13:59:38 -0400
6537,22759,805,owned,{},2026-08-11 13:59:38 -0400,2026-08-11 13:59:38 -0400
6538,22759,3497,resident_agent_for,{},2026-08-11 13:59:38 -0400,2026-08-11 13:59:38 -0400
6539,22760,797,owned,{},2026-08-11 13:59:38 -0400,2026-08-11 13:59:38 -0400
6540,22760,798,owned,{},2026-08-11 13:59:39 -0400,2026-08-11 13:59:39 -0400
6541,22760,799,owned,{},2026-08-11 13:59:39 -0400,2026-08-11 13:59:39 -0400
6542,22761,3498,proposed_legislation_for,{},2026-08-11 13:59:39 -0400,2026-08-11 13:59:39 -0400
6543,22761,3491,mentioned_in,{},2026-08-11 13:59:39 -0400,2026-08-11 13:59:39 -0400
6544,22761,3499,reported_by,{},2026-08-11 13:59:40 -0400,2026-08-11 13:59:40 -0400
6545,22762,3491,depicted_in,{},2026-08-11 13:59:40 -0400,2026-08-11 13:59:40 -0400
6546,22762,3500,created_artwork,{},2026-08-11 13:59:40 -0400,2026-08-11 13:59:40 -0400
6547,22762,3492,created_artwork,{},2026-08-11 13:59:40 -0400,2026-08-11 13:59:40 -0400
6548,22762,3501,employed_at,{},2026-08-11 13:59:41 -0400,2026-08-11 13:59:41 -0400
6549,22762,764,operated_at,{},2026-08-11 13:59:41 -0400,2026-08-11 13:59:41 -0400
6550,22762,3502,reported_by,{},2026-08-11 13:59:41 -0400,2026-08-11 13:59:41 -0400
6551,22811,3503,subject_of,{},2026-08-14 22:16:19 -0400,2026-08-14 22:16:19 -0400
6552,22812,3505,subject_of,{},2026-08-14 22:16:19 -0400,2026-08-14 22:16:19 -0400
6553,22812,3506,mentioned_in,{},2026-08-14 22:16:19 -0400,2026-08-14 22:16:19 -0400
6554,22808,3505,subject_of,{},2026-08-14 22:16:19 -0400,2026-08-14 22:16:19 -0400
6555,22808,2687,led,{},2026-08-14 22:16:20 -0400,2026-08-14 22:16:20 -0400
6556,22821,2687,subject_of,{},2026-08-14 22:16:20 -0400,2026-08-14 22:16:20 -0400
6557,22821,725,mentioned_in,{},2026-08-14 22:16:20 -0400,2026-08-14 22:16:20 -0400
6558,22810,3507,mentioned_in,{},2026-08-14 22:16:20 -0400,2026-08-14 22:16:20 -0400
6559,22822,3504,surveyed,{},2026-08-14 22:16:21 -0400,2026-08-14 22:16:21 -0400
6560,22813,750,subject_of,{},2026-08-14 22:16:21 -0400,2026-08-14 22:16:21 -0400
6561,22814,750,subject_of,{},2026-08-14 22:16:21 -0400,2026-08-14 22:16:21 -0400
6562,22815,39,subject_of,{},2026-08-14 22:16:21 -0400,2026-08-14 22:16:21 -0400
6563,22818,3508,subject_of,{},2026-08-14 22:16:21 -0400,2026-08-14 22:16:21 -0400
6564,22817,3509,mentioned_in,{},2026-08-14 22:16:22 -0400,2026-08-14 22:16:22 -0400
