id,source,source_id,blocklot,address,normalized_address,sqft,land_use,owner,matched_property_id,created_at,updated_at,lot_sqft
7629,baltimore:parcels,3735 001,3735 001,3410 GREENMOUNT AVE,3410 GREENMOUNT AVE,2815,C/53011,"SNAPP, JOHN N   (LIFE)",792,2026-07-13 23:20:32 -0400,2026-08-24 03:14:06 -0400,90
7643,baltimore:parcels,3804 048,3804 048,1920 GREENMOUNT AVE,1920 GREENMOUNT AVE,0,EC/11446,HOUSING AUTHORITY OF BALTIMORE,,2026-07-13 23:20:33 -0400,2026-07-13 23:20:33 -0400,0
7737,baltimore:parcels,3825 001,3825 001,435 E 25TH ST,435 E 25TH ST,7485,EC/55120,"MANNA HOUSE, INC.",865,2026-07-13 23:20:35 -0400,2026-07-13 23:20:35 -0400,0
7738,baltimore:parcels,3825 021,3825 021,2434 GREENMOUNT AVE,2434 GREENMOUNT AVE,12740,C/59990,CONCORD COMMUNITIES I LLC,2343,2026-07-13 23:20:35 -0400,2026-07-13 23:20:35 -0400,100
7739,baltimore:parcels,3825 022,3825 022,2432 GREENMOUNT AVE,2432 GREENMOUNT AVE,1440,C/50001,"WHITE, BROOKS",2342,2026-07-13 23:20:35 -0400,2026-07-13 23:20:35 -0400,14
7740,baltimore:parcels,3825 029,3825 029,2406 GREENMOUNT AVE,2406 GREENMOUNT AVE,12390,EC/61710,NEW GOOD SAMARITAN BAPTIST,2336,2026-07-13 23:20:35 -0400,2026-07-13 23:20:35 -0400,100
7742,baltimore:parcels,3826 028,3826 028,401 E 25TH ST,401 E 25TH ST,8241,C/11510,BALTIMORE AFFORDABLE HOUSING,852,2026-07-13 23:20:35 -0400,2026-07-13 23:20:35 -0400,0
7836,baltimore:parcels,3836A001,3836A001,2554 GREENMOUNT AVE,2554 GREENMOUNT AVE,8190,EC/39990,"HAVEN OF REST, SANCTUARY",2439,2026-07-13 23:20:37 -0400,2026-07-13 23:20:37 -0400,33
7837,baltimore:parcels,3836A002,3836A002,2602 GREENMOUNT AVE,2602 GREENMOUNT AVE,9384,C/63760,"FIRESTONE, STEVEN",640,2026-07-13 23:20:37 -0400,2026-07-13 23:20:37 -0400,100
7838,baltimore:parcels,3836A054,3836A054,455 E LORRAINE AVE,455 E LORRAINE AVE,962,C/11135,"MCCANDLESS, MATTHEW",1095,2026-07-13 23:20:37 -0400,2026-07-13 23:20:37 -0400,15
7840,baltimore:parcels,3836B001,3836B001,2500 GREENMOUNT AVE,2500 GREENMOUNT AVE,1012,C/55300,"BROOKLYN PARK GAS, INC.",2304,2026-07-13 23:20:37 -0400,2026-07-13 23:20:37 -0400,94
7841,baltimore:parcels,3836B003,3836B003,2514 GREENMOUNT AVE,2514 GREENMOUNT AVE,7126,C/69940,"HOPE SAFE HAVEN, LLC",2395,2026-07-13 23:20:37 -0400,2026-07-13 23:20:37 -0400,91
7842,baltimore:parcels,3836B006,3836B006,2522 GREENMOUNT AVE,2522 GREENMOUNT AVE,6000,C/59990,"BOLING 3RD, ERNEST M",2428,2026-07-13 23:20:37 -0400,2026-07-13 23:20:37 -0400,60
7843,baltimore:parcels,3836B048,3836B048,420 E 25TH ST,420 E 25TH ST,1340,C/11130,"LAKEW, ELIAS",862,2026-07-13 23:20:37 -0400,2026-07-13 23:20:37 -0400,14
7844,baltimore:parcels,3836B052,3836B052,428 E 25TH ST,428 E 25TH ST,10530,C/63760,GATOR 25 LLC,864,2026-07-13 23:20:37 -0400,2026-07-13 23:20:37 -0400,0
7863,baltimore:parcels,3846 027,3846 027,452 E 28TH ST,452 E 28TH ST,2484,C/61421,"2631 GREENMOUNT AVE, LLC",2241,2026-07-13 23:20:37 -0400,2026-07-13 23:20:37 -0400,16
7864,baltimore:parcels,3846 086,3846 086,429 E 29TH ST,429 E 29TH ST,4886,C/58100,MCDONALD'S CORPORATION,2391,2026-07-13 23:20:37 -0400,2026-07-13 23:20:37 -0400,0
7871,baltimore:parcels,3855 001,3855 001,400 E 29TH ST,400 E 29TH ST,27064,EC/63760,"SALVATION ARMY, THE",2440,2026-07-13 23:20:37 -0400,2026-07-13 23:20:37 -0400,1
7872,baltimore:parcels,3855 002,3855 002,2900 GREENMOUNT AVE,2900 GREENMOUNT AVE,7920,C/58200,"GREEN HOLDINGS, LLC",693,2026-07-13 23:20:38 -0400,2026-08-24 03:14:07 -0400,50
7873,baltimore:parcels,3855 002A,3855 002A,2920 GREENMOUNT AVE,2920 GREENMOUNT AVE,8760,C/63950,"2920 GREENMOUNT AVENUE, LLC",700,2026-07-13 23:20:38 -0400,2026-07-13 23:20:38 -0400,0
7874,baltimore:parcels,3855 007,3855 007,2938 GREENMOUNT AVE,2938 GREENMOUNT AVE,2452,EC/63117,OUTREACH TEMPLE FOR,705,2026-07-13 23:20:38 -0400,2026-07-13 23:20:38 -0400,28
7875,baltimore:parcels,3855 017,3855 017,2958 GREENMOUNT AVE,2958 GREENMOUNT AVE,1482,C/61710,2631 GREENMOUNT AVE LLC,714,2026-07-13 23:20:38 -0400,2026-07-13 23:20:38 -0400,0
7876,baltimore:parcels,3856 001,3856 001,3000 GREENMOUNT AVE,3000 GREENMOUNT AVE,11420,C/53010,GOLDEN SPRING CORPORATION,715,2026-07-13 23:20:38 -0400,2026-07-13 23:20:38 -0400,68
7877,baltimore:parcels,3856 002,3856 002,3010 GREENMOUNT AVE,3010 GREENMOUNT AVE,8776,C/53010,3010 GREENMOUNT AVENUE LLC,719,2026-07-13 23:20:38 -0400,2026-07-27 03:44:37 -0400,0
7878,baltimore:parcels,3856 003,3856 003,3001 VINEYARD LANE,3001 VINEYARD LN,6681,EC/63760,"BOOK THING OF BALTIMORE, INC.,",2442,2026-07-13 23:20:38 -0400,2026-07-13 23:20:38 -0400,0
7879,baltimore:parcels,3856 005,3856 005,3028 GREENMOUNT AVE,3028 GREENMOUNT AVE,5558,C/65110,"3028 GREENMOUNT AVENUE, LLC",726,2026-07-13 23:20:38 -0400,2026-07-13 23:20:38 -0400,42
7880,baltimore:parcels,3856 008,3856 008,3034 GREENMOUNT AVE,3034 GREENMOUNT AVE,2560,C/63491,"ZANGNA, AMIRA FARAJ",729,2026-07-13 23:20:38 -0400,2026-07-13 23:20:38 -0400,28
7881,baltimore:parcels,3856 009,3856 009,3036 GREENMOUNT AVE,3036 GREENMOUNT AVE,960,C/61421,EQUITY TRUST COMPANY,730,2026-07-13 23:20:38 -0400,2026-07-13 23:20:38 -0400,11
7882,baltimore:parcels,3856 010,3856 010,3038 GREENMOUNT AVE,3038 GREENMOUNT AVE,1990,C/53301,"ACORN DEVELOPERS VENTURES, LLC",731,2026-07-13 23:20:38 -0400,2026-07-13 23:20:38 -0400,16
7883,baltimore:parcels,3856 011,3856 011,3040 GREENMOUNT AVE,3040 GREENMOUNT AVE,8350,C/53010,O & O REALTY INC.,732,2026-07-13 23:20:38 -0400,2026-07-13 23:20:38 -0400,56
7884,baltimore:parcels,3856 012,3856 012,3046 GREENMOUNT AVE,3046 GREENMOUNT AVE,840,C/61210,"OSTRAW, LOUIS",733,2026-07-13 23:20:38 -0400,2026-07-13 23:20:38 -0400,16
7885,baltimore:parcels,3856 013,3856 013,3048 GREENMOUNT AVE,3048 GREENMOUNT AVE,5628,C/53011,"R H FAMILY, LLC",734,2026-07-13 23:20:38 -0400,2026-07-13 23:20:38 -0400,20
7886,baltimore:parcels,3856 039,3856 039,3020 VINEYARD LANE,3020 VINEYARD LN,2200,C/64110,"CUNNINGHAM JR,PATRICK M",2381,2026-07-13 23:20:38 -0400,2026-07-13 23:20:38 -0400,64
7887,baltimore:parcels,3856 042,3856 042,416 E 30TH ST,416 E 30TH ST,5760,C/61710,416-418 E 30TH STREET BAL LLC,2441,2026-07-13 23:20:38 -0400,2026-07-13 23:20:38 -0400,175
7930,baltimore:parcels,3881 001,3881 001,400 E 31ST ST,400 E 31ST ST,5215,EC/69110,"ST. MOSES' CHURCH, INC",2415,2026-07-13 23:20:39 -0400,2026-07-13 23:20:39 -0400,105
7931,baltimore:parcels,3881 006,3881 006,414 E 31ST ST,414 E 31ST ST,1772,C/59311,"BEVERS, JONATHAN",2320,2026-07-13 23:20:39 -0400,2026-07-13 23:20:39 -0400,20
7932,baltimore:parcels,3881 007,3881 007,416 E 31ST ST,416 E 31ST ST,2484,C/59311,"JOHNSON TRUSTEE, EDDIE L",2319,2026-07-13 23:20:39 -0400,2026-07-13 23:20:39 -0400,20
7933,baltimore:parcels,3881 008,3881 008,418 E 31ST ST,418 E 31ST ST,1720,C/59311,R & A FAMILY LLC,2318,2026-07-13 23:20:39 -0400,2026-07-13 23:20:39 -0400,20
7934,baltimore:parcels,3881 009,3881 009,420 E 31ST ST,420 E 31ST ST,0,C/46100,"R H FAMILY, LLC",2372,2026-07-13 23:20:39 -0400,2026-07-13 23:20:39 -0400,23
7935,baltimore:parcels,3881 013,3881 013,3106 GREENMOUNT AVE,3106 GREENMOUNT AVE,6790,C/56100,R H FAMILY LLC,736,2026-07-13 23:20:39 -0400,2026-07-13 23:20:39 -0400,0
7936,baltimore:parcels,3881 016,3881 016,3112 GREENMOUNT AVE,3112 GREENMOUNT AVE,1700,C/52510,"RH FAMILY, LLC",739,2026-07-13 23:20:39 -0400,2026-07-13 23:20:39 -0400,14
7937,baltimore:parcels,3881 017,3881 017,3114 GREENMOUNT AVE,3114 GREENMOUNT AVE,1904,C/53910,R.H. FAMILY LLC,741,2026-07-13 23:20:39 -0400,2026-07-13 23:20:39 -0400,34
7938,baltimore:parcels,3881 018,3881 018,3118 GREENMOUNT AVE,3118 GREENMOUNT AVE,3300,C/64920,"VINE AND BRANCHES, LLC",743,2026-07-13 23:20:39 -0400,2026-07-13 23:20:39 -0400,33
7939,baltimore:parcels,3881 019,3881 019,3120 GREENMOUNT AVE,3120 GREENMOUNT AVE,2480,C/59700,JMSRC LLC,744,2026-07-13 23:20:39 -0400,2026-07-13 23:20:39 -0400,22
7940,baltimore:parcels,3881 020,3881 020,3122 GREENMOUNT AVE,3122 GREENMOUNT AVE,8880,C/57110,"ZABLAH, JIHAD M",745,2026-07-13 23:20:39 -0400,2026-07-13 23:20:39 -0400,48
7941,baltimore:parcels,3881 022,3881 022,3126 GREENMOUNT AVE,3126 GREENMOUNT AVE,5550,C/58200,"BRADLEY, MATTHEW  (LIFE)",747,2026-07-13 23:20:39 -0400,2026-07-13 23:20:39 -0400,30
7942,baltimore:parcels,3881 023,3881 023,3128 GREENMOUNT AVE,3128 GREENMOUNT AVE,11928,C/58200,"BALTIMORE COMMUNITY 6, LLC",749,2026-07-13 23:20:39 -0400,2026-07-13 23:20:39 -0400,0
7943,baltimore:parcels,3881 024,3881 024,3130 GREENMOUNT AVE,3130 GREENMOUNT AVE,3645,C/58100,"SAKELARAKOS, JOHN (LIFE)",750,2026-07-13 23:20:39 -0400,2026-07-13 23:20:39 -0400,18
7944,baltimore:parcels,3881 032,3881 032,3123 BARCLAY ST,3123 BARCLAY ST,2850,EC/69110,RIVER OF LIFE MINISTRY,2327,2026-07-13 23:20:39 -0400,2026-07-13 23:20:39 -0400,27
7945,baltimore:parcels,3881 033,3881 033,3100 BRENTWOOD AVE,3100 BRENTWOOD AVE,1960,C/64920,"FROST, ELLEN MCLEISTER",2420,2026-07-13 23:20:39 -0400,2026-07-13 23:20:39 -0400,40
7946,baltimore:parcels,3881 039,3881 039,3116 BRENTWOOD AVE,3116 BRENTWOOD AVE,5295,C/64110,BUCK LINDER AUTO REPAIRS INC,2328,2026-07-13 23:20:39 -0400,2026-07-13 23:20:39 -0400,98
7947,baltimore:parcels,3881 042,3881 042,3105 BRENTWOOD AVE,3105 BRENTWOOD AVE,0,C/91010,"VINE AND BRANCHES, LLC",2370,2026-07-13 23:20:39 -0400,2026-07-13 23:20:39 -0400,33
7948,baltimore:parcels,3881 042A,3881 042A,407 E 32ND ST,407 E 32ND ST,2171,C/63000,"QAZI, KAMRAN A.",2426,2026-07-13 23:20:39 -0400,2026-07-13 23:20:39 -0400,63
7949,baltimore:parcels,3881 044,3881 044,3103 BRENTWOOD AVE,3103 BRENTWOOD AVE,0,C/91010,BUCK LINDER AUTO REPAIR INC,2371,2026-07-13 23:20:39 -0400,2026-07-13 23:20:39 -0400,53
7950,baltimore:parcels,3881A001,3881A001,3201 BARCLAY ST,3201 BARCLAY ST,0,EC/46000,MAYOR AND CITY COUNCIL OF,2323,2026-07-13 23:20:39 -0400,2026-07-13 23:20:39 -0400,1
7951,baltimore:parcels,3881A019,3881A019,432 E 32ND ST,432 E 32ND ST,0,C/64920,"WAVERLY MAIN STREET, LLC",2396,2026-07-13 23:20:39 -0400,2026-07-13 23:20:39 -0400,0
7952,baltimore:parcels,3881A020,3881A020,429 MERRYMAN LANE,429 MERRYMAN LN,8886,C,"ZABLAH, JIHAD M",2379,2026-07-13 23:20:39 -0400,2026-07-13 23:20:39 -0400,0
7953,baltimore:parcels,3881A021,3881A021,431 MERRYMAN LANE,431 MERRYMAN LN,1364,C/58100,"ZABLAH, JIHAD M",2322,2026-07-13 23:20:39 -0400,2026-07-13 23:20:39 -0400,0
7954,baltimore:parcels,3882 001,3882 001,3200 GREENMOUNT AVE,3200 GREENMOUNT AVE,1050,C/58100,"2631 GREENMOUNT AVE, LLC",752,2026-07-13 23:20:39 -0400,2026-07-13 23:20:39 -0400,36
7955,baltimore:parcels,3882 002,3882 002,3204 GREENMOUNT AVE,3204 GREENMOUNT AVE,3096,C/56101,"PARK, CHANG SUK",755,2026-07-13 23:20:39 -0400,2026-07-13 23:20:39 -0400,24
7956,baltimore:parcels,3882 003,3882 003,3208 GREENMOUNT AVE,3208 GREENMOUNT AVE,2346,C/58200,"PP SINGH, INC.",756,2026-07-13 23:20:39 -0400,2026-07-13 23:20:39 -0400,17
7957,baltimore:parcels,3882 004,3882 004,3210 GREENMOUNT AVE,3210 GREENMOUNT AVE,2045,C/56200,"YUN, KYONG",757,2026-07-13 23:20:39 -0400,2026-07-13 23:20:39 -0400,13
7958,baltimore:parcels,3882 005,3882 005,3212 GREENMOUNT AVE,3212 GREENMOUNT AVE,7072,C/56200,"YUN, KYONG",759,2026-07-13 23:20:39 -0400,2026-07-13 23:20:39 -0400,26
7959,baltimore:parcels,3882 007,3882 007,3216 GREENMOUNT AVE,3216 GREENMOUNT AVE,1989,C/56600,AGATE INTEGRATED AND BEHAVIORAL,761,2026-07-13 23:20:39 -0400,2026-07-13 23:20:39 -0400,13
7960,baltimore:parcels,3882 008,3882 008,3218 GREENMOUNT AVE,3218 GREENMOUNT AVE,2102,C/56600,AGATE INTEGRATED AND BEHAVIORAL,763,2026-07-13 23:20:39 -0400,2026-07-13 23:20:39 -0400,14
7961,baltimore:parcels,3882 009,3882 009,3220 GREENMOUNT AVE,3220 GREENMOUNT AVE,4034,C/61290,"KANG, JIN WOOK (TR)",764,2026-07-13 23:20:39 -0400,2026-07-13 23:20:39 -0400,20
7962,baltimore:parcels,3882 010,3882 010,3222 GREENMOUNT AVE,3222 GREENMOUNT AVE,1462,C/59410,"APEX REALTY HOLDINGS, LLC",766,2026-07-13 23:20:39 -0400,2026-07-13 23:20:39 -0400,16
7963,baltimore:parcels,3882 011,3882 011,3224 GREENMOUNT AVE,3224 GREENMOUNT AVE,2240,C/57110,2631 GREENMOUNT AVE LLC,768,2026-07-13 23:20:39 -0400,2026-07-13 23:20:39 -0400,16
7964,baltimore:parcels,3882 012,3882 012,3226 GREENMOUNT AVE,3226 GREENMOUNT AVE,17952,C/53010,"NSR OF MD, LLC",769,2026-07-13 23:20:39 -0400,2026-07-13 23:20:39 -0400,132
7965,baltimore:parcels,3882 014,3882 014,420 MERRYMAN LANE,420 MERRYMAN LN,2000,C/64110,"ZABLAH, JIHAD M",2397,2026-07-13 23:20:39 -0400,2026-07-13 23:20:39 -0400,107
7966,baltimore:parcels,3882 031,3882 031,415 E 33RD ST,415 E 33RD ST,4368,C/59311,"M & Y REALTY, LLC",2324,2026-07-13 23:20:39 -0400,2026-07-13 23:20:39 -0400,40
7967,baltimore:parcels,3882 032,3882 032,401 E 33RD ST,401 E 33RD ST,2953,C/59990,"7-ELEVEN, INC",2455,2026-07-13 23:20:39 -0400,2026-07-13 23:20:39 -0400,151
7968,baltimore:parcels,3883 001,3883 001,3300 GREENMOUNT AVE,3300 GREENMOUNT AVE,3360,C/59100,"LI, XIANGLE",770,2026-07-13 23:20:40 -0400,2026-07-13 23:20:40 -0400,22
7969,baltimore:parcels,3883 002,3883 002,3302 GREENMOUNT AVE,3302 GREENMOUNT AVE,15440,C/72120,"BALTIMORE COMMUNITY, LLC",771,2026-07-13 23:20:40 -0400,2026-07-13 23:20:40 -0400,0
7970,baltimore:parcels,3883 003,3883 003,3308 GREENMOUNT AVE,3308 GREENMOUNT AVE,11450,C/53010,GREENMOUNT PROPERTIES LLC,772,2026-07-13 23:20:40 -0400,2026-07-13 23:20:40 -0400,0
7971,baltimore:parcels,3883 006,3883 006,3320 GREENMOUNT AVE,3320 GREENMOUNT AVE,1452,C/54920,GOLDEN CROWN,774,2026-07-13 23:20:40 -0400,2026-07-13 23:20:40 -0400,0
7972,baltimore:parcels,3883 007,3883 007,3322 GREENMOUNT AVE,3322 GREENMOUNT AVE,3750,C/59411,"WELDEMICHAEL, HABTOM MISGNA",775,2026-07-13 23:20:40 -0400,2026-07-13 23:20:40 -0400,0
7973,baltimore:parcels,3883 012,3883 012,401 VENABLE AVE,401 VENABLE AVE,7000,C/46200,"BALTIMORE COMMUNITY, LLC",2404,2026-07-13 23:20:40 -0400,2026-07-13 23:20:40 -0400,0
7974,baltimore:parcels,3883 014,3883 014,400 E 33RD ST,400 E 33RD ST,14125,EC/71110,MAYOR AND CITY COUNCIL OF,2331,2026-07-13 23:20:40 -0400,2026-07-13 23:20:40 -0400,0
7975,baltimore:parcels,3884 001,3884 001,3326 GREENMOUNT AVE,3326 GREENMOUNT AVE,6500,C/53011,"3326 GREENMOUNT AVENUE, LLC",776,2026-07-13 23:20:40 -0400,2026-07-13 23:20:40 -0400,70
7976,baltimore:parcels,3884 002,3884 002,3334 GREENMOUNT AVE,3334 GREENMOUNT AVE,3960,C/53010,"3326 GREENMOUNT AVENUE, LLC",778,2026-07-13 23:20:40 -0400,2026-07-13 23:20:40 -0400,55
7977,baltimore:parcels,3884 003,3884 003,3354 GREENMOUNT AVE,3354 GREENMOUNT AVE,3600,C/53010,"LEE, HONG KOO",784,2026-07-13 23:20:40 -0400,2026-07-13 23:20:40 -0400,48
7978,baltimore:parcels,3884 006,3884 006,3360 GREENMOUNT AVE,3360 GREENMOUNT AVE,1870,C/59410,"3326 GREENMOUNT AVENUE, LLC",785,2026-07-13 23:20:40 -0400,2026-07-13 23:20:40 -0400,17
7979,baltimore:parcels,3884 007,3884 007,3400 GREENMOUNT AVE,3400 GREENMOUNT AVE,5000,C/58100,"GORDON, JANE F",786,2026-07-13 23:20:40 -0400,2026-08-24 03:14:07 -0400,90
7980,baltimore:parcels,3884 034,3884 034,412 VENABLE AVE,412 VENABLE AVE,0,C/91010,"3326 GREENMOUNT AVENUE, LLC",2235,2026-07-13 23:20:40 -0400,2026-07-13 23:20:40 -0400,14
7981,baltimore:parcels,3884 035,3884 035,414 VENABLE AVE,414 VENABLE AVE,0,C/91010,"3326 GREENMOUNT AVENUE, LLC",2236,2026-07-13 23:20:40 -0400,2026-07-13 23:20:40 -0400,20
7982,baltimore:parcels,3884 036,3884 036, ,,0,C/91010,"3326 GREENMOUNT AVENUE, LLC",2237,2026-07-13 23:20:40 -0400,2026-07-27 03:44:37 -0400,25
7983,baltimore:parcels,3884 042,3884 042,3410 BRENTWOOD AVE,3410 BRENTWOOD AVE,1404,C/64110,"FRANKLIN JR., CLARENCE N.",,2026-07-13 23:20:40 -0400,2026-07-13 23:20:40 -0400,45
7984,baltimore:parcels,3884 043,3884 043,3404 BRENTWOOD AVE,3404 BRENTWOOD AVE,960,C/64110,"3404 BRENTWOOD, LLC",,2026-07-13 23:20:40 -0400,2026-07-13 23:20:40 -0400,45
8072,baltimore:parcels,4000 043,4000 043,1913 GREENMOUNT AVE,1913 GREENMOUNT AVE,1725,C/59990,MEI QI LLC,,2026-07-13 23:20:42 -0400,2026-07-13 23:20:42 -0400,30
8073,baltimore:parcels,4000 045,4000 045,1909 GREENMOUNT AVE,1909 GREENMOUNT AVE,1500,C/91010,"CULMER, BARRY",,2026-07-13 23:20:42 -0400,2026-07-13 23:20:42 -0400,30
8178,baltimore:parcels,4048 046,4048 046,513 E 36TH ST,513 E 36TH ST,2838,EC/34010,MT. OLIVER MISSIONARY,,2026-07-13 23:20:44 -0400,2026-07-13 23:20:44 -0400,88
8185,baltimore:parcels,4048A013,4048A013,3627 GREENMOUNT AVE,3627 GREENMOUNT AVE,3004,EC/69110,UNCONDITIONAL LOVE OF CHRIST IN,2493,2026-07-13 23:20:44 -0400,2026-07-13 23:20:44 -0400,0
8187,baltimore:parcels,4048A017,4048A017,3641 GREENMOUNT AVE,3641 GREENMOUNT AVE,2754,EC/11410,"GREENMOUNT APARTMENTS, LLC",2489,2026-07-13 23:20:44 -0400,2026-07-13 23:20:44 -0400,45
8188,baltimore:parcels,4048A018,4048A018,3701 GREENMOUNT AVE,3701 GREENMOUNT AVE,5700,EC/11410,"GREENMOUNT APARTMENTS, LLC",2488,2026-07-13 23:20:44 -0400,2026-07-13 23:20:44 -0400,96
8189,baltimore:parcels,4048A020,4048A020,3711 GREENMOUNT AVE,3711 GREENMOUNT AVE,4566,EC/11310,"GREENMOUNT APARTMENTS, LLC",2487,2026-07-13 23:20:44 -0400,2026-07-13 23:20:44 -0400,60
8190,baltimore:parcels,4048A021,4048A021,3713 GREENMOUNT AVE,3713 GREENMOUNT AVE,3200,C/54100,"REALTY GURU, LLC",2486,2026-07-13 23:20:44 -0400,2026-07-13 23:20:44 -0400,38
8191,baltimore:parcels,4048A021B,4048A021B,3717 GREENMOUNT AVE,3717 GREENMOUNT AVE,2376,C/59991,ADAM LLC,2485,2026-07-13 23:20:44 -0400,2026-07-13 23:20:44 -0400,22
8192,baltimore:parcels,4049B001,4049B001,500 E 33RD ST,500 E 33RD ST,1907,C/55300,"BALTIMORE REAL ESTATE, LLC",2398,2026-07-13 23:20:44 -0400,2026-07-13 23:20:44 -0400,232
8193,baltimore:parcels,4049B002,4049B002,3313 GREENMOUNT AVE,3313 GREENMOUNT AVE,8884,C/54100,"3313 GREENMOUNT AVENUE, LLC",773,2026-07-13 23:20:44 -0400,2026-07-13 23:20:44 -0400,68
8194,baltimore:parcels,4049B002A,4049B002A,3331 GREENMOUNT AVE,3331 GREENMOUNT AVE,4480,EC/58200,"COMMUNITY MEDIATION PROGRAM,",777,2026-07-13 23:20:44 -0400,2026-07-13 23:20:44 -0400,32
8195,baltimore:parcels,4049B003,4049B003,3339 GREENMOUNT AVE,3339 GREENMOUNT AVE,3635,C/61110,"2900 LOCH RAVEN, LLC",779,2026-07-13 23:20:44 -0400,2026-07-13 23:20:44 -0400,56
8196,baltimore:parcels,4049B005,4049B005,3347 GREENMOUNT AVE,3347 GREENMOUNT AVE,1380,C/51931,"CAMPOS, JUAN",780,2026-07-13 23:20:44 -0400,2026-07-13 23:20:44 -0400,19
8197,baltimore:parcels,4049B006,4049B006,3349 GREENMOUNT AVE,3349 GREENMOUNT AVE,2356,C/56200,"VLADIMIR BESSER, LLC.",781,2026-07-13 23:20:44 -0400,2026-07-13 23:20:44 -0400,19
8198,baltimore:parcels,4049B007,4049B007,3351 GREENMOUNT AVE,3351 GREENMOUNT AVE,1440,C/59951,"SKDK, LLC",782,2026-07-13 23:20:44 -0400,2026-07-13 23:20:44 -0400,19
8199,baltimore:parcels,4049B008,4049B008,3353 GREENMOUNT AVE,3353 GREENMOUNT AVE,1888,C/58201,"SKDK, LLC",783,2026-07-13 23:20:44 -0400,2026-07-13 23:20:44 -0400,15
8200,baltimore:parcels,4049C001,4049C001,3401 GREENMOUNT AVE,3401 GREENMOUNT AVE,1892,C/61216,"MAHMOOD, TARIQ",787,2026-07-13 23:20:44 -0400,2026-07-13 23:20:44 -0400,14
8201,baltimore:parcels,4049C002,4049C002,3403 GREENMOUNT AVE,3403 GREENMOUNT AVE,2120,C/50001,UNBOXED REALTY LLC,788,2026-07-13 23:20:44 -0400,2026-07-13 23:20:44 -0400,26
8202,baltimore:parcels,4049C003,4049C003,3405 GREENMOUNT AVE,3405 GREENMOUNT AVE,2192,C/69301,"LAI, JOHN",789,2026-07-13 23:20:44 -0400,2026-07-13 23:20:44 -0400,24
8203,baltimore:parcels,4049C004,4049C004,3407 GREENMOUNT AVE,3407 GREENMOUNT AVE,2530,C/58201,"QIU, CHENG QUN",790,2026-07-13 23:20:44 -0400,2026-07-13 23:20:44 -0400,24
8204,baltimore:parcels,4049C005,4049C005,3409 GREENMOUNT AVE,3409 GREENMOUNT AVE,2086,C/59981,"HAU REALTY, LLC",791,2026-07-13 23:20:44 -0400,2026-07-13 23:20:44 -0400,25
8205,baltimore:parcels,4049C006,4049C006,3411 GREENMOUNT AVE,3411 GREENMOUNT AVE,2779,C/62326,"EKANEKLMEM, SUNDAY B",793,2026-07-13 23:20:44 -0400,2026-07-13 23:20:44 -0400,25
8206,baltimore:parcels,4049C007,4049C007,3413 GREENMOUNT AVE,3413 GREENMOUNT AVE,0,C/59911,"VEHICLE'S FOR CHANGE, INC.",794,2026-07-13 23:20:44 -0400,2026-07-13 23:20:44 -0400,0
8207,baltimore:parcels,4049C009,4049C009,3417 GREENMOUNT AVE,3417 GREENMOUNT AVE,0,EC/46200,"VEHICLE'S FOR CHANGE, INC.",795,2026-07-13 23:20:44 -0400,2026-07-13 23:20:44 -0400,25
8208,baltimore:parcels,4049C010,4049C010,3419 GREENMOUNT AVE,3419 GREENMOUNT AVE,0,EC/46100,"VEHICLE'S FOR CHANGE, INC.",796,2026-07-13 23:20:44 -0400,2026-07-13 23:20:44 -0400,30
8209,baltimore:parcels,4049C011,4049C011,3427 GREENMOUNT AVE,3427 GREENMOUNT AVE,15250,EC/68310,"VEHICLE'S FOR CHANGE, INC.",797,2026-07-13 23:20:44 -0400,2026-07-13 23:20:44 -0400,82
8210,baltimore:parcels,4049C012,4049C012,3431 GREENMOUNT AVE,3431 GREENMOUNT AVE,1632,C/39941,"DANG, AMRITA",798,2026-07-13 23:20:44 -0400,2026-07-13 23:20:44 -0400,14
8211,baltimore:parcels,4049C013,4049C013,3433 GREENMOUNT AVE,3433 GREENMOUNT AVE,1890,C/62321,LANDMARK HOLDINGS MD LLC,799,2026-07-13 23:20:44 -0400,2026-07-13 23:20:44 -0400,15
8212,baltimore:parcels,4049C014,4049C014,3435 GREENMOUNT AVE,3435 GREENMOUNT AVE,3060,C/50001,"LARJAK PROPERTIES #2, LLC",800,2026-07-13 23:20:44 -0400,2026-07-13 23:20:44 -0400,17
8213,baltimore:parcels,4049C040,4049C040, ,,3300,C/46203,WESTERN GARAGES INC,2476,2026-07-13 23:20:44 -0400,2026-07-20 03:40:54 -0400,110
8215,baltimore:parcels,4050B029,4050B029,601 E 35TH ST,601 E 35TH ST,5720,C/08101,HUSH HAUS LLC,2450,2026-07-13 23:20:44 -0400,2026-07-13 23:20:44 -0400,0
8216,baltimore:parcels,4050B031,4050B031,3401 OLD YORK ROAD,3401 OLD YORK RD,11333,EC/69110,ALLEGHENY EAST CONFERENCE/FIRST,2448,2026-07-13 23:20:44 -0400,2026-07-13 23:20:44 -0400,0
8223,baltimore:parcels,4053 022,4053 022,642 E 33RD ST,642 E 33RD ST,11876,EC/69110,WAVERLY M E CHURCH,,2026-07-13 23:20:45 -0400,2026-07-13 23:20:45 -0400,135
8224,baltimore:parcels,4053 074,4053 074,627 E 34TH ST,627 E 34TH ST,0,C/11410,"627 E 34TH, LLC",,2026-07-13 23:20:45 -0400,2026-07-13 23:20:45 -0400,50
8229,baltimore:parcels,4062 001,4062 001,2501 GREENMOUNT AVE,2501 GREENMOUNT AVE,0,C/55300,"CONITS, PETE   (TR)",2298,2026-07-13 23:20:45 -0400,2026-07-13 23:20:45 -0400,90
8230,baltimore:parcels,4062 002,4062 002,2511 GREENMOUNT AVE,2511 GREENMOUNT AVE,9212,C/91020,"DG STRATEGIC II, LLC",2297,2026-07-13 23:20:45 -0400,2026-07-13 23:20:45 -0400,0
8239,baltimore:parcels,4063 001,4063 001,2435 GREENMOUNT AVE,2435 GREENMOUNT AVE,1508,C/55300,"GREEN SQUARE PROPERTIES, LLC",2364,2026-07-13 23:20:45 -0400,2026-07-13 23:20:45 -0400,60
8240,baltimore:parcels,4063 002,4063 002,2429 GREENMOUNT AVE,2429 GREENMOUNT AVE,8725,C/64190,"LOCH RAVEN INVESTMENTS, LLC",2363,2026-07-13 23:20:45 -0400,2026-07-13 23:20:45 -0400,50
8241,baltimore:parcels,4063 005,4063 005,2427 GREENMOUNT AVE,2427 GREENMOUNT AVE,0,C/91010,"LOCH RAVEN INVESTMENTS, LLC",2362,2026-07-13 23:20:45 -0400,2026-07-13 23:20:45 -0400,25
8242,baltimore:parcels,4063 006,4063 006,2425 GREENMOUNT AVE,2425 GREENMOUNT AVE,6800,C/52200,"LOCH RAVEN INVESTMENTS, LLC",2361,2026-07-13 23:20:45 -0400,2026-07-13 23:20:45 -0400,34
8243,baltimore:parcels,4063 007,4063 007,2423 GREENMOUNT AVE,2423 GREENMOUNT AVE,4000,C/51120,"LOCH RAVEN INVESTMENTS, LLC",2360,2026-07-13 23:20:45 -0400,2026-07-13 23:20:45 -0400,20
8244,baltimore:parcels,4063 009,4063 009,2417 GREENMOUNT AVE,2417 GREENMOUNT AVE,600,C/46200,"LOCH RAVEN INVESTMENTS, LLC",2358,2026-07-13 23:20:45 -0400,2026-07-13 23:20:45 -0400,25
8245,baltimore:parcels,4063 010,4063 010,2415 GREENMOUNT AVE,2415 GREENMOUNT AVE,3140,C/69990,"LOCH RAVEN INVESTMENTS, LLC",2357,2026-07-13 23:20:45 -0400,2026-07-13 23:20:45 -0400,26
8246,baltimore:parcels,4063 011,4063 011,2413 GREENMOUNT AVE,2413 GREENMOUNT AVE,2175,C/11120,"LOCH RAVEN INVESTMENTS, LLC",2356,2026-07-13 23:20:45 -0400,2026-07-13 23:20:45 -0400,25
8247,baltimore:parcels,4063 012,4063 012,2411 GREENMOUNT AVE,2411 GREENMOUNT AVE,0,C/46000,"LOCH RAVEN INVESTMENTS, LLC",2355,2026-07-13 23:20:45 -0400,2026-07-13 23:20:45 -0400,18
8248,baltimore:parcels,4063 013,4063 013,2409 GREENMOUNT AVE,2409 GREENMOUNT AVE,1690,C/59991,"LOCH RAVEN INVESTMENTS, LLC",2354,2026-07-13 23:20:45 -0400,2026-07-13 23:20:45 -0400,13
8249,baltimore:parcels,4063 014,4063 014,2407 GREENMOUNT AVE,2407 GREENMOUNT AVE,2092,C/59991,"LOCH RAVEN INVESTMENTS, LLC",2353,2026-07-13 23:20:45 -0400,2026-07-13 23:20:45 -0400,19
8250,baltimore:parcels,4063 015,4063 015,2405 GREENMOUNT AVE,2405 GREENMOUNT AVE,3195,C/58201,"2405 GREENMOUNT, LLC",2352,2026-07-13 23:20:45 -0400,2026-07-13 23:20:45 -0400,21
8251,baltimore:parcels,4063 017,4063 017,2401 GREENMOUNT AVE,2401 GREENMOUNT AVE,9100,EC/57311,EAST BALTIMORE GRAFFITI CHURCH,2351,2026-07-13 23:20:45 -0400,2026-07-13 23:20:45 -0400,0
8273,baltimore:parcels,4068 001,4068 001,601 E 33RD ST,601 E 33RD ST,,C/11410,VEI WAVERLY I LLC,2427,2026-07-13 23:20:46 -0400,2026-07-13 23:20:46 -0400,4
8274,baltimore:parcels,4070A021,4070A021,2637 GREENMOUNT AVE,2637 GREENMOUNT AVE,7674,C/58200,"METRO PROPERTY VENTURES, LLC",664,2026-07-13 23:20:46 -0400,2026-07-13 23:20:46 -0400,30
8275,baltimore:parcels,4070A059,4070A059,2600 MATHEWS ST,2600 MATHEWS ST,11635,C/51960,"2600 MATHEWS STREET, LLC",1115,2026-07-13 23:20:46 -0400,2026-07-13 23:20:46 -0400,0
8277,baltimore:parcels,4071 011,4071 011,2721 GREENMOUNT AVE,2721 GREENMOUNT AVE,6570,C/61710,"ADVANCED REAL ESTATE, LLC",683,2026-07-13 23:20:46 -0400,2026-07-13 23:20:46 -0400,50
8278,baltimore:parcels,4071 012,4071 012,2731 GREENMOUNT AVE,2731 GREENMOUNT AVE,7074,C/59991,"2731 GREENMOUNT AVENUE, LLC",684,2026-07-13 23:20:46 -0400,2026-07-13 23:20:46 -0400,50
8279,baltimore:parcels,4071 013,4071 013,2733 GREENMOUNT AVE,2733 GREENMOUNT AVE,4934,C/63761,"2731 GREENMOUNT AVENUE, LLC",685,2026-07-13 23:20:46 -0400,2026-07-13 23:20:46 -0400,0
8280,baltimore:parcels,4071 015,4071 015,2739 GREENMOUNT AVE,2739 GREENMOUNT AVE,7500,C/42140,"KWON, JUNG H",686,2026-07-13 23:20:46 -0400,2026-07-13 23:20:46 -0400,50
8281,baltimore:parcels,4071 016,4071 016,2745 GREENMOUNT AVE,2745 GREENMOUNT AVE,0,C/91010,"2600 MATHEWS STREET, LLC",687,2026-07-13 23:20:46 -0400,2026-07-13 23:20:46 -0400,50
8282,baltimore:parcels,4071 019,4071 019,503 E 28TH ST,503 E 28TH ST,0,C/91010,"2600 MATTHEWS STREET, LLC",841,2026-07-13 23:20:46 -0400,2026-07-13 23:20:46 -0400,50
8284,baltimore:parcels,4072 001,4072 001,2801 GREENMOUNT AVE,2801 GREENMOUNT AVE,,C/53000,BRENTWOOD VILLAGE LLC,688,2026-07-13 23:20:46 -0400,2026-07-13 23:20:46 -0400,2
8285,baltimore:parcels,4072 013,4072 013,500 EXETER HALL AVE,500 EXETER HALL AVE,2844,C/58100,WAVERLY COMMONS LLC,2513,2026-07-13 23:20:46 -0400,2026-07-13 23:20:46 -0400,0
8286,baltimore:parcels,4072 016,4072 016,2857 GREENMOUNT AVE,2857 GREENMOUNT AVE,2497,C/59990,"HOLLY, DARRIN K",689,2026-07-13 23:20:46 -0400,2026-07-13 23:20:46 -0400,26
8287,baltimore:parcels,4072 018,4072 018,2863 GREENMOUNT AVE,2863 GREENMOUNT AVE,2821,C/59991,ZETA SIGMA FOUNDATION INC,692,2026-07-13 23:20:46 -0400,2026-07-13 23:20:46 -0400,15
8289,baltimore:parcels,4072A001,4072A001,2901 GREENMOUNT AVE,2901 GREENMOUNT AVE,2856,C/59991,"SHI, DONNA",694,2026-07-13 23:20:46 -0400,2026-07-13 23:20:46 -0400,17
8290,baltimore:parcels,4072A002,4072A002,2903 GREENMOUNT AVE,2903 GREENMOUNT AVE,1800,C/63760,PERLITE PRODUCTS INC,695,2026-07-13 23:20:46 -0400,2026-07-13 23:20:46 -0400,35
8291,baltimore:parcels,4072A002A,4072A002A,2907 GREENMOUNT AVE,2907 GREENMOUNT AVE,2010,C/63760,TSP LLC,696,2026-07-13 23:20:46 -0400,2026-07-13 23:20:46 -0400,33
8292,baltimore:parcels,4072A003,4072A003,2911 GREENMOUNT AVE,2911 GREENMOUNT AVE,3560,C/59990,"HOLLY, DARRIN K.",697,2026-07-13 23:20:46 -0400,2026-07-13 23:20:46 -0400,32
8293,baltimore:parcels,4072A004,4072A004,2913 GREENMOUNT AVE,2913 GREENMOUNT AVE,2064,C/11230,"HOLLY, DARRIN",698,2026-07-13 23:20:46 -0400,2026-07-13 23:20:46 -0400,20
8294,baltimore:parcels,4072A005,4072A005,2915 GREENMOUNT AVE,2915 GREENMOUNT AVE,2040,C/59991,"HOLLY, DARRIN K",699,2026-07-13 23:20:46 -0400,2026-07-13 23:20:46 -0400,16
8295,baltimore:parcels,4074 001,4074 001,3001 GREENMOUNT AVE,3001 GREENMOUNT AVE,1846,C/58201,JHQ PROPERTIES L.L.C.,716,2026-07-13 23:20:46 -0400,2026-07-13 23:20:46 -0400,44
8296,baltimore:parcels,4074 002,4074 002,3005 GREENMOUNT AVE,3005 GREENMOUNT AVE,5304,C/66230,"JHQ PROPERTIES, L.L.C.,",717,2026-07-13 23:20:46 -0400,2026-07-13 23:20:46 -0400,63
8297,baltimore:parcels,4074 004,4074 004,3009 GREENMOUNT AVE,3009 GREENMOUNT AVE,5022,EC/69190,"BIT COMMUNITY CENTER, INC",718,2026-07-13 23:20:46 -0400,2026-07-13 23:20:46 -0400,70
8298,baltimore:parcels,4074 005,4074 005,3009 1/2 GREENMOUNT AVE,3009 1/2 GREENMOUNT AVE,5372,EC/69116,ST. JOHNS CHURCH VESTRY,2376,2026-07-13 23:20:46 -0400,2026-07-13 23:20:46 -0400,230
8299,baltimore:parcels,4074 006,4074 006,3001 OLD YORK ROAD,3001 OLD YORK RD,4205,EC/12530,ST JOHNS CHURCH VESTRY,2377,2026-07-13 23:20:46 -0400,2026-07-13 23:20:46 -0400,135
8301,baltimore:parcels,4074C001,4074C001,600 E 31ST ST,600 E 31ST ST,0,C/46000,"3015 GREENMOUNT AVENUE, LLC",1116,2026-07-13 23:20:46 -0400,2026-07-13 23:20:46 -0400,58
8302,baltimore:parcels,4075 001,4075 001,601 HOMESTEAD ST,601 HOMESTEAD ST,8820,C/11110,VEI WAVERLY II LLC,2326,2026-07-13 23:20:46 -0400,2026-07-27 03:44:39 -0400,0
8303,baltimore:parcels,4075 010,4075 010,3103 TINGES LANE,3103 TINGES LN,1440,C/64110,"SZILLAT, ERNST (LIFE)",2375,2026-07-13 23:20:46 -0400,2026-07-13 23:20:46 -0400,38
8304,baltimore:parcels,4075 013,4075 013,3101 TINGES LANE,3101 TINGES LN,0,C/91020,"WILLIAMS, ROBERT D",2374,2026-07-13 23:20:46 -0400,2026-07-13 23:20:46 -0400,101
8305,baltimore:parcels,4075 015,4075 015,500 MONTPELIER ST,500 MONTPELIER ST,0,C/91010,"WILLIAMS, ROBERT D",,2026-07-13 23:20:46 -0400,2026-07-13 23:20:46 -0400,114
8306,baltimore:parcels,4076 001,4076 001,500 E 32ND ST,500 E 32ND ST,117,C/59930,"HARRISON, JAMES T.",2321,2026-07-13 23:20:46 -0400,2026-07-13 23:20:46 -0400,0
8307,baltimore:parcels,4076 001A,4076 001A,506 E 32ND ST,506 E 32ND ST,2440,C/62111,ZULFI INVESTMENTS LLC,2380,2026-07-13 23:20:46 -0400,2026-07-13 23:20:46 -0400,0
8308,baltimore:parcels,4076 002,4076 002,3201 GREENMOUNT AVE,3201 GREENMOUNT AVE,3192,C/56600,"KOO, KEW HOEA",753,2026-07-13 23:20:46 -0400,2026-07-13 23:20:46 -0400,0
8309,baltimore:parcels,4076 003,4076 003,3203 GREENMOUNT AVE,3203 GREENMOUNT AVE,12746,C/58100,"MAVERICK 3203 GREENMOUNT, LLC",754,2026-07-13 23:20:46 -0400,2026-07-13 23:20:46 -0400,0
8310,baltimore:parcels,4076 006,4076 006,3211 GREENMOUNT AVE,3211 GREENMOUNT AVE,7961,C/59320,MAVERICK 3203 GREENMOUNT LLC,758,2026-07-13 23:20:46 -0400,2026-07-13 23:20:46 -0400,0
8311,baltimore:parcels,4076 007,4076 007,3213 GREENMOUNT AVE,3213 GREENMOUNT AVE,4368,C/54616,"LEE, JUNE K",760,2026-07-13 23:20:46 -0400,2026-07-13 23:20:46 -0400,0
8312,baltimore:parcels,4076 008,4076 008,3217 GREENMOUNT AVE,3217 GREENMOUNT AVE,3130,C/57315,"ALSHOUBI, ABDALHAI",762,2026-07-13 23:20:46 -0400,2026-07-13 23:20:46 -0400,0
8313,baltimore:parcels,4076 009,4076 009,3221 GREENMOUNT AVE,3221 GREENMOUNT AVE,2646,C/59700,SK LEE LLC,765,2026-07-13 23:20:46 -0400,2026-07-13 23:20:46 -0400,0
8314,baltimore:parcels,4076 010,4076 010,3223 GREENMOUNT AVE,3223 GREENMOUNT AVE,2083,C/62110,"WAH, GARY CHIN",767,2026-07-13 23:20:46 -0400,2026-07-13 23:20:46 -0400,0
8315,baltimore:parcels,4076 011,4076 011,501 E 33RD ST,501 E 33RD ST,2272,C/55300,501 E 33RD ST LLC,2325,2026-07-13 23:20:46 -0400,2026-07-13 23:20:46 -0400,0
8316,baltimore:parcels,4076 013,4076 013,511 GORSUCH AVE,511 GORSUCH AVE,968,C/62110,"WAH, GARY C",2240,2026-07-13 23:20:46 -0400,2026-07-13 23:20:46 -0400,0
8318,baltimore:parcels,4076 014,4076 014,515 GORSUCH AVE,515 GORSUCH AVE,1425,C/58100,"WAH, GARY C",2368,2026-07-13 23:20:46 -0400,2026-07-13 23:20:46 -0400,15
8319,baltimore:parcels,4076 016,4076 016,519 GORSUCH AVE,519 GORSUCH AVE,2850,C/58100,"HSDB, LLC",2369,2026-07-13 23:20:46 -0400,2026-07-13 23:20:46 -0400,0
8320,baltimore:parcels,4076 017,4076 017,521 GORSUCH AVE,521 GORSUCH AVE,2745,C/11110,SADWAAL ACQUISITION LLC,2329,2026-07-13 23:20:46 -0400,2026-07-13 23:20:46 -0400,0
8321,baltimore:parcels,4076 019,4076 019,525 GORSUCH AVE,525 GORSUCH AVE,1545,C/62511,"SADWAAL ACQUISITION, LLC",2330,2026-07-13 23:20:46 -0400,2026-07-13 23:20:46 -0400,15
8322,baltimore:parcels,4076A001,4076A001,3011 GREENMOUNT AVE,3011 GREENMOUNT AVE,4074,C/53010,"3015 GREENMOUNT AVENUE, LLC",720,2026-07-13 23:20:46 -0400,2026-07-13 23:20:46 -0400,72
8323,baltimore:parcels,4076A003,4076A003,3015 GREENMOUNT AVE,3015 GREENMOUNT AVE,3272,C/82210,"3015 GREENMOUNT AVENUE, LLC",721,2026-07-13 23:20:47 -0400,2026-07-13 23:20:47 -0400,34
8324,baltimore:parcels,4076A005,4076A005,3019 GREENMOUNT AVE,3019 GREENMOUNT AVE,1725,C/62321,"DENIZ, OZGUN",722,2026-07-13 23:20:47 -0400,2026-07-13 23:20:47 -0400,16
8325,baltimore:parcels,4076A005A,4076A005A,3021 GREENMOUNT AVE,3021 GREENMOUNT AVE,1725,C/62531,"DENIZ, OZGUN",723,2026-07-13 23:20:47 -0400,2026-07-13 23:20:47 -0400,16
8326,baltimore:parcels,4076A006,4076A006,3023 GREENMOUNT AVE,3023 GREENMOUNT AVE,1836,C/58201,VICTORY HOUSING LLC,724,2026-07-13 23:20:47 -0400,2026-07-13 23:20:47 -0400,28
8327,baltimore:parcels,4076A007,4076A007,3029 GREENMOUNT AVE,3029 GREENMOUNT AVE,4050,C/61296,LIVING WELL SOLUTIONS LLC,727,2026-07-13 23:20:47 -0400,2026-07-13 23:20:47 -0400,33
8328,baltimore:parcels,4076A008,4076A008,3031 GREENMOUNT AVE,3031 GREENMOUNT AVE,10327,EC/56500,BALTIMORE GOODWILL,728,2026-07-13 23:20:47 -0400,2026-07-13 23:20:47 -0400,68
8329,baltimore:parcels,4076A010,4076A010,3107 GREENMOUNT AVE,3107 GREENMOUNT AVE,7003,C/61710,"3107 GREENMOUNT AVENUE, LLC",737,2026-07-13 23:20:47 -0400,2026-07-13 23:20:47 -0400,47
8330,baltimore:parcels,4076A011,4076A011,3111 GREENMOUNT AVE,3111 GREENMOUNT AVE,1656,C/61110,"KIM, KWANG WON",738,2026-07-13 23:20:47 -0400,2026-07-13 23:20:47 -0400,24
8331,baltimore:parcels,4076A012,4076A012,3113 GREENMOUNT AVE,3113 GREENMOUNT AVE,6012,C/59201,"AK HOME, LLC",740,2026-07-13 23:20:47 -0400,2026-07-13 23:20:47 -0400,44
8332,baltimore:parcels,4076A014,4076A014,3117 GREENMOUNT AVE,3117 GREENMOUNT AVE,7000,C/57110,"3117 GREENMOUNT AVENUE, LLC",742,2026-07-13 23:20:47 -0400,2026-07-13 23:20:47 -0400,34
8333,baltimore:parcels,4076A015,4076A015,3123 GREENMOUNT AVE,3123 GREENMOUNT AVE,8338,EC/67220,MAYOR AND CITY COUNCIL OF,746,2026-07-13 23:20:47 -0400,2026-07-13 23:20:47 -0400,49
8334,baltimore:parcels,4076A016,4076A016,3127 GREENMOUNT AVE,3127 GREENMOUNT AVE,7592,C/63760,EXCHANGERIGHT NET-LEASED,748,2026-07-13 23:20:47 -0400,2026-07-13 23:20:47 -0400,34
8335,baltimore:parcels,4076A017,4076A017,3133 GREENMOUNT AVE,3133 GREENMOUNT AVE,2655,C/59100,EXCHANGERIGHT NET-LEASED,751,2026-07-13 23:20:47 -0400,2026-07-13 23:20:47 -0400,30
8336,baltimore:parcels,4076A023,4076A023,511 E 32ND ST,511 E 32ND ST,1040,C/62530,"ZULFI INVESTMENTS, LLC",,2026-07-13 23:20:47 -0400,2026-07-13 23:20:47 -0400,15
20344,baltimore:parcels,3735 001,3735 001,3410 GREENMOUNT AVE,3410 GREENMOUNT AVE,2815,C/53011,"SNAPP, JOHN N   (LIFE)",,2026-07-13 23:25:23 -0400,2026-08-24 03:16:12 -0400,90
20358,baltimore:parcels,3804 048,3804 048,1920 GREENMOUNT AVE,1920 GREENMOUNT AVE,0,EC/11446,HOUSING AUTHORITY OF BALTIMORE,,2026-07-13 23:25:24 -0400,2026-07-13 23:25:24 -0400,0
20452,baltimore:parcels,3825 001,3825 001,435 E 25TH ST,435 E 25TH ST,7485,EC/55120,"MANNA HOUSE, INC.",,2026-07-13 23:25:25 -0400,2026-07-13 23:25:25 -0400,0
20453,baltimore:parcels,3825 021,3825 021,2434 GREENMOUNT AVE,2434 GREENMOUNT AVE,12740,C/59990,CONCORD COMMUNITIES I LLC,,2026-07-13 23:25:25 -0400,2026-07-13 23:25:25 -0400,100
20454,baltimore:parcels,3825 022,3825 022,2432 GREENMOUNT AVE,2432 GREENMOUNT AVE,1440,C/50001,"WHITE, BROOKS",,2026-07-13 23:25:25 -0400,2026-07-13 23:25:25 -0400,14
20455,baltimore:parcels,3825 029,3825 029,2406 GREENMOUNT AVE,2406 GREENMOUNT AVE,12390,EC/61710,NEW GOOD SAMARITAN BAPTIST,,2026-07-13 23:25:25 -0400,2026-07-13 23:25:25 -0400,100
20457,baltimore:parcels,3826 028,3826 028,401 E 25TH ST,401 E 25TH ST,8241,C/11510,BALTIMORE AFFORDABLE HOUSING,,2026-07-13 23:25:25 -0400,2026-07-13 23:25:25 -0400,0
20551,baltimore:parcels,3836A001,3836A001,2554 GREENMOUNT AVE,2554 GREENMOUNT AVE,8190,EC/39990,"HAVEN OF REST, SANCTUARY",,2026-07-13 23:25:27 -0400,2026-07-13 23:25:27 -0400,33
20552,baltimore:parcels,3836A002,3836A002,2602 GREENMOUNT AVE,2602 GREENMOUNT AVE,9384,C/63760,"FIRESTONE, STEVEN",,2026-07-13 23:25:27 -0400,2026-07-13 23:25:27 -0400,100
20553,baltimore:parcels,3836A054,3836A054,455 E LORRAINE AVE,455 E LORRAINE AVE,962,C/11135,"MCCANDLESS, MATTHEW",,2026-07-13 23:25:27 -0400,2026-07-13 23:25:27 -0400,15
20555,baltimore:parcels,3836B001,3836B001,2500 GREENMOUNT AVE,2500 GREENMOUNT AVE,1012,C/55300,"BROOKLYN PARK GAS, INC.",,2026-07-13 23:25:27 -0400,2026-07-13 23:25:27 -0400,94
20556,baltimore:parcels,3836B003,3836B003,2514 GREENMOUNT AVE,2514 GREENMOUNT AVE,7126,C/69940,"HOPE SAFE HAVEN, LLC",,2026-07-13 23:25:27 -0400,2026-07-13 23:25:27 -0400,91
20557,baltimore:parcels,3836B006,3836B006,2522 GREENMOUNT AVE,2522 GREENMOUNT AVE,6000,C/59990,"BOLING 3RD, ERNEST M",,2026-07-13 23:25:27 -0400,2026-07-13 23:25:27 -0400,60
20558,baltimore:parcels,3836B048,3836B048,420 E 25TH ST,420 E 25TH ST,1340,C/11130,"LAKEW, ELIAS",,2026-07-13 23:25:27 -0400,2026-07-13 23:25:27 -0400,14
20559,baltimore:parcels,3836B052,3836B052,428 E 25TH ST,428 E 25TH ST,10530,C/63760,GATOR 25 LLC,,2026-07-13 23:25:27 -0400,2026-07-13 23:25:27 -0400,0
20578,baltimore:parcels,3846 027,3846 027,452 E 28TH ST,452 E 28TH ST,2484,C/61421,"2631 GREENMOUNT AVE, LLC",,2026-07-13 23:25:28 -0400,2026-07-13 23:25:28 -0400,16
20579,baltimore:parcels,3846 086,3846 086,429 E 29TH ST,429 E 29TH ST,4886,C/58100,MCDONALD'S CORPORATION,,2026-07-13 23:25:28 -0400,2026-07-13 23:25:28 -0400,0
20586,baltimore:parcels,3855 001,3855 001,400 E 29TH ST,400 E 29TH ST,27064,EC/63760,"SALVATION ARMY, THE",,2026-07-13 23:25:28 -0400,2026-07-13 23:25:28 -0400,1
20587,baltimore:parcels,3855 002,3855 002,2900 GREENMOUNT AVE,2900 GREENMOUNT AVE,7920,C/58200,"GREEN HOLDINGS, LLC",,2026-07-13 23:25:28 -0400,2026-08-24 03:16:12 -0400,50
20588,baltimore:parcels,3855 002A,3855 002A,2920 GREENMOUNT AVE,2920 GREENMOUNT AVE,8760,C/63950,"2920 GREENMOUNT AVENUE, LLC",,2026-07-13 23:25:28 -0400,2026-07-13 23:25:28 -0400,0
20589,baltimore:parcels,3855 007,3855 007,2938 GREENMOUNT AVE,2938 GREENMOUNT AVE,2452,EC/63117,OUTREACH TEMPLE FOR,,2026-07-13 23:25:28 -0400,2026-07-13 23:25:28 -0400,28
20590,baltimore:parcels,3855 017,3855 017,2958 GREENMOUNT AVE,2958 GREENMOUNT AVE,1482,C/61710,2631 GREENMOUNT AVE LLC,,2026-07-13 23:25:28 -0400,2026-07-13 23:25:28 -0400,0
20591,baltimore:parcels,3856 001,3856 001,3000 GREENMOUNT AVE,3000 GREENMOUNT AVE,11420,C/53010,GOLDEN SPRING CORPORATION,,2026-07-13 23:25:28 -0400,2026-07-13 23:25:28 -0400,68
20592,baltimore:parcels,3856 002,3856 002,3010 GREENMOUNT AVE,3010 GREENMOUNT AVE,8776,C/53010,3010 GREENMOUNT AVENUE LLC,,2026-07-13 23:25:28 -0400,2026-07-27 03:50:01 -0400,0
20593,baltimore:parcels,3856 003,3856 003,3001 VINEYARD LANE,3001 VINEYARD LN,6681,EC/63760,"BOOK THING OF BALTIMORE, INC.,",,2026-07-13 23:25:28 -0400,2026-07-13 23:25:28 -0400,0
20594,baltimore:parcels,3856 005,3856 005,3028 GREENMOUNT AVE,3028 GREENMOUNT AVE,5558,C/65110,"3028 GREENMOUNT AVENUE, LLC",,2026-07-13 23:25:28 -0400,2026-07-13 23:25:28 -0400,42
20595,baltimore:parcels,3856 008,3856 008,3034 GREENMOUNT AVE,3034 GREENMOUNT AVE,2560,C/63491,"ZANGNA, AMIRA FARAJ",,2026-07-13 23:25:28 -0400,2026-07-13 23:25:28 -0400,28
20596,baltimore:parcels,3856 009,3856 009,3036 GREENMOUNT AVE,3036 GREENMOUNT AVE,960,C/61421,EQUITY TRUST COMPANY,,2026-07-13 23:25:28 -0400,2026-07-13 23:25:28 -0400,11
20597,baltimore:parcels,3856 010,3856 010,3038 GREENMOUNT AVE,3038 GREENMOUNT AVE,1990,C/53301,"ACORN DEVELOPERS VENTURES, LLC",,2026-07-13 23:25:28 -0400,2026-07-13 23:25:28 -0400,16
20598,baltimore:parcels,3856 011,3856 011,3040 GREENMOUNT AVE,3040 GREENMOUNT AVE,8350,C/53010,O & O REALTY INC.,,2026-07-13 23:25:28 -0400,2026-07-13 23:25:28 -0400,56
20599,baltimore:parcels,3856 012,3856 012,3046 GREENMOUNT AVE,3046 GREENMOUNT AVE,840,C/61210,"OSTRAW, LOUIS",,2026-07-13 23:25:28 -0400,2026-07-13 23:25:28 -0400,16
20600,baltimore:parcels,3856 013,3856 013,3048 GREENMOUNT AVE,3048 GREENMOUNT AVE,5628,C/53011,"R H FAMILY, LLC",,2026-07-13 23:25:28 -0400,2026-07-13 23:25:28 -0400,20
20601,baltimore:parcels,3856 039,3856 039,3020 VINEYARD LANE,3020 VINEYARD LN,2200,C/64110,"CUNNINGHAM JR,PATRICK M",,2026-07-13 23:25:28 -0400,2026-07-13 23:25:28 -0400,64
20602,baltimore:parcels,3856 042,3856 042,416 E 30TH ST,416 E 30TH ST,5760,C/61710,416-418 E 30TH STREET BAL LLC,,2026-07-13 23:25:28 -0400,2026-07-13 23:25:28 -0400,175
20645,baltimore:parcels,3881 001,3881 001,400 E 31ST ST,400 E 31ST ST,5215,EC/69110,"ST. MOSES' CHURCH, INC",,2026-07-13 23:25:29 -0400,2026-07-13 23:25:29 -0400,105
20646,baltimore:parcels,3881 006,3881 006,414 E 31ST ST,414 E 31ST ST,1772,C/59311,"BEVERS, JONATHAN",,2026-07-13 23:25:29 -0400,2026-07-13 23:25:29 -0400,20
20647,baltimore:parcels,3881 007,3881 007,416 E 31ST ST,416 E 31ST ST,2484,C/59311,"JOHNSON TRUSTEE, EDDIE L",,2026-07-13 23:25:29 -0400,2026-07-13 23:25:29 -0400,20
20648,baltimore:parcels,3881 008,3881 008,418 E 31ST ST,418 E 31ST ST,1720,C/59311,R & A FAMILY LLC,,2026-07-13 23:25:29 -0400,2026-07-13 23:25:29 -0400,20
20649,baltimore:parcels,3881 009,3881 009,420 E 31ST ST,420 E 31ST ST,0,C/46100,"R H FAMILY, LLC",,2026-07-13 23:25:29 -0400,2026-07-13 23:25:29 -0400,23
20650,baltimore:parcels,3881 013,3881 013,3106 GREENMOUNT AVE,3106 GREENMOUNT AVE,6790,C/56100,R H FAMILY LLC,,2026-07-13 23:25:29 -0400,2026-07-13 23:25:29 -0400,0
20651,baltimore:parcels,3881 016,3881 016,3112 GREENMOUNT AVE,3112 GREENMOUNT AVE,1700,C/52510,"RH FAMILY, LLC",,2026-07-13 23:25:29 -0400,2026-07-13 23:25:29 -0400,14
20652,baltimore:parcels,3881 017,3881 017,3114 GREENMOUNT AVE,3114 GREENMOUNT AVE,1904,C/53910,R.H. FAMILY LLC,,2026-07-13 23:25:29 -0400,2026-07-13 23:25:29 -0400,34
20653,baltimore:parcels,3881 018,3881 018,3118 GREENMOUNT AVE,3118 GREENMOUNT AVE,3300,C/64920,"VINE AND BRANCHES, LLC",,2026-07-13 23:25:29 -0400,2026-07-13 23:25:29 -0400,33
20654,baltimore:parcels,3881 019,3881 019,3120 GREENMOUNT AVE,3120 GREENMOUNT AVE,2480,C/59700,JMSRC LLC,,2026-07-13 23:25:29 -0400,2026-07-13 23:25:29 -0400,22
20655,baltimore:parcels,3881 020,3881 020,3122 GREENMOUNT AVE,3122 GREENMOUNT AVE,8880,C/57110,"ZABLAH, JIHAD M",,2026-07-13 23:25:29 -0400,2026-07-13 23:25:29 -0400,48
20656,baltimore:parcels,3881 022,3881 022,3126 GREENMOUNT AVE,3126 GREENMOUNT AVE,5550,C/58200,"BRADLEY, MATTHEW  (LIFE)",,2026-07-13 23:25:29 -0400,2026-07-13 23:25:29 -0400,30
20657,baltimore:parcels,3881 023,3881 023,3128 GREENMOUNT AVE,3128 GREENMOUNT AVE,11928,C/58200,"BALTIMORE COMMUNITY 6, LLC",,2026-07-13 23:25:29 -0400,2026-07-13 23:25:29 -0400,0
20658,baltimore:parcels,3881 024,3881 024,3130 GREENMOUNT AVE,3130 GREENMOUNT AVE,3645,C/58100,"SAKELARAKOS, JOHN (LIFE)",,2026-07-13 23:25:29 -0400,2026-07-13 23:25:29 -0400,18
20659,baltimore:parcels,3881 032,3881 032,3123 BARCLAY ST,3123 BARCLAY ST,2850,EC/69110,RIVER OF LIFE MINISTRY,,2026-07-13 23:25:29 -0400,2026-07-13 23:25:29 -0400,27
20660,baltimore:parcels,3881 033,3881 033,3100 BRENTWOOD AVE,3100 BRENTWOOD AVE,1960,C/64920,"FROST, ELLEN MCLEISTER",,2026-07-13 23:25:29 -0400,2026-07-13 23:25:29 -0400,40
20661,baltimore:parcels,3881 039,3881 039,3116 BRENTWOOD AVE,3116 BRENTWOOD AVE,5295,C/64110,BUCK LINDER AUTO REPAIRS INC,,2026-07-13 23:25:29 -0400,2026-07-13 23:25:29 -0400,98
20662,baltimore:parcels,3881 042,3881 042,3105 BRENTWOOD AVE,3105 BRENTWOOD AVE,0,C/91010,"VINE AND BRANCHES, LLC",,2026-07-13 23:25:29 -0400,2026-07-13 23:25:29 -0400,33
20663,baltimore:parcels,3881 042A,3881 042A,407 E 32ND ST,407 E 32ND ST,2171,C/63000,"QAZI, KAMRAN A.",,2026-07-13 23:25:29 -0400,2026-07-13 23:25:29 -0400,63
20664,baltimore:parcels,3881 044,3881 044,3103 BRENTWOOD AVE,3103 BRENTWOOD AVE,0,C/91010,BUCK LINDER AUTO REPAIR INC,,2026-07-13 23:25:29 -0400,2026-07-13 23:25:29 -0400,53
20665,baltimore:parcels,3881A001,3881A001,3201 BARCLAY ST,3201 BARCLAY ST,0,EC/46000,MAYOR AND CITY COUNCIL OF,,2026-07-13 23:25:30 -0400,2026-07-13 23:25:30 -0400,1
20666,baltimore:parcels,3881A019,3881A019,432 E 32ND ST,432 E 32ND ST,0,C/64920,"WAVERLY MAIN STREET, LLC",,2026-07-13 23:25:30 -0400,2026-07-13 23:25:30 -0400,0
20667,baltimore:parcels,3881A020,3881A020,429 MERRYMAN LANE,429 MERRYMAN LN,8886,C,"ZABLAH, JIHAD M",,2026-07-13 23:25:30 -0400,2026-07-13 23:25:30 -0400,0
20668,baltimore:parcels,3881A021,3881A021,431 MERRYMAN LANE,431 MERRYMAN LN,1364,C/58100,"ZABLAH, JIHAD M",,2026-07-13 23:25:30 -0400,2026-07-13 23:25:30 -0400,0
20669,baltimore:parcels,3882 001,3882 001,3200 GREENMOUNT AVE,3200 GREENMOUNT AVE,1050,C/58100,"2631 GREENMOUNT AVE, LLC",,2026-07-13 23:25:30 -0400,2026-07-13 23:25:30 -0400,36
20670,baltimore:parcels,3882 002,3882 002,3204 GREENMOUNT AVE,3204 GREENMOUNT AVE,3096,C/56101,"PARK, CHANG SUK",,2026-07-13 23:25:30 -0400,2026-07-13 23:25:30 -0400,24
20671,baltimore:parcels,3882 003,3882 003,3208 GREENMOUNT AVE,3208 GREENMOUNT AVE,2346,C/58200,"PP SINGH, INC.",,2026-07-13 23:25:30 -0400,2026-07-13 23:25:30 -0400,17
20672,baltimore:parcels,3882 004,3882 004,3210 GREENMOUNT AVE,3210 GREENMOUNT AVE,2045,C/56200,"YUN, KYONG",,2026-07-13 23:25:30 -0400,2026-07-13 23:25:30 -0400,13
20673,baltimore:parcels,3882 005,3882 005,3212 GREENMOUNT AVE,3212 GREENMOUNT AVE,7072,C/56200,"YUN, KYONG",,2026-07-13 23:25:30 -0400,2026-07-13 23:25:30 -0400,26
20674,baltimore:parcels,3882 007,3882 007,3216 GREENMOUNT AVE,3216 GREENMOUNT AVE,1989,C/56600,AGATE INTEGRATED AND BEHAVIORAL,,2026-07-13 23:25:30 -0400,2026-07-13 23:25:30 -0400,13
20675,baltimore:parcels,3882 008,3882 008,3218 GREENMOUNT AVE,3218 GREENMOUNT AVE,2102,C/56600,AGATE INTEGRATED AND BEHAVIORAL,,2026-07-13 23:25:30 -0400,2026-07-13 23:25:30 -0400,14
20676,baltimore:parcels,3882 009,3882 009,3220 GREENMOUNT AVE,3220 GREENMOUNT AVE,4034,C/61290,"KANG, JIN WOOK (TR)",,2026-07-13 23:25:30 -0400,2026-07-13 23:25:30 -0400,20
20677,baltimore:parcels,3882 010,3882 010,3222 GREENMOUNT AVE,3222 GREENMOUNT AVE,1462,C/59410,"APEX REALTY HOLDINGS, LLC",,2026-07-13 23:25:30 -0400,2026-07-13 23:25:30 -0400,16
20678,baltimore:parcels,3882 011,3882 011,3224 GREENMOUNT AVE,3224 GREENMOUNT AVE,2240,C/57110,2631 GREENMOUNT AVE LLC,,2026-07-13 23:25:30 -0400,2026-07-13 23:25:30 -0400,16
20679,baltimore:parcels,3882 012,3882 012,3226 GREENMOUNT AVE,3226 GREENMOUNT AVE,17952,C/53010,"NSR OF MD, LLC",,2026-07-13 23:25:30 -0400,2026-07-13 23:25:30 -0400,132
20680,baltimore:parcels,3882 014,3882 014,420 MERRYMAN LANE,420 MERRYMAN LN,2000,C/64110,"ZABLAH, JIHAD M",,2026-07-13 23:25:30 -0400,2026-07-13 23:25:30 -0400,107
20681,baltimore:parcels,3882 031,3882 031,415 E 33RD ST,415 E 33RD ST,4368,C/59311,"M & Y REALTY, LLC",,2026-07-13 23:25:30 -0400,2026-07-13 23:25:30 -0400,40
20682,baltimore:parcels,3882 032,3882 032,401 E 33RD ST,401 E 33RD ST,2953,C/59990,"7-ELEVEN, INC",,2026-07-13 23:25:30 -0400,2026-07-13 23:25:30 -0400,151
20683,baltimore:parcels,3883 001,3883 001,3300 GREENMOUNT AVE,3300 GREENMOUNT AVE,3360,C/59100,"LI, XIANGLE",,2026-07-13 23:25:30 -0400,2026-07-13 23:25:30 -0400,22
20684,baltimore:parcels,3883 002,3883 002,3302 GREENMOUNT AVE,3302 GREENMOUNT AVE,15440,C/72120,"BALTIMORE COMMUNITY, LLC",,2026-07-13 23:25:30 -0400,2026-07-13 23:25:30 -0400,0
20685,baltimore:parcels,3883 003,3883 003,3308 GREENMOUNT AVE,3308 GREENMOUNT AVE,11450,C/53010,GREENMOUNT PROPERTIES LLC,,2026-07-13 23:25:30 -0400,2026-07-13 23:25:30 -0400,0
20686,baltimore:parcels,3883 006,3883 006,3320 GREENMOUNT AVE,3320 GREENMOUNT AVE,1452,C/54920,GOLDEN CROWN,,2026-07-13 23:25:30 -0400,2026-07-13 23:25:30 -0400,0
20687,baltimore:parcels,3883 007,3883 007,3322 GREENMOUNT AVE,3322 GREENMOUNT AVE,3750,C/59411,"WELDEMICHAEL, HABTOM MISGNA",,2026-07-13 23:25:30 -0400,2026-07-13 23:25:30 -0400,0
20688,baltimore:parcels,3883 012,3883 012,401 VENABLE AVE,401 VENABLE AVE,7000,C/46200,"BALTIMORE COMMUNITY, LLC",,2026-07-13 23:25:30 -0400,2026-07-13 23:25:30 -0400,0
20689,baltimore:parcels,3883 014,3883 014,400 E 33RD ST,400 E 33RD ST,14125,EC/71110,MAYOR AND CITY COUNCIL OF,,2026-07-13 23:25:30 -0400,2026-07-13 23:25:30 -0400,0
20690,baltimore:parcels,3884 001,3884 001,3326 GREENMOUNT AVE,3326 GREENMOUNT AVE,6500,C/53011,"3326 GREENMOUNT AVENUE, LLC",,2026-07-13 23:25:30 -0400,2026-07-13 23:25:30 -0400,70
20691,baltimore:parcels,3884 002,3884 002,3334 GREENMOUNT AVE,3334 GREENMOUNT AVE,3960,C/53010,"3326 GREENMOUNT AVENUE, LLC",,2026-07-13 23:25:30 -0400,2026-07-13 23:25:30 -0400,55
20692,baltimore:parcels,3884 003,3884 003,3354 GREENMOUNT AVE,3354 GREENMOUNT AVE,3600,C/53010,"LEE, HONG KOO",,2026-07-13 23:25:30 -0400,2026-07-13 23:25:30 -0400,48
20693,baltimore:parcels,3884 006,3884 006,3360 GREENMOUNT AVE,3360 GREENMOUNT AVE,1870,C/59410,"3326 GREENMOUNT AVENUE, LLC",,2026-07-13 23:25:30 -0400,2026-07-13 23:25:30 -0400,17
20694,baltimore:parcels,3884 007,3884 007,3400 GREENMOUNT AVE,3400 GREENMOUNT AVE,5000,C/58100,"GORDON, JANE F",,2026-07-13 23:25:30 -0400,2026-08-24 03:16:13 -0400,90
20695,baltimore:parcels,3884 034,3884 034,412 VENABLE AVE,412 VENABLE AVE,0,C/91010,"3326 GREENMOUNT AVENUE, LLC",,2026-07-13 23:25:30 -0400,2026-07-13 23:25:30 -0400,14
20696,baltimore:parcels,3884 035,3884 035,414 VENABLE AVE,414 VENABLE AVE,0,C/91010,"3326 GREENMOUNT AVENUE, LLC",,2026-07-13 23:25:30 -0400,2026-07-13 23:25:30 -0400,20
20698,baltimore:parcels,3884 042,3884 042,3410 BRENTWOOD AVE,3410 BRENTWOOD AVE,1404,C/64110,"FRANKLIN JR., CLARENCE N.",,2026-07-13 23:25:30 -0400,2026-07-13 23:25:30 -0400,45
20699,baltimore:parcels,3884 043,3884 043,3404 BRENTWOOD AVE,3404 BRENTWOOD AVE,960,C/64110,"3404 BRENTWOOD, LLC",,2026-07-13 23:25:30 -0400,2026-07-13 23:25:30 -0400,45
20787,baltimore:parcels,4000 043,4000 043,1913 GREENMOUNT AVE,1913 GREENMOUNT AVE,1725,C/59990,MEI QI LLC,,2026-07-13 23:25:32 -0400,2026-07-13 23:25:32 -0400,30
20788,baltimore:parcels,4000 045,4000 045,1909 GREENMOUNT AVE,1909 GREENMOUNT AVE,1500,C/91010,"CULMER, BARRY",,2026-07-13 23:25:32 -0400,2026-07-13 23:25:32 -0400,30
20893,baltimore:parcels,4048 046,4048 046,513 E 36TH ST,513 E 36TH ST,2838,EC/34010,MT. OLIVER MISSIONARY,,2026-07-13 23:25:34 -0400,2026-07-13 23:25:34 -0400,88
20900,baltimore:parcels,4048A013,4048A013,3627 GREENMOUNT AVE,3627 GREENMOUNT AVE,3004,EC/69110,UNCONDITIONAL LOVE OF CHRIST IN,,2026-07-13 23:25:34 -0400,2026-07-13 23:25:34 -0400,0
20902,baltimore:parcels,4048A017,4048A017,3641 GREENMOUNT AVE,3641 GREENMOUNT AVE,2754,EC/11410,"GREENMOUNT APARTMENTS, LLC",,2026-07-13 23:25:34 -0400,2026-07-13 23:25:34 -0400,45
20903,baltimore:parcels,4048A018,4048A018,3701 GREENMOUNT AVE,3701 GREENMOUNT AVE,5700,EC/11410,"GREENMOUNT APARTMENTS, LLC",,2026-07-13 23:25:34 -0400,2026-07-13 23:25:34 -0400,96
20904,baltimore:parcels,4048A020,4048A020,3711 GREENMOUNT AVE,3711 GREENMOUNT AVE,4566,EC/11310,"GREENMOUNT APARTMENTS, LLC",,2026-07-13 23:25:34 -0400,2026-07-13 23:25:34 -0400,60
20905,baltimore:parcels,4048A021,4048A021,3713 GREENMOUNT AVE,3713 GREENMOUNT AVE,3200,C/54100,"REALTY GURU, LLC",,2026-07-13 23:25:34 -0400,2026-07-13 23:25:34 -0400,38
20906,baltimore:parcels,4048A021B,4048A021B,3717 GREENMOUNT AVE,3717 GREENMOUNT AVE,2376,C/59991,ADAM LLC,,2026-07-13 23:25:34 -0400,2026-07-13 23:25:34 -0400,22
20907,baltimore:parcels,4049B001,4049B001,500 E 33RD ST,500 E 33RD ST,1907,C/55300,"BALTIMORE REAL ESTATE, LLC",,2026-07-13 23:25:34 -0400,2026-07-13 23:25:34 -0400,232
20908,baltimore:parcels,4049B002,4049B002,3313 GREENMOUNT AVE,3313 GREENMOUNT AVE,8884,C/54100,"3313 GREENMOUNT AVENUE, LLC",,2026-07-13 23:25:34 -0400,2026-07-13 23:25:34 -0400,68
20909,baltimore:parcels,4049B002A,4049B002A,3331 GREENMOUNT AVE,3331 GREENMOUNT AVE,4480,EC/58200,"COMMUNITY MEDIATION PROGRAM,",,2026-07-13 23:25:34 -0400,2026-07-13 23:25:34 -0400,32
20910,baltimore:parcels,4049B003,4049B003,3339 GREENMOUNT AVE,3339 GREENMOUNT AVE,3635,C/61110,"2900 LOCH RAVEN, LLC",,2026-07-13 23:25:34 -0400,2026-07-13 23:25:34 -0400,56
20911,baltimore:parcels,4049B005,4049B005,3347 GREENMOUNT AVE,3347 GREENMOUNT AVE,1380,C/51931,"CAMPOS, JUAN",,2026-07-13 23:25:34 -0400,2026-07-13 23:25:34 -0400,19
20912,baltimore:parcels,4049B006,4049B006,3349 GREENMOUNT AVE,3349 GREENMOUNT AVE,2356,C/56200,"VLADIMIR BESSER, LLC.",,2026-07-13 23:25:34 -0400,2026-07-13 23:25:34 -0400,19
20913,baltimore:parcels,4049B007,4049B007,3351 GREENMOUNT AVE,3351 GREENMOUNT AVE,1440,C/59951,"SKDK, LLC",,2026-07-13 23:25:34 -0400,2026-07-13 23:25:34 -0400,19
20914,baltimore:parcels,4049B008,4049B008,3353 GREENMOUNT AVE,3353 GREENMOUNT AVE,1888,C/58201,"SKDK, LLC",,2026-07-13 23:25:34 -0400,2026-07-13 23:25:34 -0400,15
20915,baltimore:parcels,4049C001,4049C001,3401 GREENMOUNT AVE,3401 GREENMOUNT AVE,1892,C/61216,"MAHMOOD, TARIQ",,2026-07-13 23:25:34 -0400,2026-07-13 23:25:34 -0400,14
20916,baltimore:parcels,4049C002,4049C002,3403 GREENMOUNT AVE,3403 GREENMOUNT AVE,2120,C/50001,UNBOXED REALTY LLC,,2026-07-13 23:25:34 -0400,2026-07-13 23:25:34 -0400,26
20917,baltimore:parcels,4049C003,4049C003,3405 GREENMOUNT AVE,3405 GREENMOUNT AVE,2192,C/69301,"LAI, JOHN",,2026-07-13 23:25:34 -0400,2026-07-13 23:25:34 -0400,24
20918,baltimore:parcels,4049C004,4049C004,3407 GREENMOUNT AVE,3407 GREENMOUNT AVE,2530,C/58201,"QIU, CHENG QUN",,2026-07-13 23:25:34 -0400,2026-07-13 23:25:34 -0400,24
20919,baltimore:parcels,4049C005,4049C005,3409 GREENMOUNT AVE,3409 GREENMOUNT AVE,2086,C/59981,"HAU REALTY, LLC",,2026-07-13 23:25:35 -0400,2026-07-13 23:25:35 -0400,25
20920,baltimore:parcels,4049C006,4049C006,3411 GREENMOUNT AVE,3411 GREENMOUNT AVE,2779,C/62326,"EKANEKLMEM, SUNDAY B",,2026-07-13 23:25:35 -0400,2026-07-13 23:25:35 -0400,25
20921,baltimore:parcels,4049C007,4049C007,3413 GREENMOUNT AVE,3413 GREENMOUNT AVE,0,C/59911,"VEHICLE'S FOR CHANGE, INC.",,2026-07-13 23:25:35 -0400,2026-07-13 23:25:35 -0400,0
20922,baltimore:parcels,4049C009,4049C009,3417 GREENMOUNT AVE,3417 GREENMOUNT AVE,0,EC/46200,"VEHICLE'S FOR CHANGE, INC.",,2026-07-13 23:25:35 -0400,2026-07-13 23:25:35 -0400,25
20923,baltimore:parcels,4049C010,4049C010,3419 GREENMOUNT AVE,3419 GREENMOUNT AVE,0,EC/46100,"VEHICLE'S FOR CHANGE, INC.",,2026-07-13 23:25:35 -0400,2026-07-13 23:25:35 -0400,30
20924,baltimore:parcels,4049C011,4049C011,3427 GREENMOUNT AVE,3427 GREENMOUNT AVE,15250,EC/68310,"VEHICLE'S FOR CHANGE, INC.",,2026-07-13 23:25:35 -0400,2026-07-13 23:25:35 -0400,82
20925,baltimore:parcels,4049C012,4049C012,3431 GREENMOUNT AVE,3431 GREENMOUNT AVE,1632,C/39941,"DANG, AMRITA",,2026-07-13 23:25:35 -0400,2026-07-13 23:25:35 -0400,14
20926,baltimore:parcels,4049C013,4049C013,3433 GREENMOUNT AVE,3433 GREENMOUNT AVE,1890,C/62321,LANDMARK HOLDINGS MD LLC,,2026-07-13 23:25:35 -0400,2026-07-13 23:25:35 -0400,15
20927,baltimore:parcels,4049C014,4049C014,3435 GREENMOUNT AVE,3435 GREENMOUNT AVE,3060,C/50001,"LARJAK PROPERTIES #2, LLC",,2026-07-13 23:25:35 -0400,2026-07-13 23:25:35 -0400,17
20930,baltimore:parcels,4050B029,4050B029,601 E 35TH ST,601 E 35TH ST,5720,C/08101,HUSH HAUS LLC,,2026-07-13 23:25:35 -0400,2026-07-13 23:25:35 -0400,0
20931,baltimore:parcels,4050B031,4050B031,3401 OLD YORK ROAD,3401 OLD YORK RD,11333,EC/69110,ALLEGHENY EAST CONFERENCE/FIRST,,2026-07-13 23:25:35 -0400,2026-07-13 23:25:35 -0400,0
20938,baltimore:parcels,4053 022,4053 022,642 E 33RD ST,642 E 33RD ST,11876,EC/69110,WAVERLY M E CHURCH,,2026-07-13 23:25:35 -0400,2026-07-13 23:25:35 -0400,135
20939,baltimore:parcels,4053 074,4053 074,627 E 34TH ST,627 E 34TH ST,0,C/11410,"627 E 34TH, LLC",,2026-07-13 23:25:35 -0400,2026-07-13 23:25:35 -0400,50
20944,baltimore:parcels,4062 001,4062 001,2501 GREENMOUNT AVE,2501 GREENMOUNT AVE,0,C/55300,"CONITS, PETE   (TR)",,2026-07-13 23:25:35 -0400,2026-07-13 23:25:35 -0400,90
20945,baltimore:parcels,4062 002,4062 002,2511 GREENMOUNT AVE,2511 GREENMOUNT AVE,9212,C/91020,"DG STRATEGIC II, LLC",,2026-07-13 23:25:35 -0400,2026-07-13 23:25:35 -0400,0
20954,baltimore:parcels,4063 001,4063 001,2435 GREENMOUNT AVE,2435 GREENMOUNT AVE,1508,C/55300,"GREEN SQUARE PROPERTIES, LLC",,2026-07-13 23:25:35 -0400,2026-07-13 23:25:35 -0400,60
20955,baltimore:parcels,4063 002,4063 002,2429 GREENMOUNT AVE,2429 GREENMOUNT AVE,8725,C/64190,"LOCH RAVEN INVESTMENTS, LLC",,2026-07-13 23:25:35 -0400,2026-07-13 23:25:35 -0400,50
20956,baltimore:parcels,4063 005,4063 005,2427 GREENMOUNT AVE,2427 GREENMOUNT AVE,0,C/91010,"LOCH RAVEN INVESTMENTS, LLC",,2026-07-13 23:25:35 -0400,2026-07-13 23:25:35 -0400,25
20957,baltimore:parcels,4063 006,4063 006,2425 GREENMOUNT AVE,2425 GREENMOUNT AVE,6800,C/52200,"LOCH RAVEN INVESTMENTS, LLC",,2026-07-13 23:25:35 -0400,2026-07-13 23:25:35 -0400,34
20958,baltimore:parcels,4063 007,4063 007,2423 GREENMOUNT AVE,2423 GREENMOUNT AVE,4000,C/51120,"LOCH RAVEN INVESTMENTS, LLC",,2026-07-13 23:25:35 -0400,2026-07-13 23:25:35 -0400,20
20959,baltimore:parcels,4063 009,4063 009,2417 GREENMOUNT AVE,2417 GREENMOUNT AVE,600,C/46200,"LOCH RAVEN INVESTMENTS, LLC",,2026-07-13 23:25:35 -0400,2026-07-13 23:25:35 -0400,25
20960,baltimore:parcels,4063 010,4063 010,2415 GREENMOUNT AVE,2415 GREENMOUNT AVE,3140,C/69990,"LOCH RAVEN INVESTMENTS, LLC",,2026-07-13 23:25:35 -0400,2026-07-13 23:25:35 -0400,26
20961,baltimore:parcels,4063 011,4063 011,2413 GREENMOUNT AVE,2413 GREENMOUNT AVE,2175,C/11120,"LOCH RAVEN INVESTMENTS, LLC",,2026-07-13 23:25:35 -0400,2026-07-13 23:25:35 -0400,25
20962,baltimore:parcels,4063 012,4063 012,2411 GREENMOUNT AVE,2411 GREENMOUNT AVE,0,C/46000,"LOCH RAVEN INVESTMENTS, LLC",,2026-07-13 23:25:35 -0400,2026-07-13 23:25:35 -0400,18
20963,baltimore:parcels,4063 013,4063 013,2409 GREENMOUNT AVE,2409 GREENMOUNT AVE,1690,C/59991,"LOCH RAVEN INVESTMENTS, LLC",,2026-07-13 23:25:35 -0400,2026-07-13 23:25:35 -0400,13
20964,baltimore:parcels,4063 014,4063 014,2407 GREENMOUNT AVE,2407 GREENMOUNT AVE,2092,C/59991,"LOCH RAVEN INVESTMENTS, LLC",,2026-07-13 23:25:35 -0400,2026-07-13 23:25:35 -0400,19
20965,baltimore:parcels,4063 015,4063 015,2405 GREENMOUNT AVE,2405 GREENMOUNT AVE,3195,C/58201,"2405 GREENMOUNT, LLC",,2026-07-13 23:25:36 -0400,2026-07-13 23:25:36 -0400,21
20966,baltimore:parcels,4063 017,4063 017,2401 GREENMOUNT AVE,2401 GREENMOUNT AVE,9100,EC/57311,EAST BALTIMORE GRAFFITI CHURCH,,2026-07-13 23:25:36 -0400,2026-07-13 23:25:36 -0400,0
20988,baltimore:parcels,4068 001,4068 001,601 E 33RD ST,601 E 33RD ST,,C/11410,VEI WAVERLY I LLC,,2026-07-13 23:25:36 -0400,2026-07-13 23:25:36 -0400,4
20989,baltimore:parcels,4070A021,4070A021,2637 GREENMOUNT AVE,2637 GREENMOUNT AVE,7674,C/58200,"METRO PROPERTY VENTURES, LLC",,2026-07-13 23:25:36 -0400,2026-07-13 23:25:36 -0400,30
20990,baltimore:parcels,4070A059,4070A059,2600 MATHEWS ST,2600 MATHEWS ST,11635,C/51960,"2600 MATHEWS STREET, LLC",,2026-07-13 23:25:36 -0400,2026-07-13 23:25:36 -0400,0
20992,baltimore:parcels,4071 011,4071 011,2721 GREENMOUNT AVE,2721 GREENMOUNT AVE,6570,C/61710,"ADVANCED REAL ESTATE, LLC",,2026-07-13 23:25:36 -0400,2026-07-13 23:25:36 -0400,50
20993,baltimore:parcels,4071 012,4071 012,2731 GREENMOUNT AVE,2731 GREENMOUNT AVE,7074,C/59991,"2731 GREENMOUNT AVENUE, LLC",,2026-07-13 23:25:36 -0400,2026-07-13 23:25:36 -0400,50
20994,baltimore:parcels,4071 013,4071 013,2733 GREENMOUNT AVE,2733 GREENMOUNT AVE,4934,C/63761,"2731 GREENMOUNT AVENUE, LLC",,2026-07-13 23:25:36 -0400,2026-07-13 23:25:36 -0400,0
20995,baltimore:parcels,4071 015,4071 015,2739 GREENMOUNT AVE,2739 GREENMOUNT AVE,7500,C/42140,"KWON, JUNG H",,2026-07-13 23:25:36 -0400,2026-07-13 23:25:36 -0400,50
20996,baltimore:parcels,4071 016,4071 016,2745 GREENMOUNT AVE,2745 GREENMOUNT AVE,0,C/91010,"2600 MATHEWS STREET, LLC",,2026-07-13 23:25:36 -0400,2026-07-13 23:25:36 -0400,50
20997,baltimore:parcels,4071 019,4071 019,503 E 28TH ST,503 E 28TH ST,0,C/91010,"2600 MATTHEWS STREET, LLC",,2026-07-13 23:25:36 -0400,2026-07-13 23:25:36 -0400,50
20999,baltimore:parcels,4072 001,4072 001,2801 GREENMOUNT AVE,2801 GREENMOUNT AVE,,C/53000,BRENTWOOD VILLAGE LLC,,2026-07-13 23:25:36 -0400,2026-07-13 23:25:36 -0400,2
21000,baltimore:parcels,4072 013,4072 013,500 EXETER HALL AVE,500 EXETER HALL AVE,2844,C/58100,WAVERLY COMMONS LLC,,2026-07-13 23:25:36 -0400,2026-07-13 23:25:36 -0400,0
21001,baltimore:parcels,4072 016,4072 016,2857 GREENMOUNT AVE,2857 GREENMOUNT AVE,2497,C/59990,"HOLLY, DARRIN K",,2026-07-13 23:25:36 -0400,2026-07-13 23:25:36 -0400,26
21002,baltimore:parcels,4072 018,4072 018,2863 GREENMOUNT AVE,2863 GREENMOUNT AVE,2821,C/59991,ZETA SIGMA FOUNDATION INC,,2026-07-13 23:25:36 -0400,2026-07-13 23:25:36 -0400,15
21004,baltimore:parcels,4072A001,4072A001,2901 GREENMOUNT AVE,2901 GREENMOUNT AVE,2856,C/59991,"SHI, DONNA",,2026-07-13 23:25:36 -0400,2026-07-13 23:25:36 -0400,17
21005,baltimore:parcels,4072A002,4072A002,2903 GREENMOUNT AVE,2903 GREENMOUNT AVE,1800,C/63760,PERLITE PRODUCTS INC,,2026-07-13 23:25:36 -0400,2026-07-13 23:25:36 -0400,35
21006,baltimore:parcels,4072A002A,4072A002A,2907 GREENMOUNT AVE,2907 GREENMOUNT AVE,2010,C/63760,TSP LLC,,2026-07-13 23:25:36 -0400,2026-07-13 23:25:36 -0400,33
21007,baltimore:parcels,4072A003,4072A003,2911 GREENMOUNT AVE,2911 GREENMOUNT AVE,3560,C/59990,"HOLLY, DARRIN K.",,2026-07-13 23:25:36 -0400,2026-07-13 23:25:36 -0400,32
21008,baltimore:parcels,4072A004,4072A004,2913 GREENMOUNT AVE,2913 GREENMOUNT AVE,2064,C/11230,"HOLLY, DARRIN",,2026-07-13 23:25:36 -0400,2026-07-13 23:25:36 -0400,20
21009,baltimore:parcels,4072A005,4072A005,2915 GREENMOUNT AVE,2915 GREENMOUNT AVE,2040,C/59991,"HOLLY, DARRIN K",,2026-07-13 23:25:36 -0400,2026-07-13 23:25:36 -0400,16
21010,baltimore:parcels,4074 001,4074 001,3001 GREENMOUNT AVE,3001 GREENMOUNT AVE,1846,C/58201,JHQ PROPERTIES L.L.C.,,2026-07-13 23:25:36 -0400,2026-07-13 23:25:36 -0400,44
21011,baltimore:parcels,4074 002,4074 002,3005 GREENMOUNT AVE,3005 GREENMOUNT AVE,5304,C/66230,"JHQ PROPERTIES, L.L.C.,",,2026-07-13 23:25:37 -0400,2026-07-13 23:25:37 -0400,63
21012,baltimore:parcels,4074 004,4074 004,3009 GREENMOUNT AVE,3009 GREENMOUNT AVE,5022,EC/69190,"BIT COMMUNITY CENTER, INC",,2026-07-13 23:25:37 -0400,2026-07-13 23:25:37 -0400,70
21013,baltimore:parcels,4074 005,4074 005,3009 1/2 GREENMOUNT AVE,3009 1/2 GREENMOUNT AVE,5372,EC/69116,ST. JOHNS CHURCH VESTRY,,2026-07-13 23:25:37 -0400,2026-07-13 23:25:37 -0400,230
21014,baltimore:parcels,4074 006,4074 006,3001 OLD YORK ROAD,3001 OLD YORK RD,4205,EC/12530,ST JOHNS CHURCH VESTRY,,2026-07-13 23:25:37 -0400,2026-07-13 23:25:37 -0400,135
21016,baltimore:parcels,4074C001,4074C001,600 E 31ST ST,600 E 31ST ST,0,C/46000,"3015 GREENMOUNT AVENUE, LLC",,2026-07-13 23:25:37 -0400,2026-07-13 23:25:37 -0400,58
21017,baltimore:parcels,4075 001,4075 001,601 HOMESTEAD ST,601 HOMESTEAD ST,8820,C/11110,VEI WAVERLY II LLC,,2026-07-13 23:25:37 -0400,2026-07-13 23:25:37 -0400,0
21018,baltimore:parcels,4075 010,4075 010,3103 TINGES LANE,3103 TINGES LN,1440,C/64110,"SZILLAT, ERNST (LIFE)",,2026-07-13 23:25:37 -0400,2026-07-13 23:25:37 -0400,38
21019,baltimore:parcels,4075 013,4075 013,3101 TINGES LANE,3101 TINGES LN,0,C/91020,"WILLIAMS, ROBERT D",,2026-07-13 23:25:37 -0400,2026-07-13 23:25:37 -0400,101
21020,baltimore:parcels,4075 015,4075 015,500 MONTPELIER ST,500 MONTPELIER ST,0,C/91010,"WILLIAMS, ROBERT D",,2026-07-13 23:25:37 -0400,2026-07-13 23:25:37 -0400,114
21021,baltimore:parcels,4076 001,4076 001,500 E 32ND ST,500 E 32ND ST,117,C/59930,"HARRISON, JAMES T.",,2026-07-13 23:25:37 -0400,2026-07-13 23:25:37 -0400,0
21022,baltimore:parcels,4076 001A,4076 001A,506 E 32ND ST,506 E 32ND ST,2440,C/62111,ZULFI INVESTMENTS LLC,,2026-07-13 23:25:37 -0400,2026-07-13 23:25:37 -0400,0
21023,baltimore:parcels,4076 002,4076 002,3201 GREENMOUNT AVE,3201 GREENMOUNT AVE,3192,C/56600,"KOO, KEW HOEA",,2026-07-13 23:25:37 -0400,2026-07-13 23:25:37 -0400,0
21024,baltimore:parcels,4076 003,4076 003,3203 GREENMOUNT AVE,3203 GREENMOUNT AVE,12746,C/58100,"MAVERICK 3203 GREENMOUNT, LLC",,2026-07-13 23:25:37 -0400,2026-07-13 23:25:37 -0400,0
21025,baltimore:parcels,4076 006,4076 006,3211 GREENMOUNT AVE,3211 GREENMOUNT AVE,7961,C/59320,MAVERICK 3203 GREENMOUNT LLC,,2026-07-13 23:25:37 -0400,2026-07-13 23:25:37 -0400,0
21026,baltimore:parcels,4076 007,4076 007,3213 GREENMOUNT AVE,3213 GREENMOUNT AVE,4368,C/54616,"LEE, JUNE K",,2026-07-13 23:25:37 -0400,2026-07-13 23:25:37 -0400,0
21027,baltimore:parcels,4076 008,4076 008,3217 GREENMOUNT AVE,3217 GREENMOUNT AVE,3130,C/57315,"ALSHOUBI, ABDALHAI",,2026-07-13 23:25:37 -0400,2026-07-13 23:25:37 -0400,0
21028,baltimore:parcels,4076 009,4076 009,3221 GREENMOUNT AVE,3221 GREENMOUNT AVE,2646,C/59700,SK LEE LLC,,2026-07-13 23:25:37 -0400,2026-07-13 23:25:37 -0400,0
21029,baltimore:parcels,4076 010,4076 010,3223 GREENMOUNT AVE,3223 GREENMOUNT AVE,2083,C/62110,"WAH, GARY CHIN",,2026-07-13 23:25:37 -0400,2026-07-13 23:25:37 -0400,0
21030,baltimore:parcels,4076 011,4076 011,501 E 33RD ST,501 E 33RD ST,2272,C/55300,501 E 33RD ST LLC,,2026-07-13 23:25:37 -0400,2026-07-13 23:25:37 -0400,0
21031,baltimore:parcels,4076 013,4076 013,511 GORSUCH AVE,511 GORSUCH AVE,968,C/62110,"WAH, GARY C",,2026-07-13 23:25:37 -0400,2026-07-13 23:25:37 -0400,0
21033,baltimore:parcels,4076 014,4076 014,515 GORSUCH AVE,515 GORSUCH AVE,1425,C/58100,"WAH, GARY C",,2026-07-13 23:25:37 -0400,2026-07-13 23:25:37 -0400,15
21034,baltimore:parcels,4076 016,4076 016,519 GORSUCH AVE,519 GORSUCH AVE,2850,C/58100,"HSDB, LLC",,2026-07-13 23:25:37 -0400,2026-07-13 23:25:37 -0400,0
21035,baltimore:parcels,4076 017,4076 017,521 GORSUCH AVE,521 GORSUCH AVE,2745,C/11110,SADWAAL ACQUISITION LLC,,2026-07-13 23:25:37 -0400,2026-07-13 23:25:37 -0400,0
21036,baltimore:parcels,4076 019,4076 019,525 GORSUCH AVE,525 GORSUCH AVE,1545,C/62511,"SADWAAL ACQUISITION, LLC",,2026-07-13 23:25:37 -0400,2026-07-13 23:25:37 -0400,15
21037,baltimore:parcels,4076A001,4076A001,3011 GREENMOUNT AVE,3011 GREENMOUNT AVE,4074,C/53010,"3015 GREENMOUNT AVENUE, LLC",,2026-07-13 23:25:37 -0400,2026-07-13 23:25:37 -0400,72
21038,baltimore:parcels,4076A003,4076A003,3015 GREENMOUNT AVE,3015 GREENMOUNT AVE,3272,C/82210,"3015 GREENMOUNT AVENUE, LLC",,2026-07-13 23:25:37 -0400,2026-07-13 23:25:37 -0400,34
21039,baltimore:parcels,4076A005,4076A005,3019 GREENMOUNT AVE,3019 GREENMOUNT AVE,1725,C/62321,"DENIZ, OZGUN",,2026-07-13 23:25:37 -0400,2026-07-13 23:25:37 -0400,16
21040,baltimore:parcels,4076A005A,4076A005A,3021 GREENMOUNT AVE,3021 GREENMOUNT AVE,1725,C/62531,"DENIZ, OZGUN",,2026-07-13 23:25:37 -0400,2026-07-13 23:25:37 -0400,16
21041,baltimore:parcels,4076A006,4076A006,3023 GREENMOUNT AVE,3023 GREENMOUNT AVE,1836,C/58201,VICTORY HOUSING LLC,,2026-07-13 23:25:37 -0400,2026-07-13 23:25:37 -0400,28
21042,baltimore:parcels,4076A007,4076A007,3029 GREENMOUNT AVE,3029 GREENMOUNT AVE,4050,C/61296,LIVING WELL SOLUTIONS LLC,,2026-07-13 23:25:37 -0400,2026-07-13 23:25:37 -0400,33
21043,baltimore:parcels,4076A008,4076A008,3031 GREENMOUNT AVE,3031 GREENMOUNT AVE,10327,EC/56500,BALTIMORE GOODWILL,,2026-07-13 23:25:37 -0400,2026-07-13 23:25:37 -0400,68
21044,baltimore:parcels,4076A010,4076A010,3107 GREENMOUNT AVE,3107 GREENMOUNT AVE,7003,C/61710,"3107 GREENMOUNT AVENUE, LLC",,2026-07-13 23:25:37 -0400,2026-07-13 23:25:37 -0400,47
21045,baltimore:parcels,4076A011,4076A011,3111 GREENMOUNT AVE,3111 GREENMOUNT AVE,1656,C/61110,"KIM, KWANG WON",,2026-07-13 23:25:37 -0400,2026-07-13 23:25:37 -0400,24
21046,baltimore:parcels,4076A012,4076A012,3113 GREENMOUNT AVE,3113 GREENMOUNT AVE,6012,C/59201,"AK HOME, LLC",,2026-07-13 23:25:37 -0400,2026-07-13 23:25:37 -0400,44
21047,baltimore:parcels,4076A014,4076A014,3117 GREENMOUNT AVE,3117 GREENMOUNT AVE,7000,C/57110,"3117 GREENMOUNT AVENUE, LLC",,2026-07-13 23:25:37 -0400,2026-07-13 23:25:37 -0400,34
21048,baltimore:parcels,4076A015,4076A015,3123 GREENMOUNT AVE,3123 GREENMOUNT AVE,8338,EC/67220,MAYOR AND CITY COUNCIL OF,,2026-07-13 23:25:37 -0400,2026-07-13 23:25:37 -0400,49
21049,baltimore:parcels,4076A016,4076A016,3127 GREENMOUNT AVE,3127 GREENMOUNT AVE,7592,C/63760,EXCHANGERIGHT NET-LEASED,,2026-07-13 23:25:37 -0400,2026-07-13 23:25:37 -0400,34
21050,baltimore:parcels,4076A017,4076A017,3133 GREENMOUNT AVE,3133 GREENMOUNT AVE,2655,C/59100,EXCHANGERIGHT NET-LEASED,,2026-07-13 23:25:37 -0400,2026-07-13 23:25:37 -0400,30
21051,baltimore:parcels,4076A023,4076A023,511 E 32ND ST,511 E 32ND ST,1040,C/62530,"ZULFI INVESTMENTS, LLC",,2026-07-13 23:25:37 -0400,2026-07-13 23:25:37 -0400,15
33059,baltimore:parcels,3735 001,3735 001,3410 GREENMOUNT AVE,3410 GREENMOUNT AVE,2815,C/53011,"SNAPP, JOHN N   (LIFE)",,2026-07-13 23:52:41 -0400,2026-08-24 03:18:08 -0400,90
33073,baltimore:parcels,3804 048,3804 048,1920 GREENMOUNT AVE,1920 GREENMOUNT AVE,0,EC/11446,HOUSING AUTHORITY OF BALTIMORE,,2026-07-13 23:52:41 -0400,2026-07-13 23:52:41 -0400,0
33167,baltimore:parcels,3825 001,3825 001,435 E 25TH ST,435 E 25TH ST,7485,EC/55120,"MANNA HOUSE, INC.",,2026-07-13 23:52:43 -0400,2026-07-13 23:52:43 -0400,0
33168,baltimore:parcels,3825 021,3825 021,2434 GREENMOUNT AVE,2434 GREENMOUNT AVE,12740,C/59990,CONCORD COMMUNITIES I LLC,,2026-07-13 23:52:43 -0400,2026-07-13 23:52:43 -0400,100
33169,baltimore:parcels,3825 022,3825 022,2432 GREENMOUNT AVE,2432 GREENMOUNT AVE,1440,C/50001,"WHITE, BROOKS",,2026-07-13 23:52:43 -0400,2026-07-13 23:52:43 -0400,14
33170,baltimore:parcels,3825 029,3825 029,2406 GREENMOUNT AVE,2406 GREENMOUNT AVE,12390,EC/61710,NEW GOOD SAMARITAN BAPTIST,,2026-07-13 23:52:43 -0400,2026-07-13 23:52:43 -0400,100
33172,baltimore:parcels,3826 028,3826 028,401 E 25TH ST,401 E 25TH ST,8241,C/11510,BALTIMORE AFFORDABLE HOUSING,,2026-07-13 23:52:43 -0400,2026-07-13 23:52:43 -0400,0
33266,baltimore:parcels,3836A001,3836A001,2554 GREENMOUNT AVE,2554 GREENMOUNT AVE,8190,EC/39990,"HAVEN OF REST, SANCTUARY",,2026-07-13 23:52:44 -0400,2026-07-13 23:52:44 -0400,33
33267,baltimore:parcels,3836A002,3836A002,2602 GREENMOUNT AVE,2602 GREENMOUNT AVE,9384,C/63760,"FIRESTONE, STEVEN",,2026-07-13 23:52:44 -0400,2026-07-13 23:52:44 -0400,100
33268,baltimore:parcels,3836A054,3836A054,455 E LORRAINE AVE,455 E LORRAINE AVE,962,C/11135,"MCCANDLESS, MATTHEW",,2026-07-13 23:52:44 -0400,2026-07-13 23:52:44 -0400,15
33270,baltimore:parcels,3836B001,3836B001,2500 GREENMOUNT AVE,2500 GREENMOUNT AVE,1012,C/55300,"BROOKLYN PARK GAS, INC.",,2026-07-13 23:52:44 -0400,2026-07-13 23:52:44 -0400,94
33271,baltimore:parcels,3836B003,3836B003,2514 GREENMOUNT AVE,2514 GREENMOUNT AVE,7126,C/69940,"HOPE SAFE HAVEN, LLC",,2026-07-13 23:52:44 -0400,2026-07-13 23:52:44 -0400,91
33272,baltimore:parcels,3836B006,3836B006,2522 GREENMOUNT AVE,2522 GREENMOUNT AVE,6000,C/59990,"BOLING 3RD, ERNEST M",,2026-07-13 23:52:44 -0400,2026-07-13 23:52:44 -0400,60
33273,baltimore:parcels,3836B048,3836B048,420 E 25TH ST,420 E 25TH ST,1340,C/11130,"LAKEW, ELIAS",,2026-07-13 23:52:44 -0400,2026-07-13 23:52:44 -0400,14
33274,baltimore:parcels,3836B052,3836B052,428 E 25TH ST,428 E 25TH ST,10530,C/63760,GATOR 25 LLC,,2026-07-13 23:52:44 -0400,2026-07-13 23:52:44 -0400,0
33293,baltimore:parcels,3846 027,3846 027,452 E 28TH ST,452 E 28TH ST,2484,C/61421,"2631 GREENMOUNT AVE, LLC",,2026-07-13 23:52:44 -0400,2026-07-13 23:52:44 -0400,16
33294,baltimore:parcels,3846 086,3846 086,429 E 29TH ST,429 E 29TH ST,4886,C/58100,MCDONALD'S CORPORATION,,2026-07-13 23:52:44 -0400,2026-07-13 23:52:44 -0400,0
33301,baltimore:parcels,3855 001,3855 001,400 E 29TH ST,400 E 29TH ST,27064,EC/63760,"SALVATION ARMY, THE",,2026-07-13 23:52:45 -0400,2026-07-13 23:52:45 -0400,1
33302,baltimore:parcels,3855 002,3855 002,2900 GREENMOUNT AVE,2900 GREENMOUNT AVE,7920,C/58200,"GREEN HOLDINGS, LLC",,2026-07-13 23:52:45 -0400,2026-08-24 03:18:09 -0400,50
33303,baltimore:parcels,3855 002A,3855 002A,2920 GREENMOUNT AVE,2920 GREENMOUNT AVE,8760,C/63950,"2920 GREENMOUNT AVENUE, LLC",,2026-07-13 23:52:45 -0400,2026-07-13 23:52:45 -0400,0
33304,baltimore:parcels,3855 007,3855 007,2938 GREENMOUNT AVE,2938 GREENMOUNT AVE,2452,EC/63117,OUTREACH TEMPLE FOR,,2026-07-13 23:52:45 -0400,2026-07-13 23:52:45 -0400,28
33305,baltimore:parcels,3855 017,3855 017,2958 GREENMOUNT AVE,2958 GREENMOUNT AVE,1482,C/61710,2631 GREENMOUNT AVE LLC,,2026-07-13 23:52:45 -0400,2026-07-13 23:52:45 -0400,0
33306,baltimore:parcels,3856 001,3856 001,3000 GREENMOUNT AVE,3000 GREENMOUNT AVE,11420,C/53010,GOLDEN SPRING CORPORATION,,2026-07-13 23:52:45 -0400,2026-07-13 23:52:45 -0400,68
33307,baltimore:parcels,3856 002,3856 002,3010 GREENMOUNT AVE,3010 GREENMOUNT AVE,8776,C/53010,3010 GREENMOUNT AVENUE LLC,,2026-07-13 23:52:45 -0400,2026-07-27 03:56:17 -0400,0
33308,baltimore:parcels,3856 003,3856 003,3001 VINEYARD LANE,3001 VINEYARD LN,6681,EC/63760,"BOOK THING OF BALTIMORE, INC.,",,2026-07-13 23:52:45 -0400,2026-07-13 23:52:45 -0400,0
33309,baltimore:parcels,3856 005,3856 005,3028 GREENMOUNT AVE,3028 GREENMOUNT AVE,5558,C/65110,"3028 GREENMOUNT AVENUE, LLC",,2026-07-13 23:52:45 -0400,2026-07-13 23:52:45 -0400,42
33310,baltimore:parcels,3856 008,3856 008,3034 GREENMOUNT AVE,3034 GREENMOUNT AVE,2560,C/63491,"ZANGNA, AMIRA FARAJ",,2026-07-13 23:52:45 -0400,2026-07-13 23:52:45 -0400,28
33311,baltimore:parcels,3856 009,3856 009,3036 GREENMOUNT AVE,3036 GREENMOUNT AVE,960,C/61421,EQUITY TRUST COMPANY,,2026-07-13 23:52:45 -0400,2026-07-13 23:52:45 -0400,11
33312,baltimore:parcels,3856 010,3856 010,3038 GREENMOUNT AVE,3038 GREENMOUNT AVE,1990,C/53301,"ACORN DEVELOPERS VENTURES, LLC",,2026-07-13 23:52:45 -0400,2026-07-13 23:52:45 -0400,16
33313,baltimore:parcels,3856 011,3856 011,3040 GREENMOUNT AVE,3040 GREENMOUNT AVE,8350,C/53010,O & O REALTY INC.,,2026-07-13 23:52:45 -0400,2026-07-13 23:52:45 -0400,56
33314,baltimore:parcels,3856 012,3856 012,3046 GREENMOUNT AVE,3046 GREENMOUNT AVE,840,C/61210,"OSTRAW, LOUIS",,2026-07-13 23:52:45 -0400,2026-07-13 23:52:45 -0400,16
33315,baltimore:parcels,3856 013,3856 013,3048 GREENMOUNT AVE,3048 GREENMOUNT AVE,5628,C/53011,"R H FAMILY, LLC",,2026-07-13 23:52:45 -0400,2026-07-13 23:52:45 -0400,20
33316,baltimore:parcels,3856 039,3856 039,3020 VINEYARD LANE,3020 VINEYARD LN,2200,C/64110,"CUNNINGHAM JR,PATRICK M",,2026-07-13 23:52:45 -0400,2026-07-13 23:52:45 -0400,64
33317,baltimore:parcels,3856 042,3856 042,416 E 30TH ST,416 E 30TH ST,5760,C/61710,416-418 E 30TH STREET BAL LLC,,2026-07-13 23:52:45 -0400,2026-07-13 23:52:45 -0400,175
33360,baltimore:parcels,3881 001,3881 001,400 E 31ST ST,400 E 31ST ST,5215,EC/69110,"ST. MOSES' CHURCH, INC",,2026-07-13 23:52:45 -0400,2026-07-13 23:52:45 -0400,105
33361,baltimore:parcels,3881 006,3881 006,414 E 31ST ST,414 E 31ST ST,1772,C/59311,"BEVERS, JONATHAN",,2026-07-13 23:52:45 -0400,2026-07-13 23:52:45 -0400,20
33362,baltimore:parcels,3881 007,3881 007,416 E 31ST ST,416 E 31ST ST,2484,C/59311,"JOHNSON TRUSTEE, EDDIE L",,2026-07-13 23:52:45 -0400,2026-07-13 23:52:45 -0400,20
33363,baltimore:parcels,3881 008,3881 008,418 E 31ST ST,418 E 31ST ST,1720,C/59311,R & A FAMILY LLC,,2026-07-13 23:52:45 -0400,2026-07-13 23:52:45 -0400,20
33364,baltimore:parcels,3881 009,3881 009,420 E 31ST ST,420 E 31ST ST,0,C/46100,"R H FAMILY, LLC",,2026-07-13 23:52:45 -0400,2026-07-13 23:52:45 -0400,23
33365,baltimore:parcels,3881 013,3881 013,3106 GREENMOUNT AVE,3106 GREENMOUNT AVE,6790,C/56100,R H FAMILY LLC,,2026-07-13 23:52:45 -0400,2026-07-13 23:52:45 -0400,0
33366,baltimore:parcels,3881 016,3881 016,3112 GREENMOUNT AVE,3112 GREENMOUNT AVE,1700,C/52510,"RH FAMILY, LLC",,2026-07-13 23:52:45 -0400,2026-07-13 23:52:45 -0400,14
33367,baltimore:parcels,3881 017,3881 017,3114 GREENMOUNT AVE,3114 GREENMOUNT AVE,1904,C/53910,R.H. FAMILY LLC,,2026-07-13 23:52:45 -0400,2026-07-13 23:52:45 -0400,34
33368,baltimore:parcels,3881 018,3881 018,3118 GREENMOUNT AVE,3118 GREENMOUNT AVE,3300,C/64920,"VINE AND BRANCHES, LLC",,2026-07-13 23:52:45 -0400,2026-07-13 23:52:45 -0400,33
33369,baltimore:parcels,3881 019,3881 019,3120 GREENMOUNT AVE,3120 GREENMOUNT AVE,2480,C/59700,JMSRC LLC,,2026-07-13 23:52:45 -0400,2026-07-13 23:52:45 -0400,22
33370,baltimore:parcels,3881 020,3881 020,3122 GREENMOUNT AVE,3122 GREENMOUNT AVE,8880,C/57110,"ZABLAH, JIHAD M",,2026-07-13 23:52:46 -0400,2026-07-13 23:52:46 -0400,48
33371,baltimore:parcels,3881 022,3881 022,3126 GREENMOUNT AVE,3126 GREENMOUNT AVE,5550,C/58200,"BRADLEY, MATTHEW  (LIFE)",,2026-07-13 23:52:46 -0400,2026-07-13 23:52:46 -0400,30
33372,baltimore:parcels,3881 023,3881 023,3128 GREENMOUNT AVE,3128 GREENMOUNT AVE,11928,C/58200,"BALTIMORE COMMUNITY 6, LLC",,2026-07-13 23:52:46 -0400,2026-07-13 23:52:46 -0400,0
33373,baltimore:parcels,3881 024,3881 024,3130 GREENMOUNT AVE,3130 GREENMOUNT AVE,3645,C/58100,"SAKELARAKOS, JOHN (LIFE)",,2026-07-13 23:52:46 -0400,2026-07-13 23:52:46 -0400,18
33374,baltimore:parcels,3881 032,3881 032,3123 BARCLAY ST,3123 BARCLAY ST,2850,EC/69110,RIVER OF LIFE MINISTRY,,2026-07-13 23:52:46 -0400,2026-07-13 23:52:46 -0400,27
33375,baltimore:parcels,3881 033,3881 033,3100 BRENTWOOD AVE,3100 BRENTWOOD AVE,1960,C/64920,"FROST, ELLEN MCLEISTER",,2026-07-13 23:52:46 -0400,2026-07-13 23:52:46 -0400,40
33376,baltimore:parcels,3881 039,3881 039,3116 BRENTWOOD AVE,3116 BRENTWOOD AVE,5295,C/64110,BUCK LINDER AUTO REPAIRS INC,,2026-07-13 23:52:46 -0400,2026-07-13 23:52:46 -0400,98
33377,baltimore:parcels,3881 042,3881 042,3105 BRENTWOOD AVE,3105 BRENTWOOD AVE,0,C/91010,"VINE AND BRANCHES, LLC",,2026-07-13 23:52:46 -0400,2026-07-13 23:52:46 -0400,33
33378,baltimore:parcels,3881 042A,3881 042A,407 E 32ND ST,407 E 32ND ST,2171,C/63000,"QAZI, KAMRAN A.",,2026-07-13 23:52:46 -0400,2026-07-13 23:52:46 -0400,63
33379,baltimore:parcels,3881 044,3881 044,3103 BRENTWOOD AVE,3103 BRENTWOOD AVE,0,C/91010,BUCK LINDER AUTO REPAIR INC,,2026-07-13 23:52:46 -0400,2026-07-13 23:52:46 -0400,53
33380,baltimore:parcels,3881A001,3881A001,3201 BARCLAY ST,3201 BARCLAY ST,0,EC/46000,MAYOR AND CITY COUNCIL OF,,2026-07-13 23:52:46 -0400,2026-07-13 23:52:46 -0400,1
33381,baltimore:parcels,3881A019,3881A019,432 E 32ND ST,432 E 32ND ST,0,C/64920,"WAVERLY MAIN STREET, LLC",,2026-07-13 23:52:46 -0400,2026-07-13 23:52:46 -0400,0
33382,baltimore:parcels,3881A020,3881A020,429 MERRYMAN LANE,429 MERRYMAN LN,8886,C,"ZABLAH, JIHAD M",,2026-07-13 23:52:46 -0400,2026-07-13 23:52:46 -0400,0
33383,baltimore:parcels,3881A021,3881A021,431 MERRYMAN LANE,431 MERRYMAN LN,1364,C/58100,"ZABLAH, JIHAD M",,2026-07-13 23:52:46 -0400,2026-07-13 23:52:46 -0400,0
33384,baltimore:parcels,3882 001,3882 001,3200 GREENMOUNT AVE,3200 GREENMOUNT AVE,1050,C/58100,"2631 GREENMOUNT AVE, LLC",,2026-07-13 23:52:46 -0400,2026-07-13 23:52:46 -0400,36
33385,baltimore:parcels,3882 002,3882 002,3204 GREENMOUNT AVE,3204 GREENMOUNT AVE,3096,C/56101,"PARK, CHANG SUK",,2026-07-13 23:52:46 -0400,2026-07-13 23:52:46 -0400,24
33386,baltimore:parcels,3882 003,3882 003,3208 GREENMOUNT AVE,3208 GREENMOUNT AVE,2346,C/58200,"PP SINGH, INC.",,2026-07-13 23:52:46 -0400,2026-07-13 23:52:46 -0400,17
33387,baltimore:parcels,3882 004,3882 004,3210 GREENMOUNT AVE,3210 GREENMOUNT AVE,2045,C/56200,"YUN, KYONG",,2026-07-13 23:52:46 -0400,2026-07-13 23:52:46 -0400,13
33388,baltimore:parcels,3882 005,3882 005,3212 GREENMOUNT AVE,3212 GREENMOUNT AVE,7072,C/56200,"YUN, KYONG",,2026-07-13 23:52:46 -0400,2026-07-13 23:52:46 -0400,26
33389,baltimore:parcels,3882 007,3882 007,3216 GREENMOUNT AVE,3216 GREENMOUNT AVE,1989,C/56600,AGATE INTEGRATED AND BEHAVIORAL,,2026-07-13 23:52:46 -0400,2026-07-13 23:52:46 -0400,13
33390,baltimore:parcels,3882 008,3882 008,3218 GREENMOUNT AVE,3218 GREENMOUNT AVE,2102,C/56600,AGATE INTEGRATED AND BEHAVIORAL,,2026-07-13 23:52:46 -0400,2026-07-13 23:52:46 -0400,14
33391,baltimore:parcels,3882 009,3882 009,3220 GREENMOUNT AVE,3220 GREENMOUNT AVE,4034,C/61290,"KANG, JIN WOOK (TR)",,2026-07-13 23:52:46 -0400,2026-07-13 23:52:46 -0400,20
33392,baltimore:parcels,3882 010,3882 010,3222 GREENMOUNT AVE,3222 GREENMOUNT AVE,1462,C/59410,"APEX REALTY HOLDINGS, LLC",,2026-07-13 23:52:46 -0400,2026-07-13 23:52:46 -0400,16
33393,baltimore:parcels,3882 011,3882 011,3224 GREENMOUNT AVE,3224 GREENMOUNT AVE,2240,C/57110,2631 GREENMOUNT AVE LLC,,2026-07-13 23:52:46 -0400,2026-07-13 23:52:46 -0400,16
33394,baltimore:parcels,3882 012,3882 012,3226 GREENMOUNT AVE,3226 GREENMOUNT AVE,17952,C/53010,"NSR OF MD, LLC",,2026-07-13 23:52:46 -0400,2026-07-13 23:52:46 -0400,132
33395,baltimore:parcels,3882 014,3882 014,420 MERRYMAN LANE,420 MERRYMAN LN,2000,C/64110,"ZABLAH, JIHAD M",,2026-07-13 23:52:46 -0400,2026-07-13 23:52:46 -0400,107
33396,baltimore:parcels,3882 031,3882 031,415 E 33RD ST,415 E 33RD ST,4368,C/59311,"M & Y REALTY, LLC",,2026-07-13 23:52:46 -0400,2026-07-13 23:52:46 -0400,40
33397,baltimore:parcels,3882 032,3882 032,401 E 33RD ST,401 E 33RD ST,2953,C/59990,"7-ELEVEN, INC",,2026-07-13 23:52:46 -0400,2026-07-13 23:52:46 -0400,151
33398,baltimore:parcels,3883 001,3883 001,3300 GREENMOUNT AVE,3300 GREENMOUNT AVE,3360,C/59100,"LI, XIANGLE",,2026-07-13 23:52:46 -0400,2026-07-13 23:52:46 -0400,22
33399,baltimore:parcels,3883 002,3883 002,3302 GREENMOUNT AVE,3302 GREENMOUNT AVE,15440,C/72120,"BALTIMORE COMMUNITY, LLC",,2026-07-13 23:52:46 -0400,2026-07-13 23:52:46 -0400,0
33400,baltimore:parcels,3883 003,3883 003,3308 GREENMOUNT AVE,3308 GREENMOUNT AVE,11450,C/53010,GREENMOUNT PROPERTIES LLC,,2026-07-13 23:52:46 -0400,2026-07-13 23:52:46 -0400,0
33401,baltimore:parcels,3883 006,3883 006,3320 GREENMOUNT AVE,3320 GREENMOUNT AVE,1452,C/54920,GOLDEN CROWN,,2026-07-13 23:52:46 -0400,2026-07-13 23:52:46 -0400,0
33402,baltimore:parcels,3883 007,3883 007,3322 GREENMOUNT AVE,3322 GREENMOUNT AVE,3750,C/59411,"WELDEMICHAEL, HABTOM MISGNA",,2026-07-13 23:52:46 -0400,2026-07-13 23:52:46 -0400,0
33403,baltimore:parcels,3883 012,3883 012,401 VENABLE AVE,401 VENABLE AVE,7000,C/46200,"BALTIMORE COMMUNITY, LLC",,2026-07-13 23:52:46 -0400,2026-07-13 23:52:46 -0400,0
33404,baltimore:parcels,3883 014,3883 014,400 E 33RD ST,400 E 33RD ST,14125,EC/71110,MAYOR AND CITY COUNCIL OF,,2026-07-13 23:52:46 -0400,2026-07-13 23:52:46 -0400,0
33405,baltimore:parcels,3884 001,3884 001,3326 GREENMOUNT AVE,3326 GREENMOUNT AVE,6500,C/53011,"3326 GREENMOUNT AVENUE, LLC",,2026-07-13 23:52:46 -0400,2026-07-13 23:52:46 -0400,70
33406,baltimore:parcels,3884 002,3884 002,3334 GREENMOUNT AVE,3334 GREENMOUNT AVE,3960,C/53010,"3326 GREENMOUNT AVENUE, LLC",,2026-07-13 23:52:46 -0400,2026-07-13 23:52:46 -0400,55
33407,baltimore:parcels,3884 003,3884 003,3354 GREENMOUNT AVE,3354 GREENMOUNT AVE,3600,C/53010,"LEE, HONG KOO",,2026-07-13 23:52:46 -0400,2026-07-13 23:52:46 -0400,48
33408,baltimore:parcels,3884 006,3884 006,3360 GREENMOUNT AVE,3360 GREENMOUNT AVE,1870,C/59410,"3326 GREENMOUNT AVENUE, LLC",,2026-07-13 23:52:46 -0400,2026-07-13 23:52:46 -0400,17
33409,baltimore:parcels,3884 007,3884 007,3400 GREENMOUNT AVE,3400 GREENMOUNT AVE,5000,C/58100,"GORDON, JANE F",,2026-07-13 23:52:46 -0400,2026-08-24 03:18:09 -0400,90
33410,baltimore:parcels,3884 034,3884 034,412 VENABLE AVE,412 VENABLE AVE,0,C/91010,"3326 GREENMOUNT AVENUE, LLC",,2026-07-13 23:52:46 -0400,2026-07-13 23:52:46 -0400,14
33411,baltimore:parcels,3884 035,3884 035,414 VENABLE AVE,414 VENABLE AVE,0,C/91010,"3326 GREENMOUNT AVENUE, LLC",,2026-07-13 23:52:46 -0400,2026-07-13 23:52:46 -0400,20
33413,baltimore:parcels,3884 042,3884 042,3410 BRENTWOOD AVE,3410 BRENTWOOD AVE,1404,C/64110,"FRANKLIN JR., CLARENCE N.",,2026-07-13 23:52:46 -0400,2026-07-13 23:52:46 -0400,45
33414,baltimore:parcels,3884 043,3884 043,3404 BRENTWOOD AVE,3404 BRENTWOOD AVE,960,C/64110,"3404 BRENTWOOD, LLC",,2026-07-13 23:52:46 -0400,2026-07-13 23:52:46 -0400,45
33502,baltimore:parcels,4000 043,4000 043,1913 GREENMOUNT AVE,1913 GREENMOUNT AVE,1725,C/59990,MEI QI LLC,,2026-07-13 23:52:47 -0400,2026-07-13 23:52:47 -0400,30
33503,baltimore:parcels,4000 045,4000 045,1909 GREENMOUNT AVE,1909 GREENMOUNT AVE,1500,C/91010,"CULMER, BARRY",,2026-07-13 23:52:47 -0400,2026-07-13 23:52:47 -0400,30
33608,baltimore:parcels,4048 046,4048 046,513 E 36TH ST,513 E 36TH ST,2838,EC/34010,MT. OLIVER MISSIONARY,,2026-07-13 23:52:49 -0400,2026-07-13 23:52:49 -0400,88
33615,baltimore:parcels,4048A013,4048A013,3627 GREENMOUNT AVE,3627 GREENMOUNT AVE,3004,EC/69110,UNCONDITIONAL LOVE OF CHRIST IN,,2026-07-13 23:52:49 -0400,2026-07-13 23:52:49 -0400,0
33617,baltimore:parcels,4048A017,4048A017,3641 GREENMOUNT AVE,3641 GREENMOUNT AVE,2754,EC/11410,"GREENMOUNT APARTMENTS, LLC",,2026-07-13 23:52:49 -0400,2026-07-13 23:52:49 -0400,45
33618,baltimore:parcels,4048A018,4048A018,3701 GREENMOUNT AVE,3701 GREENMOUNT AVE,5700,EC/11410,"GREENMOUNT APARTMENTS, LLC",,2026-07-13 23:52:49 -0400,2026-07-13 23:52:49 -0400,96
33619,baltimore:parcels,4048A020,4048A020,3711 GREENMOUNT AVE,3711 GREENMOUNT AVE,4566,EC/11310,"GREENMOUNT APARTMENTS, LLC",,2026-07-13 23:52:49 -0400,2026-07-13 23:52:49 -0400,60
33620,baltimore:parcels,4048A021,4048A021,3713 GREENMOUNT AVE,3713 GREENMOUNT AVE,3200,C/54100,"REALTY GURU, LLC",,2026-07-13 23:52:49 -0400,2026-07-13 23:52:49 -0400,38
33621,baltimore:parcels,4048A021B,4048A021B,3717 GREENMOUNT AVE,3717 GREENMOUNT AVE,2376,C/59991,ADAM LLC,,2026-07-13 23:52:49 -0400,2026-07-13 23:52:49 -0400,22
33622,baltimore:parcels,4049B001,4049B001,500 E 33RD ST,500 E 33RD ST,1907,C/55300,"BALTIMORE REAL ESTATE, LLC",,2026-07-13 23:52:49 -0400,2026-07-13 23:52:49 -0400,232
33623,baltimore:parcels,4049B002,4049B002,3313 GREENMOUNT AVE,3313 GREENMOUNT AVE,8884,C/54100,"3313 GREENMOUNT AVENUE, LLC",,2026-07-13 23:52:49 -0400,2026-07-13 23:52:49 -0400,68
33624,baltimore:parcels,4049B002A,4049B002A,3331 GREENMOUNT AVE,3331 GREENMOUNT AVE,4480,EC/58200,"COMMUNITY MEDIATION PROGRAM,",,2026-07-13 23:52:49 -0400,2026-07-13 23:52:49 -0400,32
33625,baltimore:parcels,4049B003,4049B003,3339 GREENMOUNT AVE,3339 GREENMOUNT AVE,3635,C/61110,"2900 LOCH RAVEN, LLC",,2026-07-13 23:52:49 -0400,2026-07-13 23:52:49 -0400,56
33626,baltimore:parcels,4049B005,4049B005,3347 GREENMOUNT AVE,3347 GREENMOUNT AVE,1380,C/51931,"CAMPOS, JUAN",,2026-07-13 23:52:49 -0400,2026-07-13 23:52:49 -0400,19
33627,baltimore:parcels,4049B006,4049B006,3349 GREENMOUNT AVE,3349 GREENMOUNT AVE,2356,C/56200,"VLADIMIR BESSER, LLC.",,2026-07-13 23:52:49 -0400,2026-07-13 23:52:49 -0400,19
33628,baltimore:parcels,4049B007,4049B007,3351 GREENMOUNT AVE,3351 GREENMOUNT AVE,1440,C/59951,"SKDK, LLC",,2026-07-13 23:52:49 -0400,2026-07-13 23:52:49 -0400,19
33629,baltimore:parcels,4049B008,4049B008,3353 GREENMOUNT AVE,3353 GREENMOUNT AVE,1888,C/58201,"SKDK, LLC",,2026-07-13 23:52:49 -0400,2026-07-13 23:52:49 -0400,15
33630,baltimore:parcels,4049C001,4049C001,3401 GREENMOUNT AVE,3401 GREENMOUNT AVE,1892,C/61216,"MAHMOOD, TARIQ",,2026-07-13 23:52:49 -0400,2026-07-13 23:52:49 -0400,14
33631,baltimore:parcels,4049C002,4049C002,3403 GREENMOUNT AVE,3403 GREENMOUNT AVE,2120,C/50001,UNBOXED REALTY LLC,,2026-07-13 23:52:49 -0400,2026-07-13 23:52:49 -0400,26
33632,baltimore:parcels,4049C003,4049C003,3405 GREENMOUNT AVE,3405 GREENMOUNT AVE,2192,C/69301,"LAI, JOHN",,2026-07-13 23:52:49 -0400,2026-07-13 23:52:49 -0400,24
33633,baltimore:parcels,4049C004,4049C004,3407 GREENMOUNT AVE,3407 GREENMOUNT AVE,2530,C/58201,"QIU, CHENG QUN",,2026-07-13 23:52:49 -0400,2026-07-13 23:52:49 -0400,24
33634,baltimore:parcels,4049C005,4049C005,3409 GREENMOUNT AVE,3409 GREENMOUNT AVE,2086,C/59981,"HAU REALTY, LLC",,2026-07-13 23:52:49 -0400,2026-07-13 23:52:49 -0400,25
33635,baltimore:parcels,4049C006,4049C006,3411 GREENMOUNT AVE,3411 GREENMOUNT AVE,2779,C/62326,"EKANEKLMEM, SUNDAY B",,2026-07-13 23:52:49 -0400,2026-07-13 23:52:49 -0400,25
33636,baltimore:parcels,4049C007,4049C007,3413 GREENMOUNT AVE,3413 GREENMOUNT AVE,0,C/59911,"VEHICLE'S FOR CHANGE, INC.",,2026-07-13 23:52:49 -0400,2026-07-13 23:52:49 -0400,0
33637,baltimore:parcels,4049C009,4049C009,3417 GREENMOUNT AVE,3417 GREENMOUNT AVE,0,EC/46200,"VEHICLE'S FOR CHANGE, INC.",,2026-07-13 23:52:49 -0400,2026-07-13 23:52:49 -0400,25
33638,baltimore:parcels,4049C010,4049C010,3419 GREENMOUNT AVE,3419 GREENMOUNT AVE,0,EC/46100,"VEHICLE'S FOR CHANGE, INC.",,2026-07-13 23:52:49 -0400,2026-07-13 23:52:49 -0400,30
33639,baltimore:parcels,4049C011,4049C011,3427 GREENMOUNT AVE,3427 GREENMOUNT AVE,15250,EC/68310,"VEHICLE'S FOR CHANGE, INC.",,2026-07-13 23:52:49 -0400,2026-07-13 23:52:49 -0400,82
33640,baltimore:parcels,4049C012,4049C012,3431 GREENMOUNT AVE,3431 GREENMOUNT AVE,1632,C/39941,"DANG, AMRITA",,2026-07-13 23:52:49 -0400,2026-07-13 23:52:49 -0400,14
33641,baltimore:parcels,4049C013,4049C013,3433 GREENMOUNT AVE,3433 GREENMOUNT AVE,1890,C/62321,LANDMARK HOLDINGS MD LLC,,2026-07-13 23:52:49 -0400,2026-07-13 23:52:49 -0400,15
33642,baltimore:parcels,4049C014,4049C014,3435 GREENMOUNT AVE,3435 GREENMOUNT AVE,3060,C/50001,"LARJAK PROPERTIES #2, LLC",,2026-07-13 23:52:49 -0400,2026-07-13 23:52:49 -0400,17
33645,baltimore:parcels,4050B029,4050B029,601 E 35TH ST,601 E 35TH ST,5720,C/08101,HUSH HAUS LLC,,2026-07-13 23:52:49 -0400,2026-07-13 23:52:49 -0400,0
33646,baltimore:parcels,4050B031,4050B031,3401 OLD YORK ROAD,3401 OLD YORK RD,11333,EC/69110,ALLEGHENY EAST CONFERENCE/FIRST,,2026-07-13 23:52:49 -0400,2026-07-13 23:52:49 -0400,0
33653,baltimore:parcels,4053 022,4053 022,642 E 33RD ST,642 E 33RD ST,11876,EC/69110,WAVERLY M E CHURCH,1635,2026-07-13 23:52:49 -0400,2026-07-13 23:52:49 -0400,135
33654,baltimore:parcels,4053 074,4053 074,627 E 34TH ST,627 E 34TH ST,0,C/11410,"627 E 34TH, LLC",1683,2026-07-13 23:52:49 -0400,2026-07-13 23:52:49 -0400,50
33659,baltimore:parcels,4062 001,4062 001,2501 GREENMOUNT AVE,2501 GREENMOUNT AVE,0,C/55300,"CONITS, PETE   (TR)",,2026-07-13 23:52:49 -0400,2026-07-13 23:52:49 -0400,90
33660,baltimore:parcels,4062 002,4062 002,2511 GREENMOUNT AVE,2511 GREENMOUNT AVE,9212,C/91020,"DG STRATEGIC II, LLC",,2026-07-13 23:52:49 -0400,2026-07-13 23:52:49 -0400,0
33669,baltimore:parcels,4063 001,4063 001,2435 GREENMOUNT AVE,2435 GREENMOUNT AVE,1508,C/55300,"GREEN SQUARE PROPERTIES, LLC",,2026-07-13 23:52:49 -0400,2026-07-13 23:52:49 -0400,60
33670,baltimore:parcels,4063 002,4063 002,2429 GREENMOUNT AVE,2429 GREENMOUNT AVE,8725,C/64190,"LOCH RAVEN INVESTMENTS, LLC",,2026-07-13 23:52:49 -0400,2026-07-13 23:52:49 -0400,50
33671,baltimore:parcels,4063 005,4063 005,2427 GREENMOUNT AVE,2427 GREENMOUNT AVE,0,C/91010,"LOCH RAVEN INVESTMENTS, LLC",,2026-07-13 23:52:49 -0400,2026-07-13 23:52:49 -0400,25
33672,baltimore:parcels,4063 006,4063 006,2425 GREENMOUNT AVE,2425 GREENMOUNT AVE,6800,C/52200,"LOCH RAVEN INVESTMENTS, LLC",,2026-07-13 23:52:49 -0400,2026-07-13 23:52:49 -0400,34
33673,baltimore:parcels,4063 007,4063 007,2423 GREENMOUNT AVE,2423 GREENMOUNT AVE,4000,C/51120,"LOCH RAVEN INVESTMENTS, LLC",,2026-07-13 23:52:50 -0400,2026-07-13 23:52:50 -0400,20
33674,baltimore:parcels,4063 009,4063 009,2417 GREENMOUNT AVE,2417 GREENMOUNT AVE,600,C/46200,"LOCH RAVEN INVESTMENTS, LLC",,2026-07-13 23:52:50 -0400,2026-07-13 23:52:50 -0400,25
33675,baltimore:parcels,4063 010,4063 010,2415 GREENMOUNT AVE,2415 GREENMOUNT AVE,3140,C/69990,"LOCH RAVEN INVESTMENTS, LLC",,2026-07-13 23:52:50 -0400,2026-07-13 23:52:50 -0400,26
33676,baltimore:parcels,4063 011,4063 011,2413 GREENMOUNT AVE,2413 GREENMOUNT AVE,2175,C/11120,"LOCH RAVEN INVESTMENTS, LLC",,2026-07-13 23:52:50 -0400,2026-07-13 23:52:50 -0400,25
33677,baltimore:parcels,4063 012,4063 012,2411 GREENMOUNT AVE,2411 GREENMOUNT AVE,0,C/46000,"LOCH RAVEN INVESTMENTS, LLC",,2026-07-13 23:52:50 -0400,2026-07-13 23:52:50 -0400,18
33678,baltimore:parcels,4063 013,4063 013,2409 GREENMOUNT AVE,2409 GREENMOUNT AVE,1690,C/59991,"LOCH RAVEN INVESTMENTS, LLC",,2026-07-13 23:52:50 -0400,2026-07-13 23:52:50 -0400,13
33679,baltimore:parcels,4063 014,4063 014,2407 GREENMOUNT AVE,2407 GREENMOUNT AVE,2092,C/59991,"LOCH RAVEN INVESTMENTS, LLC",,2026-07-13 23:52:50 -0400,2026-07-13 23:52:50 -0400,19
33680,baltimore:parcels,4063 015,4063 015,2405 GREENMOUNT AVE,2405 GREENMOUNT AVE,3195,C/58201,"2405 GREENMOUNT, LLC",,2026-07-13 23:52:50 -0400,2026-07-13 23:52:50 -0400,21
33681,baltimore:parcels,4063 017,4063 017,2401 GREENMOUNT AVE,2401 GREENMOUNT AVE,9100,EC/57311,EAST BALTIMORE GRAFFITI CHURCH,,2026-07-13 23:52:50 -0400,2026-07-13 23:52:50 -0400,0
33703,baltimore:parcels,4068 001,4068 001,601 E 33RD ST,601 E 33RD ST,,C/11410,VEI WAVERLY I LLC,,2026-07-13 23:52:50 -0400,2026-07-13 23:52:50 -0400,4
33704,baltimore:parcels,4070A021,4070A021,2637 GREENMOUNT AVE,2637 GREENMOUNT AVE,7674,C/58200,"METRO PROPERTY VENTURES, LLC",,2026-07-13 23:52:50 -0400,2026-07-13 23:52:50 -0400,30
33705,baltimore:parcels,4070A059,4070A059,2600 MATHEWS ST,2600 MATHEWS ST,11635,C/51960,"2600 MATHEWS STREET, LLC",,2026-07-13 23:52:50 -0400,2026-07-13 23:52:50 -0400,0
33707,baltimore:parcels,4071 011,4071 011,2721 GREENMOUNT AVE,2721 GREENMOUNT AVE,6570,C/61710,"ADVANCED REAL ESTATE, LLC",,2026-07-13 23:52:50 -0400,2026-07-13 23:52:50 -0400,50
33708,baltimore:parcels,4071 012,4071 012,2731 GREENMOUNT AVE,2731 GREENMOUNT AVE,7074,C/59991,"2731 GREENMOUNT AVENUE, LLC",,2026-07-13 23:52:50 -0400,2026-07-13 23:52:50 -0400,50
33709,baltimore:parcels,4071 013,4071 013,2733 GREENMOUNT AVE,2733 GREENMOUNT AVE,4934,C/63761,"2731 GREENMOUNT AVENUE, LLC",,2026-07-13 23:52:50 -0400,2026-07-13 23:52:50 -0400,0
33710,baltimore:parcels,4071 015,4071 015,2739 GREENMOUNT AVE,2739 GREENMOUNT AVE,7500,C/42140,"KWON, JUNG H",,2026-07-13 23:52:50 -0400,2026-07-13 23:52:50 -0400,50
33711,baltimore:parcels,4071 016,4071 016,2745 GREENMOUNT AVE,2745 GREENMOUNT AVE,0,C/91010,"2600 MATHEWS STREET, LLC",,2026-07-13 23:52:50 -0400,2026-07-13 23:52:50 -0400,50
33712,baltimore:parcels,4071 019,4071 019,503 E 28TH ST,503 E 28TH ST,0,C/91010,"2600 MATTHEWS STREET, LLC",,2026-07-13 23:52:50 -0400,2026-07-13 23:52:50 -0400,50
33714,baltimore:parcels,4072 001,4072 001,2801 GREENMOUNT AVE,2801 GREENMOUNT AVE,,C/53000,BRENTWOOD VILLAGE LLC,,2026-07-13 23:52:50 -0400,2026-07-13 23:52:50 -0400,2
33715,baltimore:parcels,4072 013,4072 013,500 EXETER HALL AVE,500 EXETER HALL AVE,2844,C/58100,WAVERLY COMMONS LLC,,2026-07-13 23:52:50 -0400,2026-07-13 23:52:50 -0400,0
33716,baltimore:parcels,4072 016,4072 016,2857 GREENMOUNT AVE,2857 GREENMOUNT AVE,2497,C/59990,"HOLLY, DARRIN K",,2026-07-13 23:52:50 -0400,2026-07-13 23:52:50 -0400,26
33717,baltimore:parcels,4072 018,4072 018,2863 GREENMOUNT AVE,2863 GREENMOUNT AVE,2821,C/59991,ZETA SIGMA FOUNDATION INC,,2026-07-13 23:52:50 -0400,2026-07-13 23:52:50 -0400,15
33719,baltimore:parcels,4072A001,4072A001,2901 GREENMOUNT AVE,2901 GREENMOUNT AVE,2856,C/59991,"SHI, DONNA",,2026-07-13 23:52:50 -0400,2026-07-13 23:52:50 -0400,17
33720,baltimore:parcels,4072A002,4072A002,2903 GREENMOUNT AVE,2903 GREENMOUNT AVE,1800,C/63760,PERLITE PRODUCTS INC,,2026-07-13 23:52:50 -0400,2026-07-13 23:52:50 -0400,35
33721,baltimore:parcels,4072A002A,4072A002A,2907 GREENMOUNT AVE,2907 GREENMOUNT AVE,2010,C/63760,TSP LLC,,2026-07-13 23:52:50 -0400,2026-07-13 23:52:50 -0400,33
33722,baltimore:parcels,4072A003,4072A003,2911 GREENMOUNT AVE,2911 GREENMOUNT AVE,3560,C/59990,"HOLLY, DARRIN K.",,2026-07-13 23:52:50 -0400,2026-07-13 23:52:50 -0400,32
33723,baltimore:parcels,4072A004,4072A004,2913 GREENMOUNT AVE,2913 GREENMOUNT AVE,2064,C/11230,"HOLLY, DARRIN",,2026-07-13 23:52:50 -0400,2026-07-13 23:52:50 -0400,20
33724,baltimore:parcels,4072A005,4072A005,2915 GREENMOUNT AVE,2915 GREENMOUNT AVE,2040,C/59991,"HOLLY, DARRIN K",,2026-07-13 23:52:50 -0400,2026-07-13 23:52:50 -0400,16
33725,baltimore:parcels,4074 001,4074 001,3001 GREENMOUNT AVE,3001 GREENMOUNT AVE,1846,C/58201,JHQ PROPERTIES L.L.C.,,2026-07-13 23:52:50 -0400,2026-07-13 23:52:50 -0400,44
33726,baltimore:parcels,4074 002,4074 002,3005 GREENMOUNT AVE,3005 GREENMOUNT AVE,5304,C/66230,"JHQ PROPERTIES, L.L.C.,",,2026-07-13 23:52:50 -0400,2026-07-13 23:52:50 -0400,63
33727,baltimore:parcels,4074 004,4074 004,3009 GREENMOUNT AVE,3009 GREENMOUNT AVE,5022,EC/69190,"BIT COMMUNITY CENTER, INC",,2026-07-13 23:52:50 -0400,2026-07-13 23:52:50 -0400,70
33728,baltimore:parcels,4074 005,4074 005,3009 1/2 GREENMOUNT AVE,3009 1/2 GREENMOUNT AVE,5372,EC/69116,ST. JOHNS CHURCH VESTRY,,2026-07-13 23:52:50 -0400,2026-07-13 23:52:50 -0400,230
33729,baltimore:parcels,4074 006,4074 006,3001 OLD YORK ROAD,3001 OLD YORK RD,4205,EC/12530,ST JOHNS CHURCH VESTRY,,2026-07-13 23:52:50 -0400,2026-07-13 23:52:50 -0400,135
33731,baltimore:parcels,4074C001,4074C001,600 E 31ST ST,600 E 31ST ST,0,C/46000,"3015 GREENMOUNT AVENUE, LLC",2031,2026-07-13 23:52:50 -0400,2026-07-13 23:52:50 -0400,58
33732,baltimore:parcels,4075 001,4075 001,601 HOMESTEAD ST,601 HOMESTEAD ST,8820,C/11110,VEI WAVERLY II LLC,1771,2026-07-13 23:52:50 -0400,2026-07-13 23:52:50 -0400,0
33733,baltimore:parcels,4075 010,4075 010,3103 TINGES LANE,3103 TINGES LN,1440,C/64110,"SZILLAT, ERNST (LIFE)",1777,2026-07-13 23:52:50 -0400,2026-07-13 23:52:50 -0400,38
33734,baltimore:parcels,4075 013,4075 013,3101 TINGES LANE,3101 TINGES LN,0,C/91020,"WILLIAMS, ROBERT D",1778,2026-07-13 23:52:50 -0400,2026-07-13 23:52:50 -0400,101
33735,baltimore:parcels,4075 015,4075 015,500 MONTPELIER ST,500 MONTPELIER ST,0,C/91010,"WILLIAMS, ROBERT D",1779,2026-07-13 23:52:50 -0400,2026-07-13 23:52:50 -0400,114
33736,baltimore:parcels,4076 001,4076 001,500 E 32ND ST,500 E 32ND ST,117,C/59930,"HARRISON, JAMES T.",,2026-07-13 23:52:50 -0400,2026-07-13 23:52:50 -0400,0
33737,baltimore:parcels,4076 001A,4076 001A,506 E 32ND ST,506 E 32ND ST,2440,C/62111,ZULFI INVESTMENTS LLC,,2026-07-13 23:52:50 -0400,2026-07-13 23:52:50 -0400,0
33738,baltimore:parcels,4076 002,4076 002,3201 GREENMOUNT AVE,3201 GREENMOUNT AVE,3192,C/56600,"KOO, KEW HOEA",,2026-07-13 23:52:50 -0400,2026-07-13 23:52:50 -0400,0
33739,baltimore:parcels,4076 003,4076 003,3203 GREENMOUNT AVE,3203 GREENMOUNT AVE,12746,C/58100,"MAVERICK 3203 GREENMOUNT, LLC",,2026-07-13 23:52:50 -0400,2026-07-13 23:52:50 -0400,0
33740,baltimore:parcels,4076 006,4076 006,3211 GREENMOUNT AVE,3211 GREENMOUNT AVE,7961,C/59320,MAVERICK 3203 GREENMOUNT LLC,,2026-07-13 23:52:50 -0400,2026-07-13 23:52:50 -0400,0
33741,baltimore:parcels,4076 007,4076 007,3213 GREENMOUNT AVE,3213 GREENMOUNT AVE,4368,C/54616,"LEE, JUNE K",,2026-07-13 23:52:50 -0400,2026-07-13 23:52:50 -0400,0
33742,baltimore:parcels,4076 008,4076 008,3217 GREENMOUNT AVE,3217 GREENMOUNT AVE,3130,C/57315,"ALSHOUBI, ABDALHAI",,2026-07-13 23:52:51 -0400,2026-07-13 23:52:51 -0400,0
33743,baltimore:parcels,4076 009,4076 009,3221 GREENMOUNT AVE,3221 GREENMOUNT AVE,2646,C/59700,SK LEE LLC,,2026-07-13 23:52:51 -0400,2026-07-13 23:52:51 -0400,0
33744,baltimore:parcels,4076 010,4076 010,3223 GREENMOUNT AVE,3223 GREENMOUNT AVE,2083,C/62110,"WAH, GARY CHIN",,2026-07-13 23:52:51 -0400,2026-07-13 23:52:51 -0400,0
33745,baltimore:parcels,4076 011,4076 011,501 E 33RD ST,501 E 33RD ST,2272,C/55300,501 E 33RD ST LLC,,2026-07-13 23:52:51 -0400,2026-07-13 23:52:51 -0400,0
33746,baltimore:parcels,4076 013,4076 013,511 GORSUCH AVE,511 GORSUCH AVE,968,C/62110,"WAH, GARY C",,2026-07-13 23:52:51 -0400,2026-07-13 23:52:51 -0400,0
33748,baltimore:parcels,4076 014,4076 014,515 GORSUCH AVE,515 GORSUCH AVE,1425,C/58100,"WAH, GARY C",,2026-07-13 23:52:51 -0400,2026-07-13 23:52:51 -0400,15
33749,baltimore:parcels,4076 016,4076 016,519 GORSUCH AVE,519 GORSUCH AVE,2850,C/58100,"HSDB, LLC",,2026-07-13 23:52:51 -0400,2026-07-13 23:52:51 -0400,0
33750,baltimore:parcels,4076 017,4076 017,521 GORSUCH AVE,521 GORSUCH AVE,2745,C/11110,SADWAAL ACQUISITION LLC,,2026-07-13 23:52:51 -0400,2026-07-13 23:52:51 -0400,0
33751,baltimore:parcels,4076 019,4076 019,525 GORSUCH AVE,525 GORSUCH AVE,1545,C/62511,"SADWAAL ACQUISITION, LLC",,2026-07-13 23:52:51 -0400,2026-07-13 23:52:51 -0400,15
33752,baltimore:parcels,4076A001,4076A001,3011 GREENMOUNT AVE,3011 GREENMOUNT AVE,4074,C/53010,"3015 GREENMOUNT AVENUE, LLC",,2026-07-13 23:52:51 -0400,2026-07-13 23:52:51 -0400,72
33753,baltimore:parcels,4076A003,4076A003,3015 GREENMOUNT AVE,3015 GREENMOUNT AVE,3272,C/82210,"3015 GREENMOUNT AVENUE, LLC",,2026-07-13 23:52:51 -0400,2026-07-13 23:52:51 -0400,34
33754,baltimore:parcels,4076A005,4076A005,3019 GREENMOUNT AVE,3019 GREENMOUNT AVE,1725,C/62321,"DENIZ, OZGUN",,2026-07-13 23:52:51 -0400,2026-07-13 23:52:51 -0400,16
33755,baltimore:parcels,4076A005A,4076A005A,3021 GREENMOUNT AVE,3021 GREENMOUNT AVE,1725,C/62531,"DENIZ, OZGUN",,2026-07-13 23:52:51 -0400,2026-07-13 23:52:51 -0400,16
33756,baltimore:parcels,4076A006,4076A006,3023 GREENMOUNT AVE,3023 GREENMOUNT AVE,1836,C/58201,VICTORY HOUSING LLC,,2026-07-13 23:52:51 -0400,2026-07-13 23:52:51 -0400,28
33757,baltimore:parcels,4076A007,4076A007,3029 GREENMOUNT AVE,3029 GREENMOUNT AVE,4050,C/61296,LIVING WELL SOLUTIONS LLC,,2026-07-13 23:52:51 -0400,2026-07-13 23:52:51 -0400,33
33758,baltimore:parcels,4076A008,4076A008,3031 GREENMOUNT AVE,3031 GREENMOUNT AVE,10327,EC/56500,BALTIMORE GOODWILL,,2026-07-13 23:52:51 -0400,2026-07-13 23:52:51 -0400,68
33759,baltimore:parcels,4076A010,4076A010,3107 GREENMOUNT AVE,3107 GREENMOUNT AVE,7003,C/61710,"3107 GREENMOUNT AVENUE, LLC",,2026-07-13 23:52:51 -0400,2026-07-13 23:52:51 -0400,47
33760,baltimore:parcels,4076A011,4076A011,3111 GREENMOUNT AVE,3111 GREENMOUNT AVE,1656,C/61110,"KIM, KWANG WON",,2026-07-13 23:52:51 -0400,2026-07-13 23:52:51 -0400,24
33761,baltimore:parcels,4076A012,4076A012,3113 GREENMOUNT AVE,3113 GREENMOUNT AVE,6012,C/59201,"AK HOME, LLC",,2026-07-13 23:52:51 -0400,2026-07-13 23:52:51 -0400,44
33762,baltimore:parcels,4076A014,4076A014,3117 GREENMOUNT AVE,3117 GREENMOUNT AVE,7000,C/57110,"3117 GREENMOUNT AVENUE, LLC",,2026-07-13 23:52:51 -0400,2026-07-13 23:52:51 -0400,34
33763,baltimore:parcels,4076A015,4076A015,3123 GREENMOUNT AVE,3123 GREENMOUNT AVE,8338,EC/67220,MAYOR AND CITY COUNCIL OF,,2026-07-13 23:52:51 -0400,2026-07-13 23:52:51 -0400,49
33764,baltimore:parcels,4076A016,4076A016,3127 GREENMOUNT AVE,3127 GREENMOUNT AVE,7592,C/63760,EXCHANGERIGHT NET-LEASED,,2026-07-13 23:52:51 -0400,2026-07-13 23:52:51 -0400,34
33765,baltimore:parcels,4076A017,4076A017,3133 GREENMOUNT AVE,3133 GREENMOUNT AVE,2655,C/59100,EXCHANGERIGHT NET-LEASED,,2026-07-13 23:52:51 -0400,2026-07-13 23:52:51 -0400,30
33766,baltimore:parcels,4076A023,4076A023,511 E 32ND ST,511 E 32ND ST,1040,C/62530,"ZULFI INVESTMENTS, LLC",,2026-07-13 23:52:51 -0400,2026-07-13 23:52:51 -0400,15
45774,baltimore:parcels,3735 001,3735 001,3410 GREENMOUNT AVE,3410 GREENMOUNT AVE,2815,C/53011,"SNAPP, JOHN N   (LIFE)",,2026-07-13 23:58:28 -0400,2026-08-24 03:19:49 -0400,90
45788,baltimore:parcels,3804 048,3804 048,1920 GREENMOUNT AVE,1920 GREENMOUNT AVE,0,EC/11446,HOUSING AUTHORITY OF BALTIMORE,,2026-07-13 23:58:29 -0400,2026-07-13 23:58:29 -0400,0
45882,baltimore:parcels,3825 001,3825 001,435 E 25TH ST,435 E 25TH ST,7485,EC/55120,"MANNA HOUSE, INC.",,2026-07-13 23:58:30 -0400,2026-07-13 23:58:30 -0400,0
45883,baltimore:parcels,3825 021,3825 021,2434 GREENMOUNT AVE,2434 GREENMOUNT AVE,12740,C/59990,CONCORD COMMUNITIES I LLC,,2026-07-13 23:58:30 -0400,2026-07-13 23:58:30 -0400,100
45884,baltimore:parcels,3825 022,3825 022,2432 GREENMOUNT AVE,2432 GREENMOUNT AVE,1440,C/50001,"WHITE, BROOKS",,2026-07-13 23:58:30 -0400,2026-07-13 23:58:30 -0400,14
45885,baltimore:parcels,3825 029,3825 029,2406 GREENMOUNT AVE,2406 GREENMOUNT AVE,12390,EC/61710,NEW GOOD SAMARITAN BAPTIST,,2026-07-13 23:58:30 -0400,2026-07-13 23:58:30 -0400,100
45887,baltimore:parcels,3826 028,3826 028,401 E 25TH ST,401 E 25TH ST,8241,C/11510,BALTIMORE AFFORDABLE HOUSING,,2026-07-13 23:58:30 -0400,2026-07-13 23:58:30 -0400,0
45981,baltimore:parcels,3836A001,3836A001,2554 GREENMOUNT AVE,2554 GREENMOUNT AVE,8190,EC/39990,"HAVEN OF REST, SANCTUARY",,2026-07-13 23:58:31 -0400,2026-07-13 23:58:31 -0400,33
45982,baltimore:parcels,3836A002,3836A002,2602 GREENMOUNT AVE,2602 GREENMOUNT AVE,9384,C/63760,"FIRESTONE, STEVEN",,2026-07-13 23:58:31 -0400,2026-07-13 23:58:31 -0400,100
45983,baltimore:parcels,3836A054,3836A054,455 E LORRAINE AVE,455 E LORRAINE AVE,962,C/11135,"MCCANDLESS, MATTHEW",,2026-07-13 23:58:31 -0400,2026-07-13 23:58:31 -0400,15
45985,baltimore:parcels,3836B001,3836B001,2500 GREENMOUNT AVE,2500 GREENMOUNT AVE,1012,C/55300,"BROOKLYN PARK GAS, INC.",,2026-07-13 23:58:31 -0400,2026-07-13 23:58:31 -0400,94
45986,baltimore:parcels,3836B003,3836B003,2514 GREENMOUNT AVE,2514 GREENMOUNT AVE,7126,C/69940,"HOPE SAFE HAVEN, LLC",,2026-07-13 23:58:31 -0400,2026-07-13 23:58:31 -0400,91
45987,baltimore:parcels,3836B006,3836B006,2522 GREENMOUNT AVE,2522 GREENMOUNT AVE,6000,C/59990,"BOLING 3RD, ERNEST M",,2026-07-13 23:58:31 -0400,2026-07-13 23:58:31 -0400,60
45988,baltimore:parcels,3836B048,3836B048,420 E 25TH ST,420 E 25TH ST,1340,C/11130,"LAKEW, ELIAS",,2026-07-13 23:58:31 -0400,2026-07-13 23:58:31 -0400,14
45989,baltimore:parcels,3836B052,3836B052,428 E 25TH ST,428 E 25TH ST,10530,C/63760,GATOR 25 LLC,,2026-07-13 23:58:31 -0400,2026-07-13 23:58:31 -0400,0
46008,baltimore:parcels,3846 027,3846 027,452 E 28TH ST,452 E 28TH ST,2484,C/61421,"2631 GREENMOUNT AVE, LLC",,2026-07-13 23:58:31 -0400,2026-07-13 23:58:31 -0400,16
46009,baltimore:parcels,3846 086,3846 086,429 E 29TH ST,429 E 29TH ST,4886,C/58100,MCDONALD'S CORPORATION,,2026-07-13 23:58:31 -0400,2026-07-13 23:58:31 -0400,0
46016,baltimore:parcels,3855 001,3855 001,400 E 29TH ST,400 E 29TH ST,27064,EC/63760,"SALVATION ARMY, THE",,2026-07-13 23:58:31 -0400,2026-07-13 23:58:31 -0400,1
46017,baltimore:parcels,3855 002,3855 002,2900 GREENMOUNT AVE,2900 GREENMOUNT AVE,7920,C/58200,"GREEN HOLDINGS, LLC",,2026-07-13 23:58:31 -0400,2026-08-24 03:19:50 -0400,50
46018,baltimore:parcels,3855 002A,3855 002A,2920 GREENMOUNT AVE,2920 GREENMOUNT AVE,8760,C/63950,"2920 GREENMOUNT AVENUE, LLC",,2026-07-13 23:58:31 -0400,2026-07-13 23:58:31 -0400,0
46019,baltimore:parcels,3855 007,3855 007,2938 GREENMOUNT AVE,2938 GREENMOUNT AVE,2452,EC/63117,OUTREACH TEMPLE FOR,,2026-07-13 23:58:31 -0400,2026-07-13 23:58:31 -0400,28
46020,baltimore:parcels,3855 017,3855 017,2958 GREENMOUNT AVE,2958 GREENMOUNT AVE,1482,C/61710,2631 GREENMOUNT AVE LLC,,2026-07-13 23:58:31 -0400,2026-07-13 23:58:31 -0400,0
46021,baltimore:parcels,3856 001,3856 001,3000 GREENMOUNT AVE,3000 GREENMOUNT AVE,11420,C/53010,GOLDEN SPRING CORPORATION,,2026-07-13 23:58:31 -0400,2026-07-13 23:58:31 -0400,68
46022,baltimore:parcels,3856 002,3856 002,3010 GREENMOUNT AVE,3010 GREENMOUNT AVE,8776,C/53010,3010 GREENMOUNT AVENUE LLC,,2026-07-13 23:58:31 -0400,2026-07-27 03:59:40 -0400,0
46023,baltimore:parcels,3856 003,3856 003,3001 VINEYARD LANE,3001 VINEYARD LN,6681,EC/63760,"BOOK THING OF BALTIMORE, INC.,",,2026-07-13 23:58:31 -0400,2026-07-13 23:58:31 -0400,0
46024,baltimore:parcels,3856 005,3856 005,3028 GREENMOUNT AVE,3028 GREENMOUNT AVE,5558,C/65110,"3028 GREENMOUNT AVENUE, LLC",,2026-07-13 23:58:31 -0400,2026-07-13 23:58:31 -0400,42
46025,baltimore:parcels,3856 008,3856 008,3034 GREENMOUNT AVE,3034 GREENMOUNT AVE,2560,C/63491,"ZANGNA, AMIRA FARAJ",,2026-07-13 23:58:31 -0400,2026-07-13 23:58:31 -0400,28
46026,baltimore:parcels,3856 009,3856 009,3036 GREENMOUNT AVE,3036 GREENMOUNT AVE,960,C/61421,EQUITY TRUST COMPANY,,2026-07-13 23:58:31 -0400,2026-07-13 23:58:31 -0400,11
46027,baltimore:parcels,3856 010,3856 010,3038 GREENMOUNT AVE,3038 GREENMOUNT AVE,1990,C/53301,"ACORN DEVELOPERS VENTURES, LLC",,2026-07-13 23:58:31 -0400,2026-07-13 23:58:31 -0400,16
46028,baltimore:parcels,3856 011,3856 011,3040 GREENMOUNT AVE,3040 GREENMOUNT AVE,8350,C/53010,O & O REALTY INC.,,2026-07-13 23:58:31 -0400,2026-07-13 23:58:31 -0400,56
46029,baltimore:parcels,3856 012,3856 012,3046 GREENMOUNT AVE,3046 GREENMOUNT AVE,840,C/61210,"OSTRAW, LOUIS",,2026-07-13 23:58:32 -0400,2026-07-13 23:58:32 -0400,16
46030,baltimore:parcels,3856 013,3856 013,3048 GREENMOUNT AVE,3048 GREENMOUNT AVE,5628,C/53011,"R H FAMILY, LLC",,2026-07-13 23:58:32 -0400,2026-07-13 23:58:32 -0400,20
46031,baltimore:parcels,3856 039,3856 039,3020 VINEYARD LANE,3020 VINEYARD LN,2200,C/64110,"CUNNINGHAM JR,PATRICK M",,2026-07-13 23:58:32 -0400,2026-07-13 23:58:32 -0400,64
46032,baltimore:parcels,3856 042,3856 042,416 E 30TH ST,416 E 30TH ST,5760,C/61710,416-418 E 30TH STREET BAL LLC,,2026-07-13 23:58:32 -0400,2026-07-13 23:58:32 -0400,175
46075,baltimore:parcels,3881 001,3881 001,400 E 31ST ST,400 E 31ST ST,5215,EC/69110,"ST. MOSES' CHURCH, INC",,2026-07-13 23:58:32 -0400,2026-07-13 23:58:32 -0400,105
46076,baltimore:parcels,3881 006,3881 006,414 E 31ST ST,414 E 31ST ST,1772,C/59311,"BEVERS, JONATHAN",,2026-07-13 23:58:32 -0400,2026-07-13 23:58:32 -0400,20
46077,baltimore:parcels,3881 007,3881 007,416 E 31ST ST,416 E 31ST ST,2484,C/59311,"JOHNSON TRUSTEE, EDDIE L",,2026-07-13 23:58:32 -0400,2026-07-13 23:58:32 -0400,20
46078,baltimore:parcels,3881 008,3881 008,418 E 31ST ST,418 E 31ST ST,1720,C/59311,R & A FAMILY LLC,,2026-07-13 23:58:32 -0400,2026-07-13 23:58:32 -0400,20
46079,baltimore:parcels,3881 009,3881 009,420 E 31ST ST,420 E 31ST ST,0,C/46100,"R H FAMILY, LLC",,2026-07-13 23:58:32 -0400,2026-07-13 23:58:32 -0400,23
46080,baltimore:parcels,3881 013,3881 013,3106 GREENMOUNT AVE,3106 GREENMOUNT AVE,6790,C/56100,R H FAMILY LLC,,2026-07-13 23:58:32 -0400,2026-07-13 23:58:32 -0400,0
46081,baltimore:parcels,3881 016,3881 016,3112 GREENMOUNT AVE,3112 GREENMOUNT AVE,1700,C/52510,"RH FAMILY, LLC",,2026-07-13 23:58:32 -0400,2026-07-13 23:58:32 -0400,14
46082,baltimore:parcels,3881 017,3881 017,3114 GREENMOUNT AVE,3114 GREENMOUNT AVE,1904,C/53910,R.H. FAMILY LLC,,2026-07-13 23:58:32 -0400,2026-07-13 23:58:32 -0400,34
46083,baltimore:parcels,3881 018,3881 018,3118 GREENMOUNT AVE,3118 GREENMOUNT AVE,3300,C/64920,"VINE AND BRANCHES, LLC",,2026-07-13 23:58:32 -0400,2026-07-13 23:58:32 -0400,33
46084,baltimore:parcels,3881 019,3881 019,3120 GREENMOUNT AVE,3120 GREENMOUNT AVE,2480,C/59700,JMSRC LLC,,2026-07-13 23:58:32 -0400,2026-07-13 23:58:32 -0400,22
46085,baltimore:parcels,3881 020,3881 020,3122 GREENMOUNT AVE,3122 GREENMOUNT AVE,8880,C/57110,"ZABLAH, JIHAD M",,2026-07-13 23:58:32 -0400,2026-07-13 23:58:32 -0400,48
46086,baltimore:parcels,3881 022,3881 022,3126 GREENMOUNT AVE,3126 GREENMOUNT AVE,5550,C/58200,"BRADLEY, MATTHEW  (LIFE)",,2026-07-13 23:58:32 -0400,2026-07-13 23:58:32 -0400,30
46087,baltimore:parcels,3881 023,3881 023,3128 GREENMOUNT AVE,3128 GREENMOUNT AVE,11928,C/58200,"BALTIMORE COMMUNITY 6, LLC",,2026-07-13 23:58:32 -0400,2026-07-13 23:58:32 -0400,0
46088,baltimore:parcels,3881 024,3881 024,3130 GREENMOUNT AVE,3130 GREENMOUNT AVE,3645,C/58100,"SAKELARAKOS, JOHN (LIFE)",,2026-07-13 23:58:32 -0400,2026-07-13 23:58:32 -0400,18
46089,baltimore:parcels,3881 032,3881 032,3123 BARCLAY ST,3123 BARCLAY ST,2850,EC/69110,RIVER OF LIFE MINISTRY,,2026-07-13 23:58:32 -0400,2026-07-13 23:58:32 -0400,27
46090,baltimore:parcels,3881 033,3881 033,3100 BRENTWOOD AVE,3100 BRENTWOOD AVE,1960,C/64920,"FROST, ELLEN MCLEISTER",,2026-07-13 23:58:32 -0400,2026-07-13 23:58:32 -0400,40
46091,baltimore:parcels,3881 039,3881 039,3116 BRENTWOOD AVE,3116 BRENTWOOD AVE,5295,C/64110,BUCK LINDER AUTO REPAIRS INC,,2026-07-13 23:58:32 -0400,2026-07-13 23:58:32 -0400,98
46092,baltimore:parcels,3881 042,3881 042,3105 BRENTWOOD AVE,3105 BRENTWOOD AVE,0,C/91010,"VINE AND BRANCHES, LLC",,2026-07-13 23:58:32 -0400,2026-07-13 23:58:32 -0400,33
46093,baltimore:parcels,3881 042A,3881 042A,407 E 32ND ST,407 E 32ND ST,2171,C/63000,"QAZI, KAMRAN A.",,2026-07-13 23:58:32 -0400,2026-07-13 23:58:32 -0400,63
46094,baltimore:parcels,3881 044,3881 044,3103 BRENTWOOD AVE,3103 BRENTWOOD AVE,0,C/91010,BUCK LINDER AUTO REPAIR INC,,2026-07-13 23:58:32 -0400,2026-07-13 23:58:32 -0400,53
46095,baltimore:parcels,3881A001,3881A001,3201 BARCLAY ST,3201 BARCLAY ST,0,EC/46000,MAYOR AND CITY COUNCIL OF,,2026-07-13 23:58:32 -0400,2026-07-13 23:58:32 -0400,1
46096,baltimore:parcels,3881A019,3881A019,432 E 32ND ST,432 E 32ND ST,0,C/64920,"WAVERLY MAIN STREET, LLC",,2026-07-13 23:58:32 -0400,2026-07-13 23:58:32 -0400,0
46097,baltimore:parcels,3881A020,3881A020,429 MERRYMAN LANE,429 MERRYMAN LN,8886,C,"ZABLAH, JIHAD M",,2026-07-13 23:58:32 -0400,2026-07-13 23:58:32 -0400,0
46098,baltimore:parcels,3881A021,3881A021,431 MERRYMAN LANE,431 MERRYMAN LN,1364,C/58100,"ZABLAH, JIHAD M",,2026-07-13 23:58:32 -0400,2026-07-13 23:58:32 -0400,0
46099,baltimore:parcels,3882 001,3882 001,3200 GREENMOUNT AVE,3200 GREENMOUNT AVE,1050,C/58100,"2631 GREENMOUNT AVE, LLC",,2026-07-13 23:58:32 -0400,2026-07-13 23:58:32 -0400,36
46100,baltimore:parcels,3882 002,3882 002,3204 GREENMOUNT AVE,3204 GREENMOUNT AVE,3096,C/56101,"PARK, CHANG SUK",,2026-07-13 23:58:32 -0400,2026-07-13 23:58:32 -0400,24
46101,baltimore:parcels,3882 003,3882 003,3208 GREENMOUNT AVE,3208 GREENMOUNT AVE,2346,C/58200,"PP SINGH, INC.",,2026-07-13 23:58:32 -0400,2026-07-13 23:58:32 -0400,17
46102,baltimore:parcels,3882 004,3882 004,3210 GREENMOUNT AVE,3210 GREENMOUNT AVE,2045,C/56200,"YUN, KYONG",,2026-07-13 23:58:32 -0400,2026-07-13 23:58:32 -0400,13
46103,baltimore:parcels,3882 005,3882 005,3212 GREENMOUNT AVE,3212 GREENMOUNT AVE,7072,C/56200,"YUN, KYONG",,2026-07-13 23:58:32 -0400,2026-07-13 23:58:32 -0400,26
46104,baltimore:parcels,3882 007,3882 007,3216 GREENMOUNT AVE,3216 GREENMOUNT AVE,1989,C/56600,AGATE INTEGRATED AND BEHAVIORAL,,2026-07-13 23:58:32 -0400,2026-07-13 23:58:32 -0400,13
46105,baltimore:parcels,3882 008,3882 008,3218 GREENMOUNT AVE,3218 GREENMOUNT AVE,2102,C/56600,AGATE INTEGRATED AND BEHAVIORAL,,2026-07-13 23:58:32 -0400,2026-07-13 23:58:32 -0400,14
46106,baltimore:parcels,3882 009,3882 009,3220 GREENMOUNT AVE,3220 GREENMOUNT AVE,4034,C/61290,"KANG, JIN WOOK (TR)",,2026-07-13 23:58:32 -0400,2026-07-13 23:58:32 -0400,20
46107,baltimore:parcels,3882 010,3882 010,3222 GREENMOUNT AVE,3222 GREENMOUNT AVE,1462,C/59410,"APEX REALTY HOLDINGS, LLC",,2026-07-13 23:58:32 -0400,2026-07-13 23:58:32 -0400,16
46108,baltimore:parcels,3882 011,3882 011,3224 GREENMOUNT AVE,3224 GREENMOUNT AVE,2240,C/57110,2631 GREENMOUNT AVE LLC,,2026-07-13 23:58:32 -0400,2026-07-13 23:58:32 -0400,16
46109,baltimore:parcels,3882 012,3882 012,3226 GREENMOUNT AVE,3226 GREENMOUNT AVE,17952,C/53010,"NSR OF MD, LLC",,2026-07-13 23:58:32 -0400,2026-07-13 23:58:32 -0400,132
46110,baltimore:parcels,3882 014,3882 014,420 MERRYMAN LANE,420 MERRYMAN LN,2000,C/64110,"ZABLAH, JIHAD M",,2026-07-13 23:58:32 -0400,2026-07-13 23:58:32 -0400,107
46111,baltimore:parcels,3882 031,3882 031,415 E 33RD ST,415 E 33RD ST,4368,C/59311,"M & Y REALTY, LLC",,2026-07-13 23:58:32 -0400,2026-07-13 23:58:32 -0400,40
46112,baltimore:parcels,3882 032,3882 032,401 E 33RD ST,401 E 33RD ST,2953,C/59990,"7-ELEVEN, INC",,2026-07-13 23:58:32 -0400,2026-07-13 23:58:32 -0400,151
46113,baltimore:parcels,3883 001,3883 001,3300 GREENMOUNT AVE,3300 GREENMOUNT AVE,3360,C/59100,"LI, XIANGLE",,2026-07-13 23:58:32 -0400,2026-07-13 23:58:32 -0400,22
46114,baltimore:parcels,3883 002,3883 002,3302 GREENMOUNT AVE,3302 GREENMOUNT AVE,15440,C/72120,"BALTIMORE COMMUNITY, LLC",,2026-07-13 23:58:33 -0400,2026-07-13 23:58:33 -0400,0
46115,baltimore:parcels,3883 003,3883 003,3308 GREENMOUNT AVE,3308 GREENMOUNT AVE,11450,C/53010,GREENMOUNT PROPERTIES LLC,,2026-07-13 23:58:33 -0400,2026-07-13 23:58:33 -0400,0
46116,baltimore:parcels,3883 006,3883 006,3320 GREENMOUNT AVE,3320 GREENMOUNT AVE,1452,C/54920,GOLDEN CROWN,,2026-07-13 23:58:33 -0400,2026-07-13 23:58:33 -0400,0
46117,baltimore:parcels,3883 007,3883 007,3322 GREENMOUNT AVE,3322 GREENMOUNT AVE,3750,C/59411,"WELDEMICHAEL, HABTOM MISGNA",,2026-07-13 23:58:33 -0400,2026-07-13 23:58:33 -0400,0
46118,baltimore:parcels,3883 012,3883 012,401 VENABLE AVE,401 VENABLE AVE,7000,C/46200,"BALTIMORE COMMUNITY, LLC",,2026-07-13 23:58:33 -0400,2026-07-13 23:58:33 -0400,0
46119,baltimore:parcels,3883 014,3883 014,400 E 33RD ST,400 E 33RD ST,14125,EC/71110,MAYOR AND CITY COUNCIL OF,,2026-07-13 23:58:33 -0400,2026-07-13 23:58:33 -0400,0
46120,baltimore:parcels,3884 001,3884 001,3326 GREENMOUNT AVE,3326 GREENMOUNT AVE,6500,C/53011,"3326 GREENMOUNT AVENUE, LLC",,2026-07-13 23:58:33 -0400,2026-07-13 23:58:33 -0400,70
46121,baltimore:parcels,3884 002,3884 002,3334 GREENMOUNT AVE,3334 GREENMOUNT AVE,3960,C/53010,"3326 GREENMOUNT AVENUE, LLC",,2026-07-13 23:58:33 -0400,2026-07-13 23:58:33 -0400,55
46122,baltimore:parcels,3884 003,3884 003,3354 GREENMOUNT AVE,3354 GREENMOUNT AVE,3600,C/53010,"LEE, HONG KOO",,2026-07-13 23:58:33 -0400,2026-07-13 23:58:33 -0400,48
46123,baltimore:parcels,3884 006,3884 006,3360 GREENMOUNT AVE,3360 GREENMOUNT AVE,1870,C/59410,"3326 GREENMOUNT AVENUE, LLC",,2026-07-13 23:58:33 -0400,2026-07-13 23:58:33 -0400,17
46124,baltimore:parcels,3884 007,3884 007,3400 GREENMOUNT AVE,3400 GREENMOUNT AVE,5000,C/58100,"GORDON, JANE F",,2026-07-13 23:58:33 -0400,2026-08-24 03:19:51 -0400,90
46125,baltimore:parcels,3884 034,3884 034,412 VENABLE AVE,412 VENABLE AVE,0,C/91010,"3326 GREENMOUNT AVENUE, LLC",,2026-07-13 23:58:33 -0400,2026-07-13 23:58:33 -0400,14
46126,baltimore:parcels,3884 035,3884 035,414 VENABLE AVE,414 VENABLE AVE,0,C/91010,"3326 GREENMOUNT AVENUE, LLC",,2026-07-13 23:58:33 -0400,2026-07-13 23:58:33 -0400,20
46128,baltimore:parcels,3884 042,3884 042,3410 BRENTWOOD AVE,3410 BRENTWOOD AVE,1404,C/64110,"FRANKLIN JR., CLARENCE N.",,2026-07-13 23:58:33 -0400,2026-07-13 23:58:33 -0400,45
46129,baltimore:parcels,3884 043,3884 043,3404 BRENTWOOD AVE,3404 BRENTWOOD AVE,960,C/64110,"3404 BRENTWOOD, LLC",,2026-07-13 23:58:33 -0400,2026-07-13 23:58:33 -0400,45
46217,baltimore:parcels,4000 043,4000 043,1913 GREENMOUNT AVE,1913 GREENMOUNT AVE,1725,C/59990,MEI QI LLC,,2026-07-13 23:58:34 -0400,2026-07-13 23:58:34 -0400,30
46218,baltimore:parcels,4000 045,4000 045,1909 GREENMOUNT AVE,1909 GREENMOUNT AVE,1500,C/91010,"CULMER, BARRY",,2026-07-13 23:58:34 -0400,2026-07-13 23:58:34 -0400,30
46323,baltimore:parcels,4048 046,4048 046,513 E 36TH ST,513 E 36TH ST,2838,EC/34010,MT. OLIVER MISSIONARY,,2026-07-13 23:58:35 -0400,2026-07-13 23:58:35 -0400,88
46330,baltimore:parcels,4048A013,4048A013,3627 GREENMOUNT AVE,3627 GREENMOUNT AVE,3004,EC/69110,UNCONDITIONAL LOVE OF CHRIST IN,,2026-07-13 23:58:35 -0400,2026-07-13 23:58:35 -0400,0
46332,baltimore:parcels,4048A017,4048A017,3641 GREENMOUNT AVE,3641 GREENMOUNT AVE,2754,EC/11410,"GREENMOUNT APARTMENTS, LLC",,2026-07-13 23:58:35 -0400,2026-07-13 23:58:35 -0400,45
46333,baltimore:parcels,4048A018,4048A018,3701 GREENMOUNT AVE,3701 GREENMOUNT AVE,5700,EC/11410,"GREENMOUNT APARTMENTS, LLC",,2026-07-13 23:58:35 -0400,2026-07-13 23:58:35 -0400,96
46334,baltimore:parcels,4048A020,4048A020,3711 GREENMOUNT AVE,3711 GREENMOUNT AVE,4566,EC/11310,"GREENMOUNT APARTMENTS, LLC",,2026-07-13 23:58:35 -0400,2026-07-13 23:58:35 -0400,60
46335,baltimore:parcels,4048A021,4048A021,3713 GREENMOUNT AVE,3713 GREENMOUNT AVE,3200,C/54100,"REALTY GURU, LLC",,2026-07-13 23:58:35 -0400,2026-07-13 23:58:35 -0400,38
46336,baltimore:parcels,4048A021B,4048A021B,3717 GREENMOUNT AVE,3717 GREENMOUNT AVE,2376,C/59991,ADAM LLC,,2026-07-13 23:58:35 -0400,2026-07-13 23:58:35 -0400,22
46337,baltimore:parcels,4049B001,4049B001,500 E 33RD ST,500 E 33RD ST,1907,C/55300,"BALTIMORE REAL ESTATE, LLC",,2026-07-13 23:58:35 -0400,2026-07-13 23:58:35 -0400,232
46338,baltimore:parcels,4049B002,4049B002,3313 GREENMOUNT AVE,3313 GREENMOUNT AVE,8884,C/54100,"3313 GREENMOUNT AVENUE, LLC",,2026-07-13 23:58:35 -0400,2026-07-13 23:58:35 -0400,68
46339,baltimore:parcels,4049B002A,4049B002A,3331 GREENMOUNT AVE,3331 GREENMOUNT AVE,4480,EC/58200,"COMMUNITY MEDIATION PROGRAM,",,2026-07-13 23:58:35 -0400,2026-07-13 23:58:35 -0400,32
46340,baltimore:parcels,4049B003,4049B003,3339 GREENMOUNT AVE,3339 GREENMOUNT AVE,3635,C/61110,"2900 LOCH RAVEN, LLC",,2026-07-13 23:58:35 -0400,2026-07-13 23:58:35 -0400,56
46341,baltimore:parcels,4049B005,4049B005,3347 GREENMOUNT AVE,3347 GREENMOUNT AVE,1380,C/51931,"CAMPOS, JUAN",,2026-07-13 23:58:35 -0400,2026-07-13 23:58:35 -0400,19
46342,baltimore:parcels,4049B006,4049B006,3349 GREENMOUNT AVE,3349 GREENMOUNT AVE,2356,C/56200,"VLADIMIR BESSER, LLC.",,2026-07-13 23:58:35 -0400,2026-07-13 23:58:35 -0400,19
46343,baltimore:parcels,4049B007,4049B007,3351 GREENMOUNT AVE,3351 GREENMOUNT AVE,1440,C/59951,"SKDK, LLC",,2026-07-13 23:58:35 -0400,2026-07-13 23:58:35 -0400,19
46344,baltimore:parcels,4049B008,4049B008,3353 GREENMOUNT AVE,3353 GREENMOUNT AVE,1888,C/58201,"SKDK, LLC",,2026-07-13 23:58:35 -0400,2026-07-13 23:58:35 -0400,15
46345,baltimore:parcels,4049C001,4049C001,3401 GREENMOUNT AVE,3401 GREENMOUNT AVE,1892,C/61216,"MAHMOOD, TARIQ",,2026-07-13 23:58:35 -0400,2026-07-13 23:58:35 -0400,14
46346,baltimore:parcels,4049C002,4049C002,3403 GREENMOUNT AVE,3403 GREENMOUNT AVE,2120,C/50001,UNBOXED REALTY LLC,,2026-07-13 23:58:35 -0400,2026-07-13 23:58:35 -0400,26
46347,baltimore:parcels,4049C003,4049C003,3405 GREENMOUNT AVE,3405 GREENMOUNT AVE,2192,C/69301,"LAI, JOHN",,2026-07-13 23:58:35 -0400,2026-07-13 23:58:35 -0400,24
46348,baltimore:parcels,4049C004,4049C004,3407 GREENMOUNT AVE,3407 GREENMOUNT AVE,2530,C/58201,"QIU, CHENG QUN",,2026-07-13 23:58:35 -0400,2026-07-13 23:58:35 -0400,24
46349,baltimore:parcels,4049C005,4049C005,3409 GREENMOUNT AVE,3409 GREENMOUNT AVE,2086,C/59981,"HAU REALTY, LLC",,2026-07-13 23:58:35 -0400,2026-07-13 23:58:35 -0400,25
46350,baltimore:parcels,4049C006,4049C006,3411 GREENMOUNT AVE,3411 GREENMOUNT AVE,2779,C/62326,"EKANEKLMEM, SUNDAY B",,2026-07-13 23:58:35 -0400,2026-07-13 23:58:35 -0400,25
46351,baltimore:parcels,4049C007,4049C007,3413 GREENMOUNT AVE,3413 GREENMOUNT AVE,0,C/59911,"VEHICLE'S FOR CHANGE, INC.",,2026-07-13 23:58:35 -0400,2026-07-13 23:58:35 -0400,0
46352,baltimore:parcels,4049C009,4049C009,3417 GREENMOUNT AVE,3417 GREENMOUNT AVE,0,EC/46200,"VEHICLE'S FOR CHANGE, INC.",,2026-07-13 23:58:35 -0400,2026-07-13 23:58:35 -0400,25
46353,baltimore:parcels,4049C010,4049C010,3419 GREENMOUNT AVE,3419 GREENMOUNT AVE,0,EC/46100,"VEHICLE'S FOR CHANGE, INC.",,2026-07-13 23:58:35 -0400,2026-07-13 23:58:35 -0400,30
46354,baltimore:parcels,4049C011,4049C011,3427 GREENMOUNT AVE,3427 GREENMOUNT AVE,15250,EC/68310,"VEHICLE'S FOR CHANGE, INC.",,2026-07-13 23:58:35 -0400,2026-07-13 23:58:35 -0400,82
46355,baltimore:parcels,4049C012,4049C012,3431 GREENMOUNT AVE,3431 GREENMOUNT AVE,1632,C/39941,"DANG, AMRITA",,2026-07-13 23:58:35 -0400,2026-07-13 23:58:35 -0400,14
46356,baltimore:parcels,4049C013,4049C013,3433 GREENMOUNT AVE,3433 GREENMOUNT AVE,1890,C/62321,LANDMARK HOLDINGS MD LLC,,2026-07-13 23:58:35 -0400,2026-07-13 23:58:35 -0400,15
46357,baltimore:parcels,4049C014,4049C014,3435 GREENMOUNT AVE,3435 GREENMOUNT AVE,3060,C/50001,"LARJAK PROPERTIES #2, LLC",,2026-07-13 23:58:35 -0400,2026-07-13 23:58:35 -0400,17
46360,baltimore:parcels,4050B029,4050B029,601 E 35TH ST,601 E 35TH ST,5720,C/08101,HUSH HAUS LLC,,2026-07-13 23:58:35 -0400,2026-07-13 23:58:35 -0400,0
46361,baltimore:parcels,4050B031,4050B031,3401 OLD YORK ROAD,3401 OLD YORK RD,11333,EC/69110,ALLEGHENY EAST CONFERENCE/FIRST,,2026-07-13 23:58:35 -0400,2026-07-13 23:58:35 -0400,0
46368,baltimore:parcels,4053 022,4053 022,642 E 33RD ST,642 E 33RD ST,11876,EC/69110,WAVERLY M E CHURCH,,2026-07-13 23:58:35 -0400,2026-07-13 23:58:35 -0400,135
46369,baltimore:parcels,4053 074,4053 074,627 E 34TH ST,627 E 34TH ST,0,C/11410,"627 E 34TH, LLC",,2026-07-13 23:58:35 -0400,2026-07-13 23:58:35 -0400,50
46374,baltimore:parcels,4062 001,4062 001,2501 GREENMOUNT AVE,2501 GREENMOUNT AVE,0,C/55300,"CONITS, PETE   (TR)",,2026-07-13 23:58:35 -0400,2026-07-13 23:58:35 -0400,90
46375,baltimore:parcels,4062 002,4062 002,2511 GREENMOUNT AVE,2511 GREENMOUNT AVE,9212,C/91020,"DG STRATEGIC II, LLC",,2026-07-13 23:58:35 -0400,2026-07-13 23:58:35 -0400,0
46384,baltimore:parcels,4063 001,4063 001,2435 GREENMOUNT AVE,2435 GREENMOUNT AVE,1508,C/55300,"GREEN SQUARE PROPERTIES, LLC",,2026-07-13 23:58:35 -0400,2026-07-13 23:58:35 -0400,60
46385,baltimore:parcels,4063 002,4063 002,2429 GREENMOUNT AVE,2429 GREENMOUNT AVE,8725,C/64190,"LOCH RAVEN INVESTMENTS, LLC",,2026-07-13 23:58:35 -0400,2026-07-13 23:58:35 -0400,50
46386,baltimore:parcels,4063 005,4063 005,2427 GREENMOUNT AVE,2427 GREENMOUNT AVE,0,C/91010,"LOCH RAVEN INVESTMENTS, LLC",,2026-07-13 23:58:35 -0400,2026-07-13 23:58:35 -0400,25
46387,baltimore:parcels,4063 006,4063 006,2425 GREENMOUNT AVE,2425 GREENMOUNT AVE,6800,C/52200,"LOCH RAVEN INVESTMENTS, LLC",,2026-07-13 23:58:35 -0400,2026-07-13 23:58:35 -0400,34
46388,baltimore:parcels,4063 007,4063 007,2423 GREENMOUNT AVE,2423 GREENMOUNT AVE,4000,C/51120,"LOCH RAVEN INVESTMENTS, LLC",,2026-07-13 23:58:35 -0400,2026-07-13 23:58:35 -0400,20
46389,baltimore:parcels,4063 009,4063 009,2417 GREENMOUNT AVE,2417 GREENMOUNT AVE,600,C/46200,"LOCH RAVEN INVESTMENTS, LLC",,2026-07-13 23:58:35 -0400,2026-07-13 23:58:35 -0400,25
46390,baltimore:parcels,4063 010,4063 010,2415 GREENMOUNT AVE,2415 GREENMOUNT AVE,3140,C/69990,"LOCH RAVEN INVESTMENTS, LLC",,2026-07-13 23:58:35 -0400,2026-07-13 23:58:35 -0400,26
46391,baltimore:parcels,4063 011,4063 011,2413 GREENMOUNT AVE,2413 GREENMOUNT AVE,2175,C/11120,"LOCH RAVEN INVESTMENTS, LLC",,2026-07-13 23:58:35 -0400,2026-07-13 23:58:35 -0400,25
46392,baltimore:parcels,4063 012,4063 012,2411 GREENMOUNT AVE,2411 GREENMOUNT AVE,0,C/46000,"LOCH RAVEN INVESTMENTS, LLC",,2026-07-13 23:58:35 -0400,2026-07-13 23:58:35 -0400,18
46393,baltimore:parcels,4063 013,4063 013,2409 GREENMOUNT AVE,2409 GREENMOUNT AVE,1690,C/59991,"LOCH RAVEN INVESTMENTS, LLC",,2026-07-13 23:58:35 -0400,2026-07-13 23:58:35 -0400,13
46394,baltimore:parcels,4063 014,4063 014,2407 GREENMOUNT AVE,2407 GREENMOUNT AVE,2092,C/59991,"LOCH RAVEN INVESTMENTS, LLC",,2026-07-13 23:58:35 -0400,2026-07-13 23:58:35 -0400,19
46395,baltimore:parcels,4063 015,4063 015,2405 GREENMOUNT AVE,2405 GREENMOUNT AVE,3195,C/58201,"2405 GREENMOUNT, LLC",,2026-07-13 23:58:36 -0400,2026-07-13 23:58:36 -0400,21
46396,baltimore:parcels,4063 017,4063 017,2401 GREENMOUNT AVE,2401 GREENMOUNT AVE,9100,EC/57311,EAST BALTIMORE GRAFFITI CHURCH,,2026-07-13 23:58:36 -0400,2026-07-13 23:58:36 -0400,0
46418,baltimore:parcels,4068 001,4068 001,601 E 33RD ST,601 E 33RD ST,,C/11410,VEI WAVERLY I LLC,,2026-07-13 23:58:36 -0400,2026-07-13 23:58:36 -0400,4
46419,baltimore:parcels,4070A021,4070A021,2637 GREENMOUNT AVE,2637 GREENMOUNT AVE,7674,C/58200,"METRO PROPERTY VENTURES, LLC",,2026-07-13 23:58:36 -0400,2026-07-13 23:58:36 -0400,30
46420,baltimore:parcels,4070A059,4070A059,2600 MATHEWS ST,2600 MATHEWS ST,11635,C/51960,"2600 MATHEWS STREET, LLC",,2026-07-13 23:58:36 -0400,2026-07-13 23:58:36 -0400,0
46422,baltimore:parcels,4071 011,4071 011,2721 GREENMOUNT AVE,2721 GREENMOUNT AVE,6570,C/61710,"ADVANCED REAL ESTATE, LLC",,2026-07-13 23:58:36 -0400,2026-07-13 23:58:36 -0400,50
46423,baltimore:parcels,4071 012,4071 012,2731 GREENMOUNT AVE,2731 GREENMOUNT AVE,7074,C/59991,"2731 GREENMOUNT AVENUE, LLC",,2026-07-13 23:58:36 -0400,2026-07-13 23:58:36 -0400,50
46424,baltimore:parcels,4071 013,4071 013,2733 GREENMOUNT AVE,2733 GREENMOUNT AVE,4934,C/63761,"2731 GREENMOUNT AVENUE, LLC",,2026-07-13 23:58:36 -0400,2026-07-13 23:58:36 -0400,0
46425,baltimore:parcels,4071 015,4071 015,2739 GREENMOUNT AVE,2739 GREENMOUNT AVE,7500,C/42140,"KWON, JUNG H",,2026-07-13 23:58:36 -0400,2026-07-13 23:58:36 -0400,50
46426,baltimore:parcels,4071 016,4071 016,2745 GREENMOUNT AVE,2745 GREENMOUNT AVE,0,C/91010,"2600 MATHEWS STREET, LLC",,2026-07-13 23:58:36 -0400,2026-07-13 23:58:36 -0400,50
46427,baltimore:parcels,4071 019,4071 019,503 E 28TH ST,503 E 28TH ST,0,C/91010,"2600 MATTHEWS STREET, LLC",,2026-07-13 23:58:36 -0400,2026-07-13 23:58:36 -0400,50
46429,baltimore:parcels,4072 001,4072 001,2801 GREENMOUNT AVE,2801 GREENMOUNT AVE,,C/53000,BRENTWOOD VILLAGE LLC,,2026-07-13 23:58:36 -0400,2026-07-13 23:58:36 -0400,2
46430,baltimore:parcels,4072 013,4072 013,500 EXETER HALL AVE,500 EXETER HALL AVE,2844,C/58100,WAVERLY COMMONS LLC,,2026-07-13 23:58:36 -0400,2026-07-13 23:58:36 -0400,0
46431,baltimore:parcels,4072 016,4072 016,2857 GREENMOUNT AVE,2857 GREENMOUNT AVE,2497,C/59990,"HOLLY, DARRIN K",,2026-07-13 23:58:36 -0400,2026-07-13 23:58:36 -0400,26
46432,baltimore:parcels,4072 018,4072 018,2863 GREENMOUNT AVE,2863 GREENMOUNT AVE,2821,C/59991,ZETA SIGMA FOUNDATION INC,,2026-07-13 23:58:36 -0400,2026-07-13 23:58:36 -0400,15
46434,baltimore:parcels,4072A001,4072A001,2901 GREENMOUNT AVE,2901 GREENMOUNT AVE,2856,C/59991,"SHI, DONNA",,2026-07-13 23:58:36 -0400,2026-07-13 23:58:36 -0400,17
46435,baltimore:parcels,4072A002,4072A002,2903 GREENMOUNT AVE,2903 GREENMOUNT AVE,1800,C/63760,PERLITE PRODUCTS INC,,2026-07-13 23:58:36 -0400,2026-07-13 23:58:36 -0400,35
46436,baltimore:parcels,4072A002A,4072A002A,2907 GREENMOUNT AVE,2907 GREENMOUNT AVE,2010,C/63760,TSP LLC,,2026-07-13 23:58:36 -0400,2026-07-13 23:58:36 -0400,33
46437,baltimore:parcels,4072A003,4072A003,2911 GREENMOUNT AVE,2911 GREENMOUNT AVE,3560,C/59990,"HOLLY, DARRIN K.",,2026-07-13 23:58:36 -0400,2026-07-13 23:58:36 -0400,32
46438,baltimore:parcels,4072A004,4072A004,2913 GREENMOUNT AVE,2913 GREENMOUNT AVE,2064,C/11230,"HOLLY, DARRIN",,2026-07-13 23:58:36 -0400,2026-07-13 23:58:36 -0400,20
46439,baltimore:parcels,4072A005,4072A005,2915 GREENMOUNT AVE,2915 GREENMOUNT AVE,2040,C/59991,"HOLLY, DARRIN K",,2026-07-13 23:58:36 -0400,2026-07-13 23:58:36 -0400,16
46440,baltimore:parcels,4074 001,4074 001,3001 GREENMOUNT AVE,3001 GREENMOUNT AVE,1846,C/58201,JHQ PROPERTIES L.L.C.,,2026-07-13 23:58:36 -0400,2026-07-13 23:58:36 -0400,44
46441,baltimore:parcels,4074 002,4074 002,3005 GREENMOUNT AVE,3005 GREENMOUNT AVE,5304,C/66230,"JHQ PROPERTIES, L.L.C.,",,2026-07-13 23:58:36 -0400,2026-07-13 23:58:36 -0400,63
46442,baltimore:parcels,4074 004,4074 004,3009 GREENMOUNT AVE,3009 GREENMOUNT AVE,5022,EC/69190,"BIT COMMUNITY CENTER, INC",,2026-07-13 23:58:36 -0400,2026-07-13 23:58:36 -0400,70
46443,baltimore:parcels,4074 005,4074 005,3009 1/2 GREENMOUNT AVE,3009 1/2 GREENMOUNT AVE,5372,EC/69116,ST. JOHNS CHURCH VESTRY,,2026-07-13 23:58:36 -0400,2026-07-13 23:58:36 -0400,230
46444,baltimore:parcels,4074 006,4074 006,3001 OLD YORK ROAD,3001 OLD YORK RD,4205,EC/12530,ST JOHNS CHURCH VESTRY,,2026-07-13 23:58:36 -0400,2026-07-13 23:58:36 -0400,135
46446,baltimore:parcels,4074C001,4074C001,600 E 31ST ST,600 E 31ST ST,0,C/46000,"3015 GREENMOUNT AVENUE, LLC",,2026-07-13 23:58:36 -0400,2026-07-13 23:58:36 -0400,58
46447,baltimore:parcels,4075 001,4075 001,601 HOMESTEAD ST,601 HOMESTEAD ST,8820,C/11110,VEI WAVERLY II LLC,,2026-07-13 23:58:36 -0400,2026-07-13 23:58:36 -0400,0
46448,baltimore:parcels,4075 010,4075 010,3103 TINGES LANE,3103 TINGES LN,1440,C/64110,"SZILLAT, ERNST (LIFE)",,2026-07-13 23:58:36 -0400,2026-07-13 23:58:36 -0400,38
46449,baltimore:parcels,4075 013,4075 013,3101 TINGES LANE,3101 TINGES LN,0,C/91020,"WILLIAMS, ROBERT D",,2026-07-13 23:58:36 -0400,2026-07-13 23:58:36 -0400,101
46450,baltimore:parcels,4075 015,4075 015,500 MONTPELIER ST,500 MONTPELIER ST,0,C/91010,"WILLIAMS, ROBERT D",,2026-07-13 23:58:36 -0400,2026-07-13 23:58:36 -0400,114
46451,baltimore:parcels,4076 001,4076 001,500 E 32ND ST,500 E 32ND ST,117,C/59930,"HARRISON, JAMES T.",,2026-07-13 23:58:36 -0400,2026-07-13 23:58:36 -0400,0
46452,baltimore:parcels,4076 001A,4076 001A,506 E 32ND ST,506 E 32ND ST,2440,C/62111,ZULFI INVESTMENTS LLC,,2026-07-13 23:58:36 -0400,2026-07-13 23:58:36 -0400,0
46453,baltimore:parcels,4076 002,4076 002,3201 GREENMOUNT AVE,3201 GREENMOUNT AVE,3192,C/56600,"KOO, KEW HOEA",,2026-07-13 23:58:36 -0400,2026-07-13 23:58:36 -0400,0
46454,baltimore:parcels,4076 003,4076 003,3203 GREENMOUNT AVE,3203 GREENMOUNT AVE,12746,C/58100,"MAVERICK 3203 GREENMOUNT, LLC",,2026-07-13 23:58:36 -0400,2026-07-13 23:58:36 -0400,0
46455,baltimore:parcels,4076 006,4076 006,3211 GREENMOUNT AVE,3211 GREENMOUNT AVE,7961,C/59320,MAVERICK 3203 GREENMOUNT LLC,,2026-07-13 23:58:36 -0400,2026-07-13 23:58:36 -0400,0
46456,baltimore:parcels,4076 007,4076 007,3213 GREENMOUNT AVE,3213 GREENMOUNT AVE,4368,C/54616,"LEE, JUNE K",,2026-07-13 23:58:36 -0400,2026-07-13 23:58:36 -0400,0
46457,baltimore:parcels,4076 008,4076 008,3217 GREENMOUNT AVE,3217 GREENMOUNT AVE,3130,C/57315,"ALSHOUBI, ABDALHAI",,2026-07-13 23:58:36 -0400,2026-07-13 23:58:36 -0400,0
46458,baltimore:parcels,4076 009,4076 009,3221 GREENMOUNT AVE,3221 GREENMOUNT AVE,2646,C/59700,SK LEE LLC,,2026-07-13 23:58:36 -0400,2026-07-13 23:58:36 -0400,0
46459,baltimore:parcels,4076 010,4076 010,3223 GREENMOUNT AVE,3223 GREENMOUNT AVE,2083,C/62110,"WAH, GARY CHIN",,2026-07-13 23:58:36 -0400,2026-07-13 23:58:36 -0400,0
46460,baltimore:parcels,4076 011,4076 011,501 E 33RD ST,501 E 33RD ST,2272,C/55300,501 E 33RD ST LLC,,2026-07-13 23:58:36 -0400,2026-07-13 23:58:36 -0400,0
46461,baltimore:parcels,4076 013,4076 013,511 GORSUCH AVE,511 GORSUCH AVE,968,C/62110,"WAH, GARY C",,2026-07-13 23:58:36 -0400,2026-07-13 23:58:36 -0400,0
46463,baltimore:parcels,4076 014,4076 014,515 GORSUCH AVE,515 GORSUCH AVE,1425,C/58100,"WAH, GARY C",,2026-07-13 23:58:36 -0400,2026-07-13 23:58:36 -0400,15
46464,baltimore:parcels,4076 016,4076 016,519 GORSUCH AVE,519 GORSUCH AVE,2850,C/58100,"HSDB, LLC",,2026-07-13 23:58:36 -0400,2026-07-13 23:58:36 -0400,0
46465,baltimore:parcels,4076 017,4076 017,521 GORSUCH AVE,521 GORSUCH AVE,2745,C/11110,SADWAAL ACQUISITION LLC,,2026-07-13 23:58:36 -0400,2026-07-13 23:58:36 -0400,0
46466,baltimore:parcels,4076 019,4076 019,525 GORSUCH AVE,525 GORSUCH AVE,1545,C/62511,"SADWAAL ACQUISITION, LLC",,2026-07-13 23:58:36 -0400,2026-07-13 23:58:36 -0400,15
46467,baltimore:parcels,4076A001,4076A001,3011 GREENMOUNT AVE,3011 GREENMOUNT AVE,4074,C/53010,"3015 GREENMOUNT AVENUE, LLC",,2026-07-13 23:58:36 -0400,2026-07-13 23:58:36 -0400,72
46468,baltimore:parcels,4076A003,4076A003,3015 GREENMOUNT AVE,3015 GREENMOUNT AVE,3272,C/82210,"3015 GREENMOUNT AVENUE, LLC",,2026-07-13 23:58:36 -0400,2026-07-13 23:58:36 -0400,34
46469,baltimore:parcels,4076A005,4076A005,3019 GREENMOUNT AVE,3019 GREENMOUNT AVE,1725,C/62321,"DENIZ, OZGUN",,2026-07-13 23:58:36 -0400,2026-07-13 23:58:36 -0400,16
46470,baltimore:parcels,4076A005A,4076A005A,3021 GREENMOUNT AVE,3021 GREENMOUNT AVE,1725,C/62531,"DENIZ, OZGUN",,2026-07-13 23:58:36 -0400,2026-07-13 23:58:36 -0400,16
46471,baltimore:parcels,4076A006,4076A006,3023 GREENMOUNT AVE,3023 GREENMOUNT AVE,1836,C/58201,VICTORY HOUSING LLC,,2026-07-13 23:58:36 -0400,2026-07-13 23:58:36 -0400,28
46472,baltimore:parcels,4076A007,4076A007,3029 GREENMOUNT AVE,3029 GREENMOUNT AVE,4050,C/61296,LIVING WELL SOLUTIONS LLC,,2026-07-13 23:58:36 -0400,2026-07-13 23:58:36 -0400,33
46473,baltimore:parcels,4076A008,4076A008,3031 GREENMOUNT AVE,3031 GREENMOUNT AVE,10327,EC/56500,BALTIMORE GOODWILL,,2026-07-13 23:58:36 -0400,2026-07-13 23:58:36 -0400,68
46474,baltimore:parcels,4076A010,4076A010,3107 GREENMOUNT AVE,3107 GREENMOUNT AVE,7003,C/61710,"3107 GREENMOUNT AVENUE, LLC",,2026-07-13 23:58:36 -0400,2026-07-13 23:58:36 -0400,47
46475,baltimore:parcels,4076A011,4076A011,3111 GREENMOUNT AVE,3111 GREENMOUNT AVE,1656,C/61110,"KIM, KWANG WON",,2026-07-13 23:58:36 -0400,2026-07-13 23:58:36 -0400,24
46476,baltimore:parcels,4076A012,4076A012,3113 GREENMOUNT AVE,3113 GREENMOUNT AVE,6012,C/59201,"AK HOME, LLC",,2026-07-13 23:58:36 -0400,2026-07-13 23:58:36 -0400,44
46477,baltimore:parcels,4076A014,4076A014,3117 GREENMOUNT AVE,3117 GREENMOUNT AVE,7000,C/57110,"3117 GREENMOUNT AVENUE, LLC",,2026-07-13 23:58:36 -0400,2026-07-13 23:58:36 -0400,34
46478,baltimore:parcels,4076A015,4076A015,3123 GREENMOUNT AVE,3123 GREENMOUNT AVE,8338,EC/67220,MAYOR AND CITY COUNCIL OF,,2026-07-13 23:58:36 -0400,2026-07-13 23:58:36 -0400,49
46479,baltimore:parcels,4076A016,4076A016,3127 GREENMOUNT AVE,3127 GREENMOUNT AVE,7592,C/63760,EXCHANGERIGHT NET-LEASED,,2026-07-13 23:58:36 -0400,2026-07-13 23:58:36 -0400,34
46480,baltimore:parcels,4076A017,4076A017,3133 GREENMOUNT AVE,3133 GREENMOUNT AVE,2655,C/59100,EXCHANGERIGHT NET-LEASED,,2026-07-13 23:58:36 -0400,2026-07-13 23:58:36 -0400,30
46481,baltimore:parcels,4076A023,4076A023,511 E 32ND ST,511 E 32ND ST,1040,C/62530,"ZULFI INVESTMENTS, LLC",,2026-07-13 23:58:36 -0400,2026-07-13 23:58:36 -0400,15
